alert_id,timestamp,alert_type,alert_label,severity,state,source,category,driver_name,driver_initials,driver_company,vehicle_plate,zone,location,speed_kmh,ai_recommendation,duplicated
TRG001400,2026-05-24T22:06:26,distraction,Driver Distraction,medium,closed,MNVR,Hourly Rental,Ibrahim Al Suwaidi,IS,Careem,DXB-P-52041,JBR,The Beach Promenade,,Schedule supervisor review,no
TRG002785,2026-05-24T22:05:30,camera,Camera Disconnection,medium,open,ETMP,Hourly Rental,Yousef Al Mansouri,YM,Careem,DXB-F-96344,Al Rashidiya,Rashidiya Metro Rd,,Verify cable connection at next stop,no
TRG001580,2026-05-24T22:04:52,harsh,Harsh Driving,high,closed,DS/Teams,Taxi,Karim Al Suwaidi,KS,Cars Taxi,DXB-S-34527,Downtown Dubai,Sheikh Mohammed Bin Rashid Blvd,108,Issue coaching alert to driver,no
TRG000419,2026-05-24T22:03:45,fatigue,Driver Fatigue,medium,closed,DS/Teams,Hourly Rental,Omar Al Mansouri,OM,Hala Rides,DXB-M-33574,Al Barsha,Mall of the Emirates,,Route to nearest rest stop,no
TRG000493,2026-05-24T22:03:12,distraction,Driver Distraction,low,open,DS/Teams,School Bus,Yousef Al Awadhi,YA,School Transport Services,DXB-S-7686,Deira,Al Maktoum Road,,"Acknowledge — minor, log only",no
TRG001883,2026-05-24T22:00:29,fatigue,Driver Fatigue,medium,open,MNVR,Taxi,Ahmed Al Tayer,AT,Metro Taxi,DXB-A-67715,JBR,Jumeirah Beach Residence,,Route to nearest rest stop,no
TRG001034,2026-05-24T21:59:25,distraction,Driver Distraction,low,open,MNVR,Limousine & E-Hail,Tariq Al Nuaimi,TN,Hala Rides,DXB-I-39203,Business Bay,Bay Avenue,,"Acknowledge — minor, log only",no
TRG002123,2026-05-24T21:59:22,harsh,Harsh Driving,medium,closed,DS/Teams,Taxi,Faisal Al Mazrouei,FM,Citi Taxi,DXB-R-88925,Downtown Dubai,Financial Center Rd,75,Issue coaching alert to driver,no
TRG001233,2026-05-24T21:58:58,fatigue,Driver Fatigue,high,open,MNVR,School Bus,Mahmoud Al Falasi,MF,Emirates Transport,DXB-S-2811,Mirdif,Tripoli Street,,Route to nearest rest stop,no
TRG002199,2026-05-24T21:58:31,signal,No Signal,medium,open,DS/Teams,Public Bus,Nasser Al Falasi,NF,Emirates Transport,DXB-B-7389,Dubai Marina,Sheikh Zayed Rd Junction,,Auto-resolve when signal restored,no
TRG001064,2026-05-24T21:58:01,signal,No Signal,medium,closed,MNVR,Taxi,Tariq Al Falasi,TF,Dubai Taxi Corporation,DXB-N-52146,Silicon Oasis,Dubai Silicon Oasis Hub,,Acknowledge — temporary blackout zone,no
TRG000065,2026-05-24T21:57:37,idling,Idling,low,closed,MNVR,Limousine & E-Hail,Saeed Al Marri,SM,Uber Fleet,DXB-F-78309,Dubai Marina,Marina Walk,,Flag for daily review,no
TRG000892,2026-05-24T21:57:32,idling,Idling,low,open,DS/Teams,Taxi,Fadi Al Mazrouei,FM,National Taxi,DXB-H-59726,Al Qusais,Beirut Street,,Send efficiency reminder to driver,no
TRG000150,2026-05-24T21:57:10,camera,Camera Disconnection,high,closed,DS/Teams,School Bus,Saeed Al Nuaimi,SN,Emirates Transport,DXB-S-2990,Jebel Ali,Ibn Battuta Road,,Verify cable connection at next stop,no
TRG002542,2026-05-24T21:57:04,signal,No Signal,high,closed,MNVR,Taxi,Ibrahim Al Qassimi,IQ,Citi Taxi,DXB-A-91408,Deira,Al Maktoum Road,,Re-establish GPS handshake,yes
TRG000447,2026-05-24T21:56:21,fatigue,Driver Fatigue,high,open,MNVR,Taxi,Ziad Al Nuaimi,ZN,Arabia Taxi,DXB-J-92969,Dubai Investment Park,Green Community,,Route to nearest rest stop,no
TRG000939,2026-05-24T21:55:10,fatigue,Driver Fatigue,medium,investigation,MNVR,Taxi,Tariq Al Qassimi,TQ,Arabia Taxi,DXB-L-67329,Dubai Investment Park,Schoolzone Rd,,Confirm with supervisor & monitor,no
TRG000606,2026-05-24T21:55:06,idling,Idling,low,open,DS/Teams,Taxi,Ibrahim Al Owais,IO,Citi Taxi,DXB-H-94050,Downtown Dubai,Sheikh Mohammed Bin Rashid Blvd,,Flag for daily review,no
TRG001116,2026-05-24T21:53:48,distraction,Driver Distraction,high,closed,MNVR,School Bus,Hassan Al Marri,HM,School Transport Services,DXB-S-8455,Dubai Marina,Marina Walk,,Send live coaching prompt to driver,no
TRG000614,2026-05-24T21:53:14,distraction,Driver Distraction,low,open,ETMP,Taxi,Marwan Al Tayer,MT,Dubai Taxi Corporation,DXB-D-49345,Silicon Oasis,Wadi Al Safa St,,Issue formal warning — 2nd offense,no
TRG002261,2026-05-24T21:52:56,signal,No Signal,low,open,DS/Teams,Taxi,Yousef Al Falasi,YF,Arabia Taxi,DXB-F-11007,Jebel Ali,Ibn Battuta Road,,Re-establish GPS handshake,no
TRG002527,2026-05-24T21:52:55,signal,No Signal,high,open,MNVR,School Bus,Omar Al Suwaidi,OS,School Transport Services,DXB-S-8007,Jebel Ali,Jebel Ali Free Zone,,Dispatch tech if persistent >15min,no
TRG001989,2026-05-24T21:52:04,fatigue,Driver Fatigue,medium,investigation,MNVR,Limousine & E-Hail,Ayman Al Marri,AM,Genie Limousine,DXB-R-18063,Deira,Al Rigga Road,,Override dispatch — pull from rotation,no
TRG002165,2026-05-24T21:52:00,distraction,Driver Distraction,medium,open,MNVR,Public Bus,Mansour Al Owais,MO,RTA Public Buses,DXB-B-4027,Al Barsha,Al Barsha Road,,Schedule supervisor review,no
TRG000012,2026-05-24T21:51:40,signal,No Signal,medium,open,DS/Teams,Taxi,Khalid Al Shamsi,KS,Citi Taxi,DXB-L-31894,Al Barsha,Al Barsha Road,,Dispatch tech if persistent >15min,no
TRG001216,2026-05-24T21:51:08,signal,No Signal,low,investigation,MNVR,Hourly Rental,Walid Al Marri,WM,Hala Rides,DXB-A-27893,Downtown Dubai,Burj Khalifa Blvd,,Auto-resolve when signal restored,yes
TRG001739,2026-05-24T21:50:54,harsh,Harsh Driving,high,open,MNVR,Public Bus,Omar Al Falasi,OF,RTA Public Buses,DXB-B-1041,JBR,The Walk,94,Log for end-of-shift review,no
TRG002503,2026-05-24T21:50:27,harsh,Harsh Driving,medium,stafteesh,ETMP,Marine,Hassan Al Qassimi,HQ,Dubai Marine Transport,MAR-811,Dubai Marina,Sheikh Zayed Rd Junction,76,Send to Stafteesh for fine assessment,no
TRG000695,2026-05-24T21:50:07,harsh,Harsh Driving,high,closed,DS/Teams,Taxi,Mansour Al Maktoum,MM,Arabia Taxi,DXB-E-42309,Al Barsha,Sheikh Zayed Road,118,Send to Stafteesh for fine assessment,no
TRG001025,2026-05-24T21:49:12,idling,Idling,low,closed,MNVR,Hourly Rental,Bilal Al Hammadi,BH,Careem,DXB-J-50062,JBR,Jumeirah Beach Residence,,Flag for daily review,no
TRG001713,2026-05-24T21:49:09,signal,No Signal,high,closed,MNVR,Public Bus,Mahmoud Al Shamsi,MS,Emirates Transport,DXB-B-5943,Jumeirah,Umm Suqeim Road,,Acknowledge — temporary blackout zone,no
TRG002316,2026-05-24T21:49:03,fatigue,Driver Fatigue,low,open,MNVR,School Bus,Hassan Al Hashimi,HH,Emirates Transport,DXB-S-8387,Dubai Marina,Al Marsa Street,,Instruct driver to take mandatory break,no
TRG000281,2026-05-24T21:47:08,fatigue,Driver Fatigue,high,acknowledged,DS/Teams,Taxi,Hassan Al Qassimi,HQ,Arabia Taxi,DXB-O-17957,Downtown Dubai,Mohammed Bin Rashid Blvd,,Instruct driver to take mandatory break,no
TRG000637,2026-05-24T21:45:42,distraction,Driver Distraction,high,closed,MNVR,Taxi,Khalid Al Naqbi,KN,Citi Taxi,DXB-D-57875,Dubai Sports City,Els Club Rd,,Issue formal warning — 2nd offense,no
TRG002470,2026-05-24T21:44:27,signal,No Signal,medium,acknowledged,DS/Teams,Hourly Rental,Fadi Al Owais,FO,Careem,DXB-H-25635,Al Qusais,Beirut Street,,Acknowledge — temporary blackout zone,no
TRG000455,2026-05-24T21:43:52,distraction,Driver Distraction,medium,open,MNVR,Limousine & E-Hail,Sultan Al Shamsi,SS,Yango Premium,DXB-I-68544,Jebel Ali,Ibn Battuta Road,,Schedule supervisor review,no
TRG000109,2026-05-24T21:43:38,camera,Camera Disconnection,high,investigation,ETMP,Public Bus,Karim Al Naqbi,KN,Emirates Transport,DXB-B-8314,Al Barsha,Sheikh Zayed Road,,Dispatch field tech — recurring issue,yes
TRG000084,2026-05-24T21:43:30,harsh,Harsh Driving,medium,stafteesh,ETMP,Limousine & E-Hail,Saeed Al Falasi,SF,Careem,DXB-J-51830,Deira,Al Maktoum Road,70,Send to Stafteesh for fine assessment,no
TRG002435,2026-05-24T21:43:17,harsh,Harsh Driving,low,closed,DS/Teams,Public Bus,Walid Al Nuaimi,WN,Emirates Transport,DXB-B-6005,JBR,Jumeirah Beach Residence,51,Escalate to safety review board,no
TRG001826,2026-05-24T21:42:53,distraction,Driver Distraction,low,open,DS/Teams,Public Bus,Mahmoud Al Tayer,MT,Emirates Transport,DXB-B-9783,Jumeirah,Umm Suqeim Road,,Issue formal warning — 2nd offense,no
TRG002551,2026-05-24T21:42:34,signal,No Signal,medium,open,DS/Teams,School Bus,Mohammed Al Zaabi,MZ,Emirates Transport,DXB-S-4714,Dubai Marina,Sheikh Zayed Rd Junction,,Dispatch tech if persistent >15min,no
TRG001463,2026-05-24T21:41:31,fatigue,Driver Fatigue,medium,investigation,DS/Teams,Taxi,Saeed Al Hashimi,SH,Metro Taxi,DXB-Q-60587,JBR,The Beach Promenade,,Confirm with supervisor & monitor,no
TRG001219,2026-05-24T21:38:36,signal,No Signal,medium,closed,DS/Teams,Public Bus,Fadi Al Marri,FM,Emirates Transport,DXB-B-5882,Jebel Ali,Sheikh Zayed Road,,Dispatch tech if persistent >15min,no
TRG001984,2026-05-24T21:38:15,fatigue,Driver Fatigue,medium,open,DS/Teams,Taxi,Nasser Al Suwaidi,NS,Cars Taxi,DXB-P-67138,Deira,Al Maktoum Road,,Override dispatch — pull from rotation,no
TRG002623,2026-05-24T21:37:55,signal,No Signal,high,acknowledged,MNVR,Marine,Ahmed Al Marri,AM,Dubai Marine Transport,MAR-313,Mirdif,Algeria Street,,Dispatch tech if persistent >15min,no
TRG000153,2026-05-24T21:36:38,signal,No Signal,low,acknowledged,ETMP,Hourly Rental,Fadi Al Mansouri,FM,Al Naboodah Transport,DXB-M-98461,Deira,Al Rigga Road,,Acknowledge — temporary blackout zone,no
TRG000259,2026-05-24T21:36:26,distraction,Driver Distraction,high,closed,ETMP,Public Bus,Saeed Al Marri,SM,Emirates Transport,DXB-B-8962,Downtown Dubai,Sheikh Mohammed Bin Rashid Blvd,,Send live coaching prompt to driver,no
TRG001413,2026-05-24T21:36:18,harsh,Harsh Driving,medium,closed,MNVR,Public Bus,Ayman Al Shamsi,AS,RTA Public Buses,DXB-B-4180,Silicon Oasis,Sheikh Mohammed Bin Zayed Rd,66,Issue coaching alert to driver,no
TRG000379,2026-05-24T21:35:27,camera,Camera Disconnection,high,closed,DS/Teams,Taxi,Karim Al Marri,KM,Arabia Taxi,DXB-G-30964,Al Barsha,Al Barsha Road,,Escalate to fleet maintenance,no
TRG001662,2026-05-24T21:34:31,camera,Camera Disconnection,medium,investigation,ETMP,Limousine & E-Hail,Yousef Al Shamsi,YS,Careem,DXB-R-17608,Downtown Dubai,Sheikh Mohammed Bin Rashid Blvd,,Verify cable connection at next stop,no
TRG000877,2026-05-24T21:34:18,distraction,Driver Distraction,low,closed,MNVR,Taxi,Khalid Al Naqbi,KN,Metro Taxi,DXB-M-82761,Al Quoz,Al Khail Road,,Send live coaching prompt to driver,no
TRG002279,2026-05-24T21:33:57,idling,Idling,low,investigation,DS/Teams,School Bus,Bilal Al Shamsi,BS,Emirates Transport,DXB-S-8383,Business Bay,Bay Avenue,,Flag for daily review,no
TRG000855,2026-05-24T21:33:56,harsh,Harsh Driving,high,acknowledged,ETMP,Taxi,Nasser Al Nuaimi,NN,Cars Taxi,DXB-M-88871,Al Qusais,Beirut Street,135,Send to Stafteesh for fine assessment,no
TRG002276,2026-05-24T21:33:46,fatigue,Driver Fatigue,low,acknowledged,DS/Teams,School Bus,Karim Al Nuaimi,KN,School Transport Services,DXB-S-9226,Business Bay,Bay Avenue,,Confirm with supervisor & monitor,yes
TRG002231,2026-05-24T21:33:37,harsh,Harsh Driving,medium,investigation,MNVR,Taxi,Hassan Al Qassimi,HQ,Metro Taxi,DXB-I-23356,Silicon Oasis,Sheikh Mohammed Bin Zayed Rd,78,Issue coaching alert to driver,no
TRG000042,2026-05-24T21:33:02,signal,No Signal,high,investigation,MNVR,Taxi,Sultan Al Awadhi,SA,Metro Taxi,DXB-H-49431,Mirdif,Mirdif City Centre Rd,,Auto-resolve when signal restored,no
TRG001584,2026-05-24T21:32:35,idling,Idling,medium,acknowledged,MNVR,School Bus,Hamad Al Falasi,HF,Emirates Transport,DXB-S-8655,Dubai Investment Park,Green Community,,Acknowledge — within tolerance,no
TRG002112,2026-05-24T21:31:53,idling,Idling,medium,open,DS/Teams,Taxi,Bilal Al Awadhi,BA,Metro Taxi,DXB-A-87045,Dubai Marina,King Salman Bin Abdulaziz Al Saud St,,Acknowledge — within tolerance,no
TRG002398,2026-05-24T21:30:37,harsh,Harsh Driving,high,closed,DS/Teams,Hourly Rental,Hassan Al Tayer,HT,Careem,DXB-P-45383,Dubai Marina,Marina Walk,135,Escalate to safety review board,no
TRG000515,2026-05-24T21:30:34,distraction,Driver Distraction,medium,closed,ETMP,School Bus,Rashid Al Zaabi,RZ,School Transport Services,DXB-S-4512,Downtown Dubai,Mohammed Bin Rashid Blvd,,Schedule supervisor review,no
TRG000724,2026-05-24T21:30:15,fatigue,Driver Fatigue,low,open,DS/Teams,Limousine & E-Hail,Hassan Al Qassimi,HQ,Careem,DXB-S-81352,Al Quoz,Al Meydan Road,,Confirm with supervisor & monitor,no
TRG001305,2026-05-24T21:29:35,fatigue,Driver Fatigue,low,open,MNVR,Limousine & E-Hail,Adel Al Mazrouei,AM,Yango Premium,DXB-P-99746,Business Bay,Al Abraj Street,,Confirm with supervisor & monitor,yes
TRG002740,2026-05-24T21:28:23,harsh,Harsh Driving,medium,open,DS/Teams,Limousine & E-Hail,Tariq Al Shamsi,TS,Genie Limousine,DXB-C-25389,Dubai Sports City,Hessa Street,78,Log for end-of-shift review,no
TRG001515,2026-05-24T21:28:03,harsh,Harsh Driving,medium,closed,MNVR,Public Bus,Rashid Al Falasi,RF,Emirates Transport,DXB-B-8072,JBR,The Walk,77,Escalate to safety review board,no
TRG001041,2026-05-24T21:27:38,camera,Camera Disconnection,low,closed,ETMP,School Bus,Hamad Al Hammadi,HH,School Transport Services,DXB-S-3961,Downtown Dubai,Sheikh Mohammed Bin Rashid Blvd,,Verify cable connection at next stop,no
TRG000172,2026-05-24T21:26:44,camera,Camera Disconnection,medium,closed,ETMP,Public Bus,Fadi Al Naqbi,FN,Emirates Transport,DXB-B-3580,Downtown Dubai,Burj Khalifa Blvd,,Escalate to fleet maintenance,no
TRG000328,2026-05-24T21:25:28,harsh,Harsh Driving,high,open,MNVR,Taxi,Omar Al Suwaidi,OS,Citi Taxi,DXB-R-21742,Mirdif,Mirdif City Centre Rd,129,Escalate to safety review board,no
TRG001896,2026-05-24T21:24:47,distraction,Driver Distraction,medium,closed,DS/Teams,Public Bus,Walid Al Tayer,WT,RTA Public Buses,DXB-B-7398,Jebel Ali,Jebel Ali Free Zone,,Schedule supervisor review,no
TRG000097,2026-05-24T21:24:01,camera,Camera Disconnection,low,stafteesh,DS/Teams,Limousine & E-Hail,Mahmoud Al Awadhi,MA,Yango Premium,DXB-H-61375,Downtown Dubai,Financial Center Rd,,Run firmware reset remotely,no
TRG002280,2026-05-24T21:23:02,idling,Idling,low,open,MNVR,Taxi,Omar Al Awadhi,OA,Arabia Taxi,DXB-K-93450,Downtown Dubai,Financial Center Rd,,Flag for daily review,no
TRG002045,2026-05-24T21:22:08,fatigue,Driver Fatigue,low,open,ETMP,Taxi,Yousef Al Maktoum,YM,Arabia Taxi,DXB-Q-30982,Downtown Dubai,Burj Khalifa Blvd,,Instruct driver to take mandatory break,no
TRG000216,2026-05-24T21:21:25,fatigue,Driver Fatigue,high,escalated,MNVR,Taxi,Ziad Al Tayer,ZT,Citi Taxi,DXB-K-60789,Business Bay,Marasi Drive,,Confirm with supervisor & monitor,no
TRG001523,2026-05-24T21:20:53,fatigue,Driver Fatigue,high,acknowledged,MNVR,Limousine & E-Hail,Sultan Al Nuaimi,SN,Hala Rides,DXB-F-72966,Jebel Ali,Ibn Battuta Road,,Confirm with supervisor & monitor,yes
TRG001458,2026-05-24T21:20:06,idling,Idling,medium,fined,DS/Teams,Taxi,Karim Al Zaabi,KZ,Citi Taxi,DXB-Q-89783,Business Bay,Al Abraj Street,,Flag for daily review,no
TRG002041,2026-05-24T21:19:30,idling,Idling,medium,acknowledged,MNVR,School Bus,Bilal Al Suwaidi,BS,School Transport Services,DXB-S-8205,Dubai Sports City,Hessa Street,,Auto-close — under 5min,no
TRG002566,2026-05-24T21:19:23,fatigue,Driver Fatigue,medium,investigation,MNVR,Taxi,Salim Al Awadhi,SA,Citi Taxi,DXB-C-24463,Deira,Gold Souq Street,,Instruct driver to take mandatory break,no
TRG000235,2026-05-24T21:18:35,idling,Idling,medium,closed,MNVR,Taxi,Walid Al Marri,WM,Citi Taxi,DXB-F-74560,JBR,Jumeirah Beach Residence,,Auto-close — under 5min,no
TRG000351,2026-05-24T21:18:15,camera,Camera Disconnection,high,open,DS/Teams,Public Bus,Rashid Al Suwaidi,RS,RTA Public Buses,DXB-B-6002,Deira,Gold Souq Street,,Run firmware reset remotely,no
TRG002701,2026-05-24T21:17:59,fatigue,Driver Fatigue,medium,open,MNVR,Public Bus,Mansour Al Marri,MM,RTA Public Buses,DXB-B-4783,Al Barsha,Sheikh Zayed Road,,Confirm with supervisor & monitor,no
TRG000297,2026-05-24T21:17:51,camera,Camera Disconnection,high,fined,MNVR,Taxi,Mohammed Al Hashimi,MH,Dubai Taxi Corporation,DXB-C-21598,Deira,Baniyas Square,,Verify cable connection at next stop,no
TRG002636,2026-05-24T21:17:36,fatigue,Driver Fatigue,medium,open,DS/Teams,Limousine & E-Hail,Salim Al Qassimi,SQ,Yango Premium,DXB-J-10497,Deira,Baniyas Square,,Route to nearest rest stop,no
TRG002360,2026-05-24T21:17:01,harsh,Harsh Driving,high,acknowledged,ETMP,Public Bus,Ziad Al Awadhi,ZA,RTA Public Buses,DXB-B-5428,Business Bay,Business Bay Crossing,97,Escalate to safety review board,no
TRG001310,2026-05-24T21:14:37,camera,Camera Disconnection,medium,closed,ETMP,School Bus,Yousef Al Maktoum,YM,School Transport Services,DXB-S-8548,JBR,The Walk,,Escalate to fleet maintenance,no
TRG000627,2026-05-24T21:14:09,distraction,Driver Distraction,medium,investigation,MNVR,Public Bus,Saeed Al Maktoum,SM,Emirates Transport,DXB-B-6497,Al Barsha,Sheikh Zayed Road,,Send live coaching prompt to driver,no
TRG000645,2026-05-24T21:12:52,harsh,Harsh Driving,low,investigation,DS/Teams,Taxi,Mahmoud Al Falasi,MF,Cars Taxi,DXB-Q-94342,Downtown Dubai,Mohammed Bin Rashid Blvd,46,Escalate to safety review board,no
TRG000501,2026-05-24T21:12:51,fatigue,Driver Fatigue,low,stafteesh,MNVR,Taxi,Mohammed Al Hashimi,MH,Metro Taxi,DXB-D-85309,Jumeirah,Umm Suqeim Road,,Instruct driver to take mandatory break,no
TRG000217,2026-05-24T21:12:45,harsh,Harsh Driving,high,open,DS/Teams,Public Bus,Walid Al Owais,WO,Emirates Transport,DXB-B-1897,Downtown Dubai,Burj Khalifa Blvd,115,Send to Stafteesh for fine assessment,no
TRG001364,2026-05-24T21:11:33,distraction,Driver Distraction,medium,closed,MNVR,Public Bus,Marwan Al Falasi,MF,RTA Public Buses,DXB-B-3178,Jumeirah,Umm Suqeim Road,,"Acknowledge — minor, log only",no
TRG002724,2026-05-24T21:11:25,camera,Camera Disconnection,medium,closed,MNVR,Limousine & E-Hail,Ibrahim Al Zaabi,IZ,Yango Premium,DXB-H-11145,Dubai Investment Park,Schoolzone Rd,,Run firmware reset remotely,no
TRG001767,2026-05-24T21:11:24,idling,Idling,low,investigation,DS/Teams,Limousine & E-Hail,Faisal Al Tayer,FT,Hala Rides,DXB-E-16060,JBR,The Beach Promenade,,Send efficiency reminder to driver,no
TRG002753,2026-05-24T21:10:04,distraction,Driver Distraction,high,open,MNVR,Limousine & E-Hail,Ibrahim Al Awadhi,IA,Uber Fleet,DXB-C-34676,Dubai Sports City,Sports City Boulevard,,Issue formal warning — 2nd offense,no
TRG002684,2026-05-24T21:09:35,harsh,Harsh Driving,high,open,ETMP,Limousine & E-Hail,Sultan Al Shamsi,SS,Careem,DXB-H-26610,Mirdif,Tripoli Street,94,Send to Stafteesh for fine assessment,no
TRG000403,2026-05-24T21:09:09,distraction,Driver Distraction,low,closed,MNVR,Public Bus,Ibrahim Al Hashimi,IH,RTA Public Buses,DXB-B-4742,JBR,Jumeirah Beach Residence,,"Acknowledge — minor, log only",no
TRG000545,2026-05-24T21:09:09,harsh,Harsh Driving,medium,open,DS/Teams,Marine,Mansour Al Maktoum,MM,Dubai Marine Transport,MAR-826,Dubai Marina,Al Marsa Street,78,Log for end-of-shift review,yes
TRG000592,2026-05-24T21:08:18,idling,Idling,low,fined,MNVR,Public Bus,Hassan Al Owais,HO,Emirates Transport,DXB-B-7853,Dubai Sports City,Sports City Boulevard,,Auto-close — under 5min,no
TRG001322,2026-05-24T21:07:51,idling,Idling,medium,open,ETMP,Hourly Rental,Adel Al Shamsi,AS,Al Naboodah Transport,DXB-O-15038,Al Barsha,Sheikh Zayed Road,,Acknowledge — within tolerance,no
TRG000798,2026-05-24T21:07:42,harsh,Harsh Driving,medium,closed,MNVR,Limousine & E-Hail,Faisal Al Mansouri,FM,Careem,DXB-P-19055,Al Rashidiya,Airport Road,77,Escalate to safety review board,no
TRG002147,2026-05-24T21:07:22,camera,Camera Disconnection,medium,closed,DS/Teams,Public Bus,Salim Al Hammadi,SH,RTA Public Buses,DXB-B-9069,Dubai Investment Park,Green Community,,Escalate to fleet maintenance,no
TRG002756,2026-05-24T21:06:58,fatigue,Driver Fatigue,medium,closed,MNVR,Hourly Rental,Karim Al Nuaimi,KN,Al Naboodah Transport,DXB-C-75899,Dubai Marina,Marina Walk,,Confirm with supervisor & monitor,no
TRG000376,2026-05-24T21:05:42,harsh,Harsh Driving,medium,open,MNVR,Taxi,Mohammed Al Suwaidi,MS,National Taxi,DXB-L-18662,Al Quoz,Al Meydan Road,89,Issue coaching alert to driver,yes
TRG001339,2026-05-24T21:05:20,camera,Camera Disconnection,low,investigation,MNVR,School Bus,Ahmed Al Awadhi,AA,Emirates Transport,DXB-S-9123,Al Barsha,Mall of the Emirates,,Escalate to fleet maintenance,no
TRG001446,2026-05-24T21:05:03,fatigue,Driver Fatigue,low,acknowledged,ETMP,School Bus,Hamad Al Falasi,HF,Emirates Transport,DXB-S-4278,Dubai Investment Park,Schoolzone Rd,,Override dispatch — pull from rotation,no
TRG001207,2026-05-24T21:03:25,harsh,Harsh Driving,high,open,ETMP,Limousine & E-Hail,Marwan Al Marri,MM,Genie Limousine,DXB-M-78539,Business Bay,Marasi Drive,87,Log for end-of-shift review,no
TRG000969,2026-05-24T21:03:17,fatigue,Driver Fatigue,medium,closed,MNVR,Taxi,Mahmoud Al Maktoum,MM,Citi Taxi,DXB-I-33724,Downtown Dubai,Financial Center Rd,,Route to nearest rest stop,no
TRG001811,2026-05-24T21:02:51,idling,Idling,medium,stafteesh,DS/Teams,Hourly Rental,Ziad Al Hammadi,ZH,Hala Rides,DXB-G-78728,JBR,The Walk,,Flag for daily review,no
TRG000482,2026-05-24T21:01:47,harsh,Harsh Driving,high,open,ETMP,School Bus,Walid Al Hashimi,WH,School Transport Services,DXB-S-6972,Jebel Ali,Sheikh Zayed Road,100,Issue coaching alert to driver,no
TRG001436,2026-05-24T21:01:43,fatigue,Driver Fatigue,high,closed,DS/Teams,Marine,Rashid Al Mazrouei,RM,Dubai Marine Transport,MAR-278,Downtown Dubai,Financial Center Rd,,Instruct driver to take mandatory break,no
TRG000166,2026-05-24T21:01:40,idling,Idling,medium,fined,DS/Teams,Public Bus,Hamad Al Hammadi,HH,RTA Public Buses,DXB-B-6758,Al Qusais,Damascus Street,,Send efficiency reminder to driver,no
TRG002285,2026-05-24T21:00:58,idling,Idling,high,stafteesh,DS/Teams,Public Bus,Nasser Al Naqbi,NN,RTA Public Buses,DXB-B-8976,Deira,Al Rigga Road,,Send efficiency reminder to driver,no
TRG000615,2026-05-24T21:00:48,harsh,Harsh Driving,high,stafteesh,MNVR,Hourly Rental,Faisal Al Naqbi,FN,Careem,DXB-O-71668,Dubai Marina,Marina Walk,99,Escalate to safety review board,no
TRG001382,2026-05-24T20:59:21,camera,Camera Disconnection,high,open,MNVR,Taxi,Adel Al Suwaidi,AS,Metro Taxi,DXB-Q-34174,Al Barsha,Al Barsha Road,,Run firmware reset remotely,no
TRG000480,2026-05-24T20:57:41,signal,No Signal,low,closed,ETMP,Public Bus,Walid Al Shamsi,WS,Emirates Transport,DXB-B-8770,Deira,Baniyas Square,,Dispatch tech if persistent >15min,no
TRG000628,2026-05-24T20:57:26,fatigue,Driver Fatigue,medium,closed,ETMP,School Bus,Adel Al Owais,AO,Emirates Transport,DXB-S-7515,Downtown Dubai,Mohammed Bin Rashid Blvd,,Override dispatch — pull from rotation,no
TRG002067,2026-05-24T20:57:02,fatigue,Driver Fatigue,low,closed,DS/Teams,Taxi,Ayman Al Mazrouei,AM,Dubai Taxi Corporation,DXB-R-66616,Business Bay,Bay Avenue,,Confirm with supervisor & monitor,no
TRG000404,2026-05-24T20:56:37,harsh,Harsh Driving,medium,investigation,MNVR,Taxi,Adel Al Maktoum,AM,Dubai Taxi Corporation,DXB-S-12756,Dubai Sports City,Sports City Boulevard,80,Send to Stafteesh for fine assessment,no
TRG001384,2026-05-24T20:56:30,harsh,Harsh Driving,medium,open,ETMP,Taxi,Adel Al Zaabi,AZ,Citi Taxi,DXB-C-18516,Business Bay,Business Bay Crossing,76,Send to Stafteesh for fine assessment,no
TRG001962,2026-05-24T20:55:07,distraction,Driver Distraction,medium,open,DS/Teams,Taxi,Ayman Al Mansouri,AM,Citi Taxi,DXB-P-53889,Al Quoz,Al Khail Road,,Send live coaching prompt to driver,no
TRG002672,2026-05-24T20:54:04,idling,Idling,medium,fined,ETMP,Taxi,Nasser Al Mansouri,NM,Metro Taxi,DXB-R-83936,Downtown Dubai,Sheikh Mohammed Bin Rashid Blvd,,Auto-close — under 5min,no
TRG001719,2026-05-24T20:53:22,fatigue,Driver Fatigue,high,closed,DS/Teams,Taxi,Rashid Al Nuaimi,RN,Cars Taxi,DXB-C-94912,Al Barsha,Mall of the Emirates,,Route to nearest rest stop,no
TRG000034,2026-05-24T20:52:45,harsh,Harsh Driving,medium,stafteesh,DS/Teams,Limousine & E-Hail,Nasser Al Mansouri,NM,Yango Premium,DXB-R-22051,Al Barsha,Sheikh Zayed Road,81,Issue coaching alert to driver,no
TRG001545,2026-05-24T20:52:41,harsh,Harsh Driving,high,stafteesh,DS/Teams,Public Bus,Ayman Al Mansouri,AM,Emirates Transport,DXB-B-8759,Downtown Dubai,Mohammed Bin Rashid Blvd,131,Issue coaching alert to driver,yes
TRG001508,2026-05-24T20:51:26,fatigue,Driver Fatigue,high,open,DS/Teams,Taxi,Tariq Al Hammadi,TH,Dubai Taxi Corporation,DXB-H-41447,Al Qusais,Beirut Street,,Confirm with supervisor & monitor,no
TRG002341,2026-05-24T20:50:41,harsh,Harsh Driving,high,closed,DS/Teams,Hourly Rental,Salim Al Falasi,SF,Al Naboodah Transport,DXB-G-23932,Al Rashidiya,Rashidiya Metro Rd,110,Issue coaching alert to driver,no
TRG000653,2026-05-24T20:50:34,distraction,Driver Distraction,high,investigation,ETMP,Taxi,Ibrahim Al Marri,IM,Arabia Taxi,DXB-M-46432,Jumeirah,Jumeirah Beach Road,,Issue formal warning — 2nd offense,no
TRG000791,2026-05-24T20:50:12,distraction,Driver Distraction,medium,closed,MNVR,Taxi,Khalid Al Naqbi,KN,Arabia Taxi,DXB-I-55464,Jumeirah,Umm Suqeim Road,,Issue formal warning — 2nd offense,no
TRG002029,2026-05-24T20:48:55,fatigue,Driver Fatigue,medium,open,MNVR,Public Bus,Hamad Al Falasi,HF,RTA Public Buses,DXB-B-1847,Jebel Ali,Ibn Battuta Road,,Instruct driver to take mandatory break,no
TRG000349,2026-05-24T20:48:48,harsh,Harsh Driving,high,acknowledged,DS/Teams,Taxi,Salim Al Hashimi,SH,Metro Taxi,DXB-B-40956,Al Barsha,Mall of the Emirates,107,Escalate to safety review board,no
TRG002059,2026-05-24T20:48:19,idling,Idling,low,closed,MNVR,School Bus,Ahmed Al Mansouri,AM,School Transport Services,DXB-S-1043,Al Quoz,Al Khail Road,,Acknowledge — within tolerance,no
TRG000570,2026-05-24T20:47:17,harsh,Harsh Driving,low,open,MNVR,School Bus,Tariq Al Tayer,TT,Emirates Transport,DXB-S-2089,Silicon Oasis,Dubai Silicon Oasis Hub,67,Escalate to safety review board,no
TRG001184,2026-05-24T20:47:12,signal,No Signal,low,acknowledged,DS/Teams,School Bus,Salim Al Awadhi,SA,Emirates Transport,DXB-S-7965,Jebel Ali,Jebel Ali Free Zone,,Re-establish GPS handshake,no
TRG002709,2026-05-24T20:47:02,signal,No Signal,high,acknowledged,ETMP,Marine,Sultan Al Hashimi,SH,Dubai Marine Transport,MAR-400,Deira,Baniyas Square,,Acknowledge — temporary blackout zone,yes
TRG000336,2026-05-24T20:46:26,signal,No Signal,medium,escalated,MNVR,Limousine & E-Hail,Ahmed Al Zaabi,AZ,Uber Fleet,DXB-G-18524,Al Quoz,Al Khail Road,,Dispatch tech if persistent >15min,no
TRG000125,2026-05-24T20:45:03,fatigue,Driver Fatigue,high,escalated,MNVR,Public Bus,Saeed Al Shamsi,SS,Emirates Transport,DXB-B-7746,Jebel Ali,Jebel Ali Free Zone,,Route to nearest rest stop,no
TRG002318,2026-05-24T20:43:43,distraction,Driver Distraction,high,fined,DS/Teams,Taxi,Khalid Al Nuaimi,KN,Citi Taxi,DXB-E-50510,Business Bay,Al Abraj Street,,Schedule supervisor review,no
TRG000765,2026-05-24T20:43:41,camera,Camera Disconnection,medium,open,ETMP,Taxi,Hassan Al Owais,HO,Cars Taxi,DXB-T-21251,Jumeirah,Umm Suqeim Road,,Dispatch field tech — recurring issue,no
TRG000693,2026-05-24T20:42:50,fatigue,Driver Fatigue,high,investigation,DS/Teams,Limousine & E-Hail,Karim Al Naqbi,KN,Genie Limousine,DXB-D-85959,Jebel Ali,Ibn Battuta Road,,Confirm with supervisor & monitor,no
TRG000360,2026-05-24T20:42:41,idling,Idling,low,acknowledged,DS/Teams,Limousine & E-Hail,Ibrahim Al Tayer,IT,Uber Fleet,DXB-M-14173,Jebel Ali,Ibn Battuta Road,,Send efficiency reminder to driver,no
TRG000779,2026-05-24T20:42:41,fatigue,Driver Fatigue,medium,acknowledged,ETMP,School Bus,Mohammed Al Maktoum,MM,Emirates Transport,DXB-S-6434,JBR,Jumeirah Beach Residence,,Override dispatch — pull from rotation,no
TRG000284,2026-05-24T20:42:06,signal,No Signal,medium,open,MNVR,Limousine & E-Hail,Ayman Al Zaabi,AZ,Genie Limousine,DXB-R-94990,Al Barsha,Sheikh Zayed Road,,Acknowledge — temporary blackout zone,no
TRG001560,2026-05-24T20:41:54,fatigue,Driver Fatigue,medium,open,ETMP,Taxi,Marwan Al Marri,MM,Metro Taxi,DXB-M-14119,Mirdif,Tripoli Street,,Confirm with supervisor & monitor,no
TRG002741,2026-05-24T20:41:46,fatigue,Driver Fatigue,medium,investigation,MNVR,Limousine & E-Hail,Marwan Al Hashimi,MH,Careem,DXB-N-91254,JBR,The Beach Promenade,,Confirm with supervisor & monitor,no
TRG000289,2026-05-24T20:41:30,signal,No Signal,high,open,DS/Teams,Limousine & E-Hail,Hassan Al Qassimi,HQ,Hala Rides,DXB-F-20515,Jebel Ali,Sheikh Zayed Road,,Auto-resolve when signal restored,no
TRG002012,2026-05-24T20:41:08,harsh,Harsh Driving,high,open,DS/Teams,Public Bus,Ayman Al Tayer,AT,Emirates Transport,DXB-B-9081,Al Barsha,Sheikh Zayed Road,97,Log for end-of-shift review,no
TRG001123,2026-05-24T20:41:07,fatigue,Driver Fatigue,high,closed,DS/Teams,Taxi,Sultan Al Maktoum,SM,Cars Taxi,DXB-C-58224,Al Barsha,Sheikh Zayed Road,,Route to nearest rest stop,no
TRG000381,2026-05-24T20:41:02,distraction,Driver Distraction,medium,closed,MNVR,Hourly Rental,Sultan Al Suwaidi,SS,Careem,DXB-R-88841,Jebel Ali,Jebel Ali Free Zone,,Schedule supervisor review,no
TRG001262,2026-05-24T20:40:55,idling,Idling,medium,open,DS/Teams,Taxi,Yousef Al Zaabi,YZ,Arabia Taxi,DXB-P-82609,Jumeirah,Jumeirah Beach Road,,Flag for daily review,no
TRG001956,2026-05-24T20:40:53,fatigue,Driver Fatigue,low,closed,MNVR,Public Bus,Ziad Al Maktoum,ZM,Emirates Transport,DXB-B-5774,Dubai Marina,Marina Walk,,Override dispatch — pull from rotation,no
TRG002472,2026-05-24T20:40:23,distraction,Driver Distraction,medium,investigation,DS/Teams,Taxi,Rashid Al Mazrouei,RM,Metro Taxi,DXB-Q-73711,Al Rashidiya,Airport Road,,Send live coaching prompt to driver,yes
TRG001389,2026-05-24T20:40:21,idling,Idling,low,escalated,DS/Teams,Limousine & E-Hail,Nasser Al Hammadi,NH,Careem,DXB-O-71818,JBR,Jumeirah Beach Residence,,Flag for daily review,no
TRG002578,2026-05-24T20:40:16,signal,No Signal,medium,open,DS/Teams,School Bus,Mohammed Al Naqbi,MN,Emirates Transport,DXB-S-6011,Deira,Baniyas Square,,Re-establish GPS handshake,no
TRG002526,2026-05-24T20:36:33,harsh,Harsh Driving,high,stafteesh,DS/Teams,Taxi,Mansour Al Marri,MM,National Taxi,DXB-N-35001,Business Bay,Bay Avenue,94,Issue coaching alert to driver,yes
TRG002163,2026-05-24T20:36:22,signal,No Signal,medium,fined,MNVR,Hourly Rental,Walid Al Owais,WO,Al Naboodah Transport,DXB-B-69266,Al Quoz,Al Asayel Street,,Dispatch tech if persistent >15min,no
TRG000944,2026-05-24T20:35:35,fatigue,Driver Fatigue,medium,open,MNVR,Limousine & E-Hail,Rashid Al Mansouri,RM,Hala Rides,DXB-Q-80539,JBR,The Walk,,Route to nearest rest stop,no
TRG000185,2026-05-24T20:34:02,idling,Idling,medium,closed,DS/Teams,Taxi,Yousef Al Hashimi,YH,National Taxi,DXB-S-73365,JBR,The Beach Promenade,,Send efficiency reminder to driver,no
TRG000770,2026-05-24T20:33:48,distraction,Driver Distraction,high,open,ETMP,Public Bus,Hamad Al Mazrouei,HM,RTA Public Buses,DXB-B-3031,Al Rashidiya,Rashidiya Metro Rd,,"Acknowledge — minor, log only",no
TRG002677,2026-05-24T20:33:42,fatigue,Driver Fatigue,medium,stafteesh,ETMP,Taxi,Hassan Al Nuaimi,HN,Citi Taxi,DXB-H-62475,Dubai Sports City,Els Club Rd,,Instruct driver to take mandatory break,no
TRG001957,2026-05-24T20:33:20,signal,No Signal,medium,open,ETMP,Public Bus,Marwan Al Shamsi,MS,RTA Public Buses,DXB-B-1536,Al Barsha,Mall of the Emirates,,Auto-resolve when signal restored,no
TRG001629,2026-05-24T20:32:41,signal,No Signal,medium,acknowledged,MNVR,Taxi,Adel Al Marri,AM,Arabia Taxi,DXB-O-36712,Dubai Marina,Sheikh Zayed Rd Junction,,Dispatch tech if persistent >15min,no
TRG000516,2026-05-24T20:31:43,harsh,Harsh Driving,medium,closed,MNVR,Taxi,Omar Al Falasi,OF,National Taxi,DXB-H-83697,Jumeirah,Jumeirah Beach Road,79,Issue coaching alert to driver,no
TRG000465,2026-05-24T20:30:43,fatigue,Driver Fatigue,high,acknowledged,DS/Teams,Public Bus,Mahmoud Al Falasi,MF,RTA Public Buses,DXB-B-5184,Jumeirah,Al Wasl Road,,Instruct driver to take mandatory break,no
TRG000326,2026-05-24T20:30:23,signal,No Signal,low,stafteesh,ETMP,Public Bus,Bilal Al Owais,BO,Emirates Transport,DXB-B-2904,Deira,Al Maktoum Road,,Dispatch tech if persistent >15min,no
TRG001517,2026-05-24T20:29:53,distraction,Driver Distraction,low,stafteesh,MNVR,Public Bus,Karim Al Awadhi,KA,RTA Public Buses,DXB-B-8165,Dubai Marina,King Salman Bin Abdulaziz Al Saud St,,Schedule supervisor review,no
TRG000083,2026-05-24T20:28:39,idling,Idling,high,open,MNVR,Hourly Rental,Salim Al Mansouri,SM,Careem,DXB-M-24039,Mirdif,Algeria Street,,Flag for daily review,no
TRG000895,2026-05-24T20:28:13,distraction,Driver Distraction,low,open,ETMP,Taxi,Hassan Al Mansouri,HM,Citi Taxi,DXB-Q-77894,Al Quoz,Al Meydan Road,,Issue formal warning — 2nd offense,no
TRG002744,2026-05-24T20:27:36,fatigue,Driver Fatigue,high,closed,MNVR,Public Bus,Mohammed Al Owais,MO,Emirates Transport,DXB-B-6047,Mirdif,Algeria Street,,Instruct driver to take mandatory break,no
TRG001556,2026-05-24T20:27:16,signal,No Signal,high,closed,MNVR,Limousine & E-Hail,Hamad Al Falasi,HF,Careem,DXB-O-35596,Dubai Marina,Sheikh Zayed Rd Junction,,Acknowledge — temporary blackout zone,no
TRG002752,2026-05-24T20:26:45,distraction,Driver Distraction,low,investigation,MNVR,School Bus,Omar Al Naqbi,ON,School Transport Services,DXB-S-3444,Al Barsha,Al Barsha Road,,"Acknowledge — minor, log only",no
TRG002198,2026-05-24T20:26:35,fatigue,Driver Fatigue,high,acknowledged,MNVR,Public Bus,Saeed Al Naqbi,SN,Emirates Transport,DXB-B-8875,Jumeirah,Al Wasl Road,,Override dispatch — pull from rotation,no
TRG000655,2026-05-24T20:24:40,camera,Camera Disconnection,high,closed,MNVR,Taxi,Mohammed Al Tayer,MT,Cars Taxi,DXB-I-71260,Dubai Sports City,Hessa Street,,Run firmware reset remotely,no
TRG002294,2026-05-24T20:23:29,harsh,Harsh Driving,low,open,MNVR,School Bus,Ziad Al Qassimi,ZQ,Emirates Transport,DXB-S-5668,Business Bay,Business Bay Crossing,69,Issue coaching alert to driver,no
TRG002055,2026-05-24T20:23:03,idling,Idling,low,closed,DS/Teams,Limousine & E-Hail,Khalid Al Suwaidi,KS,Careem,DXB-J-99728,Al Barsha,Sheikh Zayed Road,,Send efficiency reminder to driver,no
TRG001645,2026-05-24T20:22:46,signal,No Signal,low,fined,MNVR,Taxi,Marwan Al Naqbi,MN,Cars Taxi,DXB-T-88987,Business Bay,Business Bay Crossing,,Re-establish GPS handshake,no
TRG001681,2026-05-24T20:20:54,harsh,Harsh Driving,medium,fined,MNVR,Limousine & E-Hail,Nasser Al Tayer,NT,Careem,DXB-P-21137,Dubai Marina,Sheikh Zayed Rd Junction,84,Send to Stafteesh for fine assessment,no
TRG002235,2026-05-24T20:20:54,distraction,Driver Distraction,high,acknowledged,DS/Teams,Public Bus,Mahmoud Al Owais,MO,RTA Public Buses,DXB-B-3243,Downtown Dubai,Financial Center Rd,,Issue formal warning — 2nd offense,no
TRG001764,2026-05-24T20:20:12,harsh,Harsh Driving,medium,acknowledged,MNVR,Public Bus,Ayman Al Hashimi,AH,RTA Public Buses,DXB-B-7080,Business Bay,Al Abraj Street,74,Send to Stafteesh for fine assessment,no
TRG000001,2026-05-24T20:19:41,harsh,Harsh Driving,high,investigation,MNVR,Taxi,Khalid Al Naqbi,KN,Arabia Taxi,DXB-C-41544,Al Barsha,Sheikh Zayed Road,85,Send to Stafteesh for fine assessment,yes
TRG001057,2026-05-24T20:19:39,distraction,Driver Distraction,medium,stafteesh,DS/Teams,Hourly Rental,Bilal Al Marri,BM,Hala Rides,DXB-T-72061,Jumeirah,Umm Suqeim Road,,Schedule supervisor review,no
TRG000358,2026-05-24T20:18:08,signal,No Signal,high,acknowledged,DS/Teams,Hourly Rental,Adel Al Hammadi,AH,Careem,DXB-S-79885,Mirdif,Mirdif City Centre Rd,,Acknowledge — temporary blackout zone,no
TRG002140,2026-05-24T20:17:57,signal,No Signal,high,closed,MNVR,Public Bus,Walid Al Hammadi,WH,RTA Public Buses,DXB-B-6716,Downtown Dubai,Burj Khalifa Blvd,,Auto-resolve when signal restored,no
TRG002013,2026-05-24T20:17:49,distraction,Driver Distraction,medium,open,MNVR,Taxi,Mansour Al Naqbi,MN,Cars Taxi,DXB-L-65989,Deira,Baniyas Square,,"Acknowledge — minor, log only",no
TRG000467,2026-05-24T20:17:39,harsh,Harsh Driving,medium,closed,MNVR,Taxi,Yousef Al Maktoum,YM,National Taxi,DXB-Q-62912,Al Barsha,Al Barsha Road,81,Log for end-of-shift review,no
TRG002146,2026-05-24T20:17:32,idling,Idling,medium,closed,MNVR,Limousine & E-Hail,Walid Al Zaabi,WZ,Yango Premium,DXB-Q-42187,Dubai Sports City,Els Club Rd,,Flag for daily review,no
TRG001328,2026-05-24T20:16:13,distraction,Driver Distraction,low,acknowledged,ETMP,Hourly Rental,Mansour Al Maktoum,MM,Al Naboodah Transport,DXB-P-97946,Dubai Marina,Sheikh Zayed Rd Junction,,Send live coaching prompt to driver,yes
TRG002524,2026-05-24T20:15:34,harsh,Harsh Driving,medium,open,MNVR,Public Bus,Mansour Al Maktoum,MM,RTA Public Buses,DXB-B-9354,Al Barsha,Al Barsha Road,68,Issue coaching alert to driver,no
TRG001946,2026-05-24T20:15:30,camera,Camera Disconnection,high,closed,DS/Teams,Taxi,Hamad Al Nuaimi,HN,Dubai Taxi Corporation,DXB-A-57137,Dubai Marina,Sheikh Zayed Rd Junction,,Escalate to fleet maintenance,no
TRG001761,2026-05-24T20:15:11,signal,No Signal,high,stafteesh,MNVR,Public Bus,Sultan Al Nuaimi,SN,RTA Public Buses,DXB-B-7463,Jebel Ali,Sheikh Zayed Road,,Dispatch tech if persistent >15min,no
TRG002049,2026-05-24T20:15:06,distraction,Driver Distraction,low,open,DS/Teams,Hourly Rental,Mahmoud Al Maktoum,MM,Al Naboodah Transport,DXB-K-54066,Business Bay,Bay Avenue,,Send live coaching prompt to driver,no
TRG001597,2026-05-24T20:15:00,fatigue,Driver Fatigue,medium,acknowledged,MNVR,Limousine & E-Hail,Bilal Al Maktoum,BM,Genie Limousine,DXB-Q-64973,JBR,The Beach Promenade,,Route to nearest rest stop,no
TRG002474,2026-05-24T20:14:44,idling,Idling,medium,open,DS/Teams,Limousine & E-Hail,Hamad Al Naqbi,HN,Uber Fleet,DXB-L-31409,Al Barsha,Mall of the Emirates,,Auto-close — under 5min,no
TRG002058,2026-05-24T20:14:17,signal,No Signal,high,open,DS/Teams,Hourly Rental,Omar Al Mansouri,OM,Careem,DXB-L-70033,Al Rashidiya,Airport Road,,Acknowledge — temporary blackout zone,yes
TRG000224,2026-05-24T20:12:59,fatigue,Driver Fatigue,medium,closed,DS/Teams,Limousine & E-Hail,Sultan Al Owais,SO,Yango Premium,DXB-G-29909,Al Qusais,Beirut Street,,Route to nearest rest stop,no
TRG001503,2026-05-24T20:12:54,idling,Idling,low,open,DS/Teams,School Bus,Nasser Al Tayer,NT,School Transport Services,DXB-S-6627,Al Barsha,Sheikh Zayed Road,,Auto-close — under 5min,no
TRG002521,2026-05-24T20:11:40,fatigue,Driver Fatigue,high,acknowledged,MNVR,Taxi,Khalid Al Mansouri,KM,Dubai Taxi Corporation,DXB-A-84975,Al Qusais,Al Nahda Road,,Confirm with supervisor & monitor,no
TRG002678,2026-05-24T20:11:40,distraction,Driver Distraction,low,acknowledged,MNVR,Taxi,Tariq Al Mazrouei,TM,Metro Taxi,DXB-N-53183,Dubai Marina,Marina Walk,,Send live coaching prompt to driver,no
TRG002130,2026-05-24T20:11:12,camera,Camera Disconnection,high,acknowledged,ETMP,Hourly Rental,Hamad Al Qassimi,HQ,Al Naboodah Transport,DXB-T-38684,Jumeirah,Al Wasl Road,,Verify cable connection at next stop,no
TRG002755,2026-05-24T20:10:52,distraction,Driver Distraction,high,acknowledged,MNVR,Public Bus,Khalid Al Maktoum,KM,Emirates Transport,DXB-B-3738,Al Qusais,Al Nahda Road,,Issue formal warning — 2nd offense,no
TRG001279,2026-05-24T20:10:47,harsh,Harsh Driving,medium,stafteesh,DS/Teams,Taxi,Nasser Al Awadhi,NA,National Taxi,DXB-J-64961,Dubai Sports City,Hessa Street,84,Issue coaching alert to driver,no
TRG000103,2026-05-24T20:09:46,idling,Idling,low,open,MNVR,Limousine & E-Hail,Nasser Al Marri,NM,Hala Rides,DXB-N-98597,Al Barsha,Mall of the Emirates,,Acknowledge — within tolerance,no
TRG001908,2026-05-24T20:08:43,harsh,Harsh Driving,high,open,ETMP,Limousine & E-Hail,Hassan Al Mansouri,HM,Yango Premium,DXB-C-69012,JBR,Jumeirah Beach Residence,138,Log for end-of-shift review,no
TRG000043,2026-05-24T20:07:49,distraction,Driver Distraction,high,closed,DS/Teams,Taxi,Mansour Al Suwaidi,MS,Citi Taxi,DXB-G-41992,Jebel Ali,Jebel Ali Free Zone,,Send live coaching prompt to driver,no
TRG002105,2026-05-24T20:06:49,distraction,Driver Distraction,high,acknowledged,ETMP,Taxi,Sultan Al Shamsi,SS,Dubai Taxi Corporation,DXB-L-54474,Al Quoz,Al Asayel Street,,Issue formal warning — 2nd offense,no
TRG001925,2026-05-24T20:05:07,distraction,Driver Distraction,high,closed,MNVR,Taxi,Marwan Al Zaabi,MZ,Citi Taxi,DXB-M-26641,Al Barsha,Mall of the Emirates,,Schedule supervisor review,no
TRG002674,2026-05-24T20:04:13,camera,Camera Disconnection,high,escalated,DS/Teams,Taxi,Fadi Al Maktoum,FM,Metro Taxi,DXB-L-17088,Dubai Investment Park,Schoolzone Rd,,Escalate to fleet maintenance,no
TRG001284,2026-05-24T20:03:37,camera,Camera Disconnection,medium,open,MNVR,Taxi,Karim Al Mazrouei,KM,Citi Taxi,DXB-B-86095,Downtown Dubai,Mohammed Bin Rashid Blvd,,Escalate to fleet maintenance,no
TRG002759,2026-05-24T20:02:46,camera,Camera Disconnection,high,acknowledged,MNVR,Limousine & E-Hail,Yousef Al Marri,YM,Hala Rides,DXB-L-28922,Business Bay,Al Abraj Street,,Run firmware reset remotely,yes
TRG000591,2026-05-24T20:02:15,fatigue,Driver Fatigue,medium,open,ETMP,Taxi,Khalid Al Hammadi,KH,Dubai Taxi Corporation,DXB-B-34734,Dubai Investment Park,Schoolzone Rd,,Override dispatch — pull from rotation,no
TRG001600,2026-05-24T20:02:07,fatigue,Driver Fatigue,high,closed,ETMP,Marine,Ziad Al Qassimi,ZQ,Dubai Marine Transport,MAR-836,Al Qusais,Beirut Street,,Override dispatch — pull from rotation,no
TRG002290,2026-05-24T20:02:03,harsh,Harsh Driving,low,investigation,DS/Teams,Taxi,Hamad Al Mazrouei,HM,Cars Taxi,DXB-D-11425,Dubai Marina,Al Marsa Street,47,Log for end-of-shift review,no
TRG002219,2026-05-24T20:01:44,signal,No Signal,medium,acknowledged,DS/Teams,Hourly Rental,Mansour Al Owais,MO,Careem,DXB-M-98085,Downtown Dubai,Mohammed Bin Rashid Blvd,,Dispatch tech if persistent >15min,no
TRG000008,2026-05-24T20:01:25,distraction,Driver Distraction,high,investigation,DS/Teams,Taxi,Salim Al Marri,SM,Citi Taxi,DXB-S-51761,Downtown Dubai,Mohammed Bin Rashid Blvd,,Schedule supervisor review,no
TRG002379,2026-05-24T20:00:36,harsh,Harsh Driving,high,closed,MNVR,School Bus,Ahmed Al Shamsi,AS,Emirates Transport,DXB-S-5123,Downtown Dubai,Financial Center Rd,95,Log for end-of-shift review,yes
TRG001395,2026-05-24T19:59:15,harsh,Harsh Driving,low,open,MNVR,Taxi,Faisal Al Owais,FO,Metro Taxi,DXB-L-37788,Downtown Dubai,Sheikh Mohammed Bin Rashid Blvd,49,Log for end-of-shift review,no
TRG000004,2026-05-24T19:58:52,harsh,Harsh Driving,high,acknowledged,DS/Teams,Taxi,Khalid Al Falasi,KF,Citi Taxi,DXB-N-31621,JBR,Jumeirah Beach Residence,128,Log for end-of-shift review,no
TRG002405,2026-05-24T19:58:47,idling,Idling,medium,open,MNVR,Limousine & E-Hail,Karim Al Qassimi,KQ,Yango Premium,DXB-S-80739,Al Qusais,Damascus Street,,Flag for daily review,no
TRG001819,2026-05-24T19:58:21,distraction,Driver Distraction,medium,acknowledged,MNVR,Marine,Faisal Al Qassimi,FQ,Dubai Marine Transport,MAR-839,Dubai Marina,Marina Walk,,Schedule supervisor review,no
TRG001999,2026-05-24T19:58:15,idling,Idling,high,open,MNVR,Limousine & E-Hail,Mahmoud Al Mazrouei,MM,Uber Fleet,DXB-L-99189,Dubai Marina,Al Marsa Street,,Send efficiency reminder to driver,no
TRG001347,2026-05-24T19:57:05,idling,Idling,medium,open,DS/Teams,Taxi,Ayman Al Qassimi,AQ,Dubai Taxi Corporation,DXB-E-48650,Deira,Baniyas Square,,Flag for daily review,no
TRG001835,2026-05-24T19:57:00,camera,Camera Disconnection,high,escalated,MNVR,Public Bus,Mohammed Al Falasi,MF,Emirates Transport,DXB-B-3202,Jumeirah,Jumeirah Beach Road,,Run firmware reset remotely,no
TRG000386,2026-05-24T19:56:58,camera,Camera Disconnection,low,open,MNVR,School Bus,Mohammed Al Falasi,MF,Emirates Transport,DXB-S-2771,JBR,The Walk,,Run firmware reset remotely,no
TRG000149,2026-05-24T19:56:57,idling,Idling,low,acknowledged,ETMP,Limousine & E-Hail,Mohammed Al Hashimi,MH,Uber Fleet,DXB-R-10512,Downtown Dubai,Mohammed Bin Rashid Blvd,,Send efficiency reminder to driver,no
TRG002399,2026-05-24T19:54:59,distraction,Driver Distraction,medium,investigation,DS/Teams,Taxi,Mohammed Al Naqbi,MN,Metro Taxi,DXB-J-34691,Deira,Al Rigga Road,,Issue formal warning — 2nd offense,no
TRG000078,2026-05-24T19:54:37,distraction,Driver Distraction,low,open,DS/Teams,Limousine & E-Hail,Faisal Al Naqbi,FN,Yango Premium,DXB-F-76660,Business Bay,Bay Avenue,,Issue formal warning — 2nd offense,no
TRG000365,2026-05-24T19:54:29,harsh,Harsh Driving,medium,open,MNVR,Taxi,Faisal Al Hashimi,FH,Citi Taxi,DXB-S-90083,Downtown Dubai,Burj Khalifa Blvd,67,Log for end-of-shift review,no
TRG001623,2026-05-24T19:53:27,signal,No Signal,medium,open,DS/Teams,Limousine & E-Hail,Bilal Al Zaabi,BZ,Hala Rides,DXB-N-19794,Silicon Oasis,Dubai Silicon Oasis Hub,,Re-establish GPS handshake,no
TRG002260,2026-05-24T19:51:52,fatigue,Driver Fatigue,medium,stafteesh,DS/Teams,Taxi,Mohammed Al Awadhi,MA,Cars Taxi,DXB-N-62364,Downtown Dubai,Financial Center Rd,,Confirm with supervisor & monitor,no
TRG001093,2026-05-24T19:51:40,idling,Idling,low,closed,MNVR,Taxi,Sultan Al Zaabi,SZ,National Taxi,DXB-C-80030,Dubai Investment Park,DIP First Road,,Send efficiency reminder to driver,no
TRG000925,2026-05-24T19:51:06,idling,Idling,low,open,DS/Teams,Public Bus,Saeed Al Shamsi,SS,Emirates Transport,DXB-B-7304,Al Qusais,Damascus Street,,Acknowledge — within tolerance,no
TRG000996,2026-05-24T19:51:05,harsh,Harsh Driving,medium,open,DS/Teams,School Bus,Ziad Al Marri,ZM,School Transport Services,DXB-S-7848,Silicon Oasis,Dubai Silicon Oasis Hub,86,Issue coaching alert to driver,no
TRG001871,2026-05-24T19:50:56,distraction,Driver Distraction,high,escalated,DS/Teams,Limousine & E-Hail,Omar Al Hammadi,OH,Genie Limousine,DXB-N-71094,Downtown Dubai,Sheikh Mohammed Bin Rashid Blvd,,Schedule supervisor review,no
TRG002275,2026-05-24T19:50:29,harsh,Harsh Driving,medium,investigation,MNVR,Limousine & E-Hail,Ahmed Al Shamsi,AS,Hala Rides,DXB-L-48195,Jebel Ali,Ibn Battuta Road,62,Send to Stafteesh for fine assessment,no
TRG001937,2026-05-24T19:49:29,idling,Idling,low,open,DS/Teams,Taxi,Karim Al Naqbi,KN,Metro Taxi,DXB-D-34924,Downtown Dubai,Sheikh Mohammed Bin Rashid Blvd,,Flag for daily review,no
TRG002102,2026-05-24T19:49:26,harsh,Harsh Driving,low,closed,MNVR,Limousine & E-Hail,Salim Al Falasi,SF,Uber Fleet,DXB-Q-28958,Jebel Ali,Ibn Battuta Road,64,Log for end-of-shift review,no
TRG002498,2026-05-24T19:48:49,distraction,Driver Distraction,medium,open,MNVR,Public Bus,Ziad Al Zaabi,ZZ,Emirates Transport,DXB-B-8221,Deira,Al Rigga Road,,Send live coaching prompt to driver,no
TRG000631,2026-05-24T19:47:37,harsh,Harsh Driving,high,investigation,MNVR,Limousine & E-Hail,Fadi Al Shamsi,FS,Hala Rides,DXB-I-47257,Al Barsha,Al Barsha Road,118,Issue coaching alert to driver,no
TRG000964,2026-05-24T19:47:33,distraction,Driver Distraction,high,open,DS/Teams,Taxi,Ibrahim Al Marri,IM,Cars Taxi,DXB-C-93195,Al Barsha,Sheikh Zayed Road,,"Acknowledge — minor, log only",no
TRG002718,2026-05-24T19:47:01,fatigue,Driver Fatigue,medium,open,MNVR,Taxi,Mansour Al Qassimi,MQ,Arabia Taxi,DXB-I-21564,Deira,Baniyas Square,,Instruct driver to take mandatory break,no
TRG000156,2026-05-24T19:46:58,idling,Idling,low,investigation,DS/Teams,Hourly Rental,Bilal Al Nuaimi,BN,Careem,DXB-M-59400,Deira,Al Rigga Road,,Flag for daily review,no
TRG001371,2026-05-24T19:46:47,signal,No Signal,medium,closed,DS/Teams,Public Bus,Ibrahim Al Hashimi,IH,Emirates Transport,DXB-B-3921,Business Bay,Marasi Drive,,Acknowledge — temporary blackout zone,yes
TRG002799,2026-05-24T19:46:24,harsh,Harsh Driving,medium,fined,MNVR,School Bus,Faisal Al Hammadi,FH,School Transport Services,DXB-S-6756,Jumeirah,Al Wasl Road,70,Log for end-of-shift review,no
TRG000801,2026-05-24T19:46:21,idling,Idling,medium,investigation,ETMP,Taxi,Tariq Al Mazrouei,TM,Dubai Taxi Corporation,DXB-S-71570,JBR,The Walk,,Send efficiency reminder to driver,no
TRG000231,2026-05-24T19:45:56,fatigue,Driver Fatigue,high,open,MNVR,School Bus,Mohammed Al Falasi,MF,School Transport Services,DXB-S-9001,Al Barsha,Sheikh Zayed Road,,Route to nearest rest stop,no
TRG002237,2026-05-24T19:45:07,camera,Camera Disconnection,high,open,ETMP,Public Bus,Omar Al Mazrouei,OM,Emirates Transport,DXB-B-7688,Downtown Dubai,Burj Khalifa Blvd,,Dispatch field tech — recurring issue,no
TRG000980,2026-05-24T19:44:43,idling,Idling,high,open,MNVR,Taxi,Yousef Al Marri,YM,Citi Taxi,DXB-P-80345,JBR,The Walk,,Send efficiency reminder to driver,no
TRG001076,2026-05-24T19:43:34,harsh,Harsh Driving,medium,open,MNVR,Taxi,Salim Al Marri,SM,Citi Taxi,DXB-P-75556,Al Rashidiya,Nadd Al Hamar Rd,79,Log for end-of-shift review,no
TRG002350,2026-05-24T19:41:36,fatigue,Driver Fatigue,high,stafteesh,MNVR,Taxi,Mansour Al Marri,MM,Arabia Taxi,DXB-S-68448,Dubai Investment Park,Schoolzone Rd,,Route to nearest rest stop,no
TRG002528,2026-05-24T19:41:22,idling,Idling,low,investigation,MNVR,Taxi,Adel Al Zaabi,AZ,Cars Taxi,DXB-N-91721,Mirdif,Mirdif City Centre Rd,,Flag for daily review,no
TRG000443,2026-05-24T19:41:14,fatigue,Driver Fatigue,medium,open,DS/Teams,Taxi,Walid Al Maktoum,WM,Citi Taxi,DXB-E-12070,Al Quoz,Al Meydan Road,,Confirm with supervisor & monitor,no
TRG002008,2026-05-24T19:40:02,camera,Camera Disconnection,high,stafteesh,DS/Teams,Public Bus,Saeed Al Nuaimi,SN,Emirates Transport,DXB-B-6610,Downtown Dubai,Mohammed Bin Rashid Blvd,,Escalate to fleet maintenance,no
TRG002593,2026-05-24T19:39:28,harsh,Harsh Driving,high,open,DS/Teams,Taxi,Karim Al Zaabi,KZ,Dubai Taxi Corporation,DXB-G-61420,Al Quoz,Al Asayel Street,80,Escalate to safety review board,yes
TRG002553,2026-05-24T19:38:30,distraction,Driver Distraction,high,escalated,ETMP,Taxi,Mansour Al Hammadi,MH,Arabia Taxi,DXB-D-35589,Al Rashidiya,Rashidiya Metro Rd,,Send live coaching prompt to driver,no
TRG000010,2026-05-24T19:37:59,distraction,Driver Distraction,high,open,MNVR,Taxi,Marwan Al Hashimi,MH,Dubai Taxi Corporation,DXB-G-90487,Downtown Dubai,Financial Center Rd,,"Acknowledge — minor, log only",no
TRG001841,2026-05-24T19:37:41,camera,Camera Disconnection,high,stafteesh,DS/Teams,Marine,Ibrahim Al Marri,IM,Dubai Marine Transport,MAR-917,Downtown Dubai,Financial Center Rd,,Escalate to fleet maintenance,no
TRG000511,2026-05-24T19:37:28,harsh,Harsh Driving,high,acknowledged,ETMP,Taxi,Khalid Al Qassimi,KQ,Arabia Taxi,DXB-I-68974,Deira,Gold Souq Street,89,Log for end-of-shift review,no
TRG001900,2026-05-24T19:36:35,fatigue,Driver Fatigue,high,open,DS/Teams,Taxi,Rashid Al Hammadi,RH,National Taxi,DXB-D-75398,JBR,The Walk,,Route to nearest rest stop,no
TRG001212,2026-05-24T19:36:01,harsh,Harsh Driving,medium,escalated,ETMP,Taxi,Faisal Al Maktoum,FM,Dubai Taxi Corporation,DXB-J-85014,Dubai Sports City,Sports City Boulevard,70,Escalate to safety review board,no
TRG000640,2026-05-24T19:35:56,harsh,Harsh Driving,low,open,ETMP,School Bus,Marwan Al Owais,MO,School Transport Services,DXB-S-1383,Jumeirah,Al Wasl Road,61,Log for end-of-shift review,no
TRG002729,2026-05-24T19:35:14,fatigue,Driver Fatigue,medium,open,ETMP,Public Bus,Faisal Al Shamsi,FS,RTA Public Buses,DXB-B-8641,Al Quoz,Al Khail Road,,Override dispatch — pull from rotation,no
TRG001884,2026-05-24T19:34:35,camera,Camera Disconnection,medium,open,DS/Teams,Taxi,Khalid Al Zaabi,KZ,Metro Taxi,DXB-E-19795,Deira,Baniyas Square,,Escalate to fleet maintenance,no
TRG001188,2026-05-24T19:32:09,harsh,Harsh Driving,low,acknowledged,DS/Teams,School Bus,Tariq Al Owais,TO,School Transport Services,DXB-S-1874,Mirdif,Mirdif City Centre Rd,60,Log for end-of-shift review,no
TRG000286,2026-05-24T19:32:04,camera,Camera Disconnection,high,open,MNVR,Limousine & E-Hail,Ibrahim Al Hashimi,IH,Careem,DXB-A-57175,Jumeirah,Jumeirah Beach Road,,Run firmware reset remotely,no
TRG001027,2026-05-24T19:31:16,distraction,Driver Distraction,high,closed,DS/Teams,Public Bus,Marwan Al Mazrouei,MM,Emirates Transport,DXB-B-1017,Deira,Gold Souq Street,,Send live coaching prompt to driver,no
TRG002196,2026-05-24T19:31:06,distraction,Driver Distraction,high,fined,DS/Teams,Public Bus,Khalid Al Falasi,KF,Emirates Transport,DXB-B-2246,Deira,Al Maktoum Road,,Send live coaching prompt to driver,no
TRG001152,2026-05-24T19:30:36,harsh,Harsh Driving,medium,fined,DS/Teams,Public Bus,Hamad Al Mazrouei,HM,Emirates Transport,DXB-B-5622,Al Qusais,Damascus Street,86,Escalate to safety review board,no
TRG000882,2026-05-24T19:29:14,fatigue,Driver Fatigue,high,open,MNVR,Public Bus,Yousef Al Owais,YO,Emirates Transport,DXB-B-1112,Al Rashidiya,Airport Road,,Route to nearest rest stop,no
TRG001909,2026-05-24T19:29:07,harsh,Harsh Driving,medium,closed,MNVR,Taxi,Fadi Al Naqbi,FN,Cars Taxi,DXB-E-70129,JBR,Jumeirah Beach Residence,81,Log for end-of-shift review,no
TRG002768,2026-05-24T19:28:47,camera,Camera Disconnection,high,closed,DS/Teams,Taxi,Hassan Al Mazrouei,HM,Dubai Taxi Corporation,DXB-B-74833,Mirdif,Algeria Street,,Verify cable connection at next stop,no
TRG000985,2026-05-24T19:28:37,camera,Camera Disconnection,high,open,MNVR,Taxi,Mansour Al Qassimi,MQ,Citi Taxi,DXB-B-15394,Silicon Oasis,Sheikh Mohammed Bin Zayed Rd,,Verify cable connection at next stop,no
TRG000395,2026-05-24T19:28:08,camera,Camera Disconnection,high,open,DS/Teams,Taxi,Nasser Al Shamsi,NS,Citi Taxi,DXB-H-50993,Al Rashidiya,Rashidiya Metro Rd,,Dispatch field tech — recurring issue,no
TRG001410,2026-05-24T19:27:46,signal,No Signal,medium,fined,DS/Teams,Hourly Rental,Hamad Al Zaabi,HZ,Careem,DXB-G-54467,Deira,Al Maktoum Road,,Re-establish GPS handshake,no
TRG000698,2026-05-24T19:27:42,fatigue,Driver Fatigue,medium,acknowledged,ETMP,Taxi,Marwan Al Hammadi,MH,Metro Taxi,DXB-Q-59034,Jebel Ali,Sheikh Zayed Road,,Override dispatch — pull from rotation,no
TRG000142,2026-05-24T19:26:10,signal,No Signal,low,open,MNVR,Taxi,Marwan Al Shamsi,MS,Citi Taxi,DXB-D-72290,Al Quoz,Al Meydan Road,,Dispatch tech if persistent >15min,no
TRG002117,2026-05-24T19:25:30,idling,Idling,low,closed,DS/Teams,Taxi,Saeed Al Qassimi,SQ,National Taxi,DXB-K-60361,Dubai Marina,Sheikh Zayed Rd Junction,,Acknowledge — within tolerance,yes
TRG000732,2026-05-24T19:24:48,distraction,Driver Distraction,high,open,ETMP,Taxi,Marwan Al Mazrouei,MM,Citi Taxi,DXB-T-68186,Jumeirah,Umm Suqeim Road,,Issue formal warning — 2nd offense,no
TRG001487,2026-05-24T19:24:08,signal,No Signal,medium,acknowledged,MNVR,School Bus,Fadi Al Hammadi,FH,School Transport Services,DXB-S-5850,Downtown Dubai,Sheikh Mohammed Bin Rashid Blvd,,Auto-resolve when signal restored,no
TRG001731,2026-05-24T19:22:31,harsh,Harsh Driving,high,escalated,DS/Teams,Limousine & E-Hail,Ibrahim Al Shamsi,IS,Hala Rides,DXB-L-88909,Deira,Gold Souq Street,96,Log for end-of-shift review,no
TRG001742,2026-05-24T19:21:26,fatigue,Driver Fatigue,medium,closed,ETMP,Taxi,Adel Al Tayer,AT,Metro Taxi,DXB-A-96232,Al Rashidiya,Rashidiya Metro Rd,,Override dispatch — pull from rotation,no
TRG000145,2026-05-24T19:21:18,harsh,Harsh Driving,high,closed,DS/Teams,Taxi,Mohammed Al Hashimi,MH,Dubai Taxi Corporation,DXB-I-84047,Dubai Marina,Sheikh Zayed Rd Junction,137,Send to Stafteesh for fine assessment,no
TRG002375,2026-05-24T19:21:12,harsh,Harsh Driving,high,acknowledged,DS/Teams,School Bus,Omar Al Shamsi,OS,School Transport Services,DXB-S-1081,JBR,The Beach Promenade,99,Log for end-of-shift review,no
TRG002267,2026-05-24T19:21:03,harsh,Harsh Driving,low,acknowledged,MNVR,Limousine & E-Hail,Faisal Al Zaabi,FZ,Uber Fleet,DXB-Q-80342,Dubai Investment Park,Schoolzone Rd,63,Escalate to safety review board,no
TRG001769,2026-05-24T19:20:36,harsh,Harsh Driving,high,closed,MNVR,Public Bus,Fadi Al Tayer,FT,RTA Public Buses,DXB-B-8523,JBR,Jumeirah Beach Residence,119,Send to Stafteesh for fine assessment,no
TRG000835,2026-05-24T19:19:12,camera,Camera Disconnection,high,acknowledged,ETMP,Taxi,Hassan Al Owais,HO,Metro Taxi,DXB-G-72678,Al Barsha,Al Barsha Road,,Dispatch field tech — recurring issue,no
TRG001975,2026-05-24T19:18:52,fatigue,Driver Fatigue,high,stafteesh,MNVR,School Bus,Ahmed Al Tayer,AT,School Transport Services,DXB-S-5277,Jumeirah,Al Wasl Road,,Route to nearest rest stop,no
TRG002716,2026-05-24T19:18:19,harsh,Harsh Driving,high,open,DS/Teams,Taxi,Fadi Al Marri,FM,Cars Taxi,DXB-B-18747,Al Quoz,Al Meydan Road,127,Send to Stafteesh for fine assessment,no
TRG002108,2026-05-24T19:17:12,harsh,Harsh Driving,high,closed,DS/Teams,Limousine & E-Hail,Marwan Al Hammadi,MH,Uber Fleet,DXB-B-50539,Al Qusais,Beirut Street,118,Escalate to safety review board,no
TRG000264,2026-05-24T19:16:30,signal,No Signal,medium,acknowledged,DS/Teams,Hourly Rental,Ayman Al Maktoum,AM,Al Naboodah Transport,DXB-D-36231,Al Quoz,Al Meydan Road,,Re-establish GPS handshake,yes
TRG001166,2026-05-24T19:15:31,harsh,Harsh Driving,high,acknowledged,ETMP,Taxi,Ziad Al Hashimi,ZH,Citi Taxi,DXB-M-52702,Business Bay,Business Bay Crossing,81,Send to Stafteesh for fine assessment,no
TRG000265,2026-05-24T19:15:10,signal,No Signal,medium,fined,ETMP,Limousine & E-Hail,Ahmed Al Suwaidi,AS,Hala Rides,DXB-A-72763,Jebel Ali,Jebel Ali Free Zone,,Re-establish GPS handshake,no
TRG001621,2026-05-24T19:14:40,fatigue,Driver Fatigue,high,closed,MNVR,Taxi,Marwan Al Qassimi,MQ,Dubai Taxi Corporation,DXB-T-80021,Al Rashidiya,Airport Road,,Override dispatch — pull from rotation,no
TRG000483,2026-05-24T19:14:18,camera,Camera Disconnection,high,closed,DS/Teams,Taxi,Nasser Al Falasi,NF,National Taxi,DXB-N-51400,Deira,Al Maktoum Road,,Run firmware reset remotely,no
TRG000736,2026-05-24T19:11:50,signal,No Signal,medium,open,MNVR,Hourly Rental,Adel Al Naqbi,AN,Al Naboodah Transport,DXB-T-10032,Dubai Marina,Marina Walk,,Acknowledge — temporary blackout zone,no
TRG001303,2026-05-24T19:11:26,harsh,Harsh Driving,medium,open,MNVR,Taxi,Salim Al Owais,SO,Cars Taxi,DXB-G-19204,Deira,Al Maktoum Road,69,Send to Stafteesh for fine assessment,no
TRG002274,2026-05-24T19:11:25,camera,Camera Disconnection,high,closed,MNVR,Public Bus,Nasser Al Marri,NM,Emirates Transport,DXB-B-4829,Mirdif,Tripoli Street,,Run firmware reset remotely,no
TRG001346,2026-05-24T19:09:36,distraction,Driver Distraction,medium,investigation,MNVR,Limousine & E-Hail,Hamad Al Shamsi,HS,Hala Rides,DXB-M-59277,Business Bay,Marasi Drive,,"Acknowledge — minor, log only",yes
TRG000967,2026-05-24T19:08:55,fatigue,Driver Fatigue,high,acknowledged,MNVR,Limousine & E-Hail,Ibrahim Al Hammadi,IH,Genie Limousine,DXB-L-85033,JBR,The Walk,,Route to nearest rest stop,no
TRG001255,2026-05-24T19:07:30,harsh,Harsh Driving,high,stafteesh,DS/Teams,Marine,Ibrahim Al Zaabi,IZ,Dubai Marine Transport,MAR-786,Dubai Sports City,Els Club Rd,126,Issue coaching alert to driver,no
TRG000211,2026-05-24T19:07:13,camera,Camera Disconnection,high,closed,DS/Teams,Public Bus,Tariq Al Hammadi,TH,RTA Public Buses,DXB-B-8361,Downtown Dubai,Mohammed Bin Rashid Blvd,,Run firmware reset remotely,no
TRG001705,2026-05-24T19:07:10,camera,Camera Disconnection,high,open,MNVR,Public Bus,Nasser Al Naqbi,NN,Emirates Transport,DXB-B-4865,Dubai Investment Park,Schoolzone Rd,,Dispatch field tech — recurring issue,no
TRG001762,2026-05-24T19:06:21,distraction,Driver Distraction,medium,acknowledged,DS/Teams,Limousine & E-Hail,Khalid Al Maktoum,KM,Careem,DXB-R-18780,Jebel Ali,Ibn Battuta Road,,Send live coaching prompt to driver,no
TRG000036,2026-05-24T19:05:27,harsh,Harsh Driving,high,investigation,MNVR,Taxi,Walid Al Nuaimi,WN,Metro Taxi,DXB-P-48123,Deira,Al Maktoum Road,125,Log for end-of-shift review,no
TRG002224,2026-05-24T19:04:40,harsh,Harsh Driving,low,open,DS/Teams,Public Bus,Yousef Al Falasi,YF,RTA Public Buses,DXB-B-4881,Dubai Sports City,Hessa Street,58,Issue coaching alert to driver,no
TRG000879,2026-05-24T19:04:30,idling,Idling,low,acknowledged,DS/Teams,Taxi,Ibrahim Al Naqbi,IN,Citi Taxi,DXB-R-24394,Deira,Baniyas Square,,Flag for daily review,no
TRG002070,2026-05-24T19:03:32,camera,Camera Disconnection,medium,open,DS/Teams,Taxi,Yousef Al Maktoum,YM,Citi Taxi,DXB-K-79653,Business Bay,Marasi Drive,,Escalate to fleet maintenance,yes
TRG002232,2026-05-24T19:03:21,fatigue,Driver Fatigue,high,open,ETMP,School Bus,Mansour Al Shamsi,MS,Emirates Transport,DXB-S-6691,Jumeirah,Al Wasl Road,,Instruct driver to take mandatory break,no
TRG001998,2026-05-24T19:01:50,camera,Camera Disconnection,high,open,MNVR,Public Bus,Bilal Al Naqbi,BN,Emirates Transport,DXB-B-1703,Al Rashidiya,Airport Road,,Run firmware reset remotely,no
TRG002358,2026-05-24T19:01:47,harsh,Harsh Driving,medium,open,MNVR,Limousine & E-Hail,Rashid Al Marri,RM,Uber Fleet,DXB-Q-61918,Al Qusais,Al Nahda Road,85,Send to Stafteesh for fine assessment,no
TRG001015,2026-05-24T19:01:38,fatigue,Driver Fatigue,high,acknowledged,DS/Teams,Limousine & E-Hail,Faisal Al Shamsi,FS,Hala Rides,DXB-T-56769,Dubai Marina,Al Marsa Street,,Confirm with supervisor & monitor,no
TRG001944,2026-05-24T19:00:56,fatigue,Driver Fatigue,low,acknowledged,MNVR,Taxi,Omar Al Tayer,OT,Citi Taxi,DXB-C-98464,Business Bay,Bay Avenue,,Instruct driver to take mandatory break,no
TRG000450,2026-05-24T19:00:12,distraction,Driver Distraction,medium,acknowledged,MNVR,Taxi,Adel Al Falasi,AF,National Taxi,DXB-B-41350,Al Barsha,Sheikh Zayed Road,,Send live coaching prompt to driver,no
TRG002490,2026-05-24T18:59:25,distraction,Driver Distraction,low,closed,DS/Teams,Taxi,Fadi Al Hashimi,FH,Dubai Taxi Corporation,DXB-F-57134,Downtown Dubai,Mohammed Bin Rashid Blvd,,"Acknowledge — minor, log only",no
TRG002559,2026-05-24T18:59:25,distraction,Driver Distraction,high,closed,ETMP,Public Bus,Tariq Al Mansouri,TM,Emirates Transport,DXB-B-9612,Dubai Marina,Sheikh Zayed Rd Junction,,Schedule supervisor review,no
TRG001855,2026-05-24T18:59:16,distraction,Driver Distraction,medium,open,ETMP,Taxi,Khalid Al Owais,KO,Metro Taxi,DXB-Q-37657,Downtown Dubai,Burj Khalifa Blvd,,Issue formal warning — 2nd offense,yes
TRG000355,2026-05-24T18:58:50,idling,Idling,low,fined,MNVR,Taxi,Nasser Al Tayer,NT,Dubai Taxi Corporation,DXB-S-72064,Dubai Investment Park,Schoolzone Rd,,Flag for daily review,no
TRG000751,2026-05-24T18:57:44,harsh,Harsh Driving,medium,closed,DS/Teams,Taxi,Salim Al Zaabi,SZ,Citi Taxi,DXB-I-62583,Business Bay,Marasi Drive,84,Escalate to safety review board,no
TRG001373,2026-05-24T18:57:37,idling,Idling,low,acknowledged,DS/Teams,Taxi,Marwan Al Naqbi,MN,National Taxi,DXB-T-13045,Al Barsha,Sheikh Zayed Road,,Acknowledge — within tolerance,no
TRG002085,2026-05-24T18:57:35,idling,Idling,low,acknowledged,MNVR,Limousine & E-Hail,Bilal Al Hammadi,BH,Yango Premium,DXB-K-59036,Jumeirah,Umm Suqeim Road,,Auto-close — under 5min,no
TRG000152,2026-05-24T18:56:20,camera,Camera Disconnection,low,stafteesh,MNVR,Public Bus,Rashid Al Awadhi,RA,RTA Public Buses,DXB-B-8203,Dubai Marina,Al Marsa Street,,Dispatch field tech — recurring issue,no
TRG000334,2026-05-24T18:54:39,signal,No Signal,low,closed,ETMP,Marine,Ayman Al Shamsi,AS,Dubai Marine Transport,MAR-262,Al Qusais,Beirut Street,,Auto-resolve when signal restored,no
TRG000612,2026-05-24T18:53:33,signal,No Signal,medium,acknowledged,DS/Teams,Taxi,Saeed Al Marri,SM,Cars Taxi,DXB-M-32411,Dubai Investment Park,Green Community,,Auto-resolve when signal restored,no
TRG001964,2026-05-24T18:53:21,distraction,Driver Distraction,medium,stafteesh,MNVR,Taxi,Tariq Al Naqbi,TN,Arabia Taxi,DXB-G-36365,Business Bay,Bay Avenue,,Issue formal warning — 2nd offense,no
TRG002651,2026-05-24T18:53:08,harsh,Harsh Driving,high,stafteesh,MNVR,Taxi,Marwan Al Owais,MO,Metro Taxi,DXB-C-56240,Jumeirah,Al Wasl Road,134,Issue coaching alert to driver,no
TRG002615,2026-05-24T18:52:55,distraction,Driver Distraction,high,acknowledged,DS/Teams,Taxi,Marwan Al Hammadi,MH,Citi Taxi,DXB-R-77561,Dubai Sports City,Els Club Rd,,Issue formal warning — 2nd offense,no
TRG001488,2026-05-24T18:51:43,fatigue,Driver Fatigue,medium,acknowledged,MNVR,Hourly Rental,Ayman Al Mazrouei,AM,Careem,DXB-B-40722,Al Rashidiya,Nadd Al Hamar Rd,,Override dispatch — pull from rotation,no
TRG001518,2026-05-24T18:50:57,idling,Idling,low,open,MNVR,Hourly Rental,Saeed Al Qassimi,SQ,Careem,DXB-S-92451,Al Qusais,Damascus Street,,Acknowledge — within tolerance,no
TRG001103,2026-05-24T18:50:34,signal,No Signal,medium,fined,DS/Teams,Limousine & E-Hail,Tariq Al Maktoum,TM,Hala Rides,DXB-J-26564,Jumeirah,Al Wasl Road,,Re-establish GPS handshake,no
TRG001477,2026-05-24T18:48:49,signal,No Signal,medium,fined,DS/Teams,Marine,Sultan Al Shamsi,SS,Dubai Marine Transport,MAR-759,Al Barsha,Sheikh Zayed Road,,Auto-resolve when signal restored,no
TRG000119,2026-05-24T18:46:18,idling,Idling,medium,open,ETMP,Public Bus,Sultan Al Shamsi,SS,Emirates Transport,DXB-B-2591,Jumeirah,Jumeirah Beach Road,,Auto-close — under 5min,no
TRG000931,2026-05-24T18:46:15,fatigue,Driver Fatigue,medium,open,DS/Teams,Taxi,Ayman Al Owais,AO,Metro Taxi,DXB-H-60303,Dubai Marina,Sheikh Zayed Rd Junction,,Confirm with supervisor & monitor,no
TRG002610,2026-05-24T18:45:43,distraction,Driver Distraction,medium,closed,DS/Teams,Limousine & E-Hail,Mansour Al Owais,MO,Hala Rides,DXB-D-22674,Dubai Marina,King Salman Bin Abdulaziz Al Saud St,,Schedule supervisor review,no
TRG000663,2026-05-24T18:44:33,harsh,Harsh Driving,medium,open,ETMP,Taxi,Mansour Al Owais,MO,National Taxi,DXB-B-79480,Al Qusais,Damascus Street,71,Log for end-of-shift review,no
TRG002782,2026-05-24T18:44:10,distraction,Driver Distraction,high,acknowledged,MNVR,School Bus,Adel Al Nuaimi,AN,School Transport Services,DXB-S-4622,Al Quoz,Al Asayel Street,,Schedule supervisor review,yes
TRG001651,2026-05-24T18:41:58,harsh,Harsh Driving,high,acknowledged,MNVR,Hourly Rental,Salim Al Hashimi,SH,Al Naboodah Transport,DXB-E-70117,Jumeirah,Jumeirah Beach Road,133,Log for end-of-shift review,no
TRG002047,2026-05-24T18:41:29,camera,Camera Disconnection,medium,investigation,ETMP,Taxi,Nasser Al Marri,NM,Cars Taxi,DXB-T-62995,Al Rashidiya,Airport Road,,Dispatch field tech — recurring issue,no
TRG001869,2026-05-24T18:41:28,signal,No Signal,medium,closed,DS/Teams,Limousine & E-Hail,Mohammed Al Marri,MM,Hala Rides,DXB-K-70971,Deira,Al Rigga Road,,Acknowledge — temporary blackout zone,no
TRG002359,2026-05-24T18:39:58,harsh,Harsh Driving,high,acknowledged,MNVR,Taxi,Ayman Al Hashimi,AH,Dubai Taxi Corporation,DXB-E-56233,Downtown Dubai,Sheikh Mohammed Bin Rashid Blvd,106,Send to Stafteesh for fine assessment,no
TRG001993,2026-05-24T18:37:31,camera,Camera Disconnection,high,acknowledged,MNVR,Public Bus,Rashid Al Falasi,RF,RTA Public Buses,DXB-B-3096,Dubai Marina,Al Marsa Street,,Escalate to fleet maintenance,no
TRG000101,2026-05-24T18:37:20,idling,Idling,low,closed,MNVR,Public Bus,Ibrahim Al Mazrouei,IM,RTA Public Buses,DXB-B-9986,Al Rashidiya,Airport Road,,Send efficiency reminder to driver,no
TRG002345,2026-05-24T18:37:11,harsh,Harsh Driving,high,closed,MNVR,Taxi,Marwan Al Hammadi,MH,Dubai Taxi Corporation,DXB-J-68692,Dubai Marina,Sheikh Zayed Rd Junction,119,Log for end-of-shift review,no
TRG002496,2026-05-24T18:36:45,harsh,Harsh Driving,high,open,DS/Teams,Hourly Rental,Faisal Al Mansouri,FM,Hala Rides,DXB-L-45191,Dubai Marina,Sheikh Zayed Rd Junction,126,Issue coaching alert to driver,no
TRG000774,2026-05-24T18:36:20,distraction,Driver Distraction,low,fined,MNVR,Taxi,Walid Al Qassimi,WQ,Arabia Taxi,DXB-E-33780,Deira,Al Rigga Road,,"Acknowledge — minor, log only",no
TRG001119,2026-05-24T18:35:05,idling,Idling,low,open,ETMP,Taxi,Faisal Al Nuaimi,FN,Cars Taxi,DXB-M-41850,Business Bay,Al Abraj Street,,Send efficiency reminder to driver,no
TRG000987,2026-05-24T18:34:53,idling,Idling,medium,acknowledged,MNVR,Public Bus,Khalid Al Marri,KM,RTA Public Buses,DXB-B-2229,Business Bay,Bay Avenue,,Auto-close — under 5min,no
TRG001355,2026-05-24T18:34:17,harsh,Harsh Driving,low,open,DS/Teams,Marine,Ahmed Al Owais,AO,Dubai Marine Transport,MAR-504,Al Qusais,Al Nahda Road,62,Escalate to safety review board,no
TRG002583,2026-05-24T18:34:15,fatigue,Driver Fatigue,low,open,DS/Teams,Public Bus,Ziad Al Qassimi,ZQ,Emirates Transport,DXB-B-5970,Silicon Oasis,Wadi Al Safa St,,Override dispatch — pull from rotation,no
TRG000107,2026-05-24T18:32:00,camera,Camera Disconnection,high,closed,DS/Teams,Limousine & E-Hail,Marwan Al Awadhi,MA,Yango Premium,DXB-E-92157,Al Rashidiya,Nadd Al Hamar Rd,,Dispatch field tech — recurring issue,no
TRG000271,2026-05-24T18:31:54,fatigue,Driver Fatigue,high,open,MNVR,Marine,Karim Al Owais,KO,Dubai Marine Transport,MAR-922,Al Quoz,Al Asayel Street,,Route to nearest rest stop,yes
TRG001433,2026-05-24T18:31:54,idling,Idling,low,open,DS/Teams,Taxi,Nasser Al Falasi,NF,Dubai Taxi Corporation,DXB-R-68705,Mirdif,Mirdif City Centre Rd,,Send efficiency reminder to driver,no
TRG000022,2026-05-24T18:30:17,distraction,Driver Distraction,medium,closed,DS/Teams,Taxi,Nasser Al Qassimi,NQ,Metro Taxi,DXB-D-62200,Deira,Baniyas Square,,"Acknowledge — minor, log only",no
TRG001144,2026-05-24T18:29:52,harsh,Harsh Driving,high,acknowledged,MNVR,Limousine & E-Hail,Marwan Al Maktoum,MM,Careem,DXB-G-36436,Dubai Marina,Marina Walk,89,Issue coaching alert to driver,no
TRG001677,2026-05-24T18:28:10,harsh,Harsh Driving,high,open,ETMP,Taxi,Mansour Al Mazrouei,MM,Cars Taxi,DXB-S-74528,Dubai Sports City,Els Club Rd,133,Log for end-of-shift review,no
TRG001603,2026-05-24T18:28:06,fatigue,Driver Fatigue,high,closed,ETMP,Limousine & E-Hail,Mahmoud Al Tayer,MT,Genie Limousine,DXB-L-45701,Dubai Sports City,Els Club Rd,,Route to nearest rest stop,yes
TRG001304,2026-05-24T18:27:46,camera,Camera Disconnection,medium,acknowledged,MNVR,Taxi,Khalid Al Nuaimi,KN,Arabia Taxi,DXB-Q-25192,Jebel Ali,Jebel Ali Free Zone,,Verify cable connection at next stop,no
TRG000385,2026-05-24T18:27:15,distraction,Driver Distraction,low,closed,MNVR,Public Bus,Rashid Al Nuaimi,RN,RTA Public Buses,DXB-B-5188,Jebel Ali,Sheikh Zayed Road,,Issue formal warning — 2nd offense,no
TRG001828,2026-05-24T18:27:15,idling,Idling,low,fined,DS/Teams,Limousine & E-Hail,Omar Al Nuaimi,ON,Yango Premium,DXB-Q-12925,JBR,The Beach Promenade,,Flag for daily review,no
TRG000784,2026-05-24T18:25:57,distraction,Driver Distraction,medium,escalated,DS/Teams,Public Bus,Ahmed Al Marri,AM,RTA Public Buses,DXB-B-3974,Jumeirah,Umm Suqeim Road,,Schedule supervisor review,no
TRG000796,2026-05-24T18:25:56,signal,No Signal,low,escalated,MNVR,Hourly Rental,Tariq Al Mansouri,TM,Hala Rides,DXB-K-41616,Downtown Dubai,Sheikh Mohammed Bin Rashid Blvd,,Auto-resolve when signal restored,no
TRG002573,2026-05-24T18:24:09,fatigue,Driver Fatigue,medium,stafteesh,DS/Teams,Taxi,Salim Al Zaabi,SZ,Dubai Taxi Corporation,DXB-B-26872,JBR,Jumeirah Beach Residence,,Confirm with supervisor & monitor,no
TRG000494,2026-05-24T18:24:08,distraction,Driver Distraction,high,fined,DS/Teams,Limousine & E-Hail,Marwan Al Qassimi,MQ,Yango Premium,DXB-S-65159,Business Bay,Al Abraj Street,,"Acknowledge — minor, log only",no
TRG001246,2026-05-24T18:23:52,distraction,Driver Distraction,high,closed,DS/Teams,Limousine & E-Hail,Marwan Al Owais,MO,Yango Premium,DXB-C-62282,Mirdif,Algeria Street,,Issue formal warning — 2nd offense,no
TRG000995,2026-05-24T18:23:26,camera,Camera Disconnection,medium,stafteesh,MNVR,Taxi,Salim Al Qassimi,SQ,Citi Taxi,DXB-R-79120,Dubai Investment Park,Schoolzone Rd,,Verify cable connection at next stop,no
TRG002170,2026-05-24T18:23:03,fatigue,Driver Fatigue,low,closed,ETMP,Public Bus,Mahmoud Al Mansouri,MM,Emirates Transport,DXB-B-3839,Downtown Dubai,Sheikh Mohammed Bin Rashid Blvd,,Override dispatch — pull from rotation,no
TRG001124,2026-05-24T18:22:22,idling,Idling,medium,closed,MNVR,Public Bus,Hamad Al Falasi,HF,RTA Public Buses,DXB-B-9564,Jumeirah,Umm Suqeim Road,,Auto-close — under 5min,no
TRG001281,2026-05-24T18:21:50,fatigue,Driver Fatigue,medium,closed,DS/Teams,Taxi,Khalid Al Shamsi,KS,Citi Taxi,DXB-J-87114,Dubai Sports City,Els Club Rd,,Confirm with supervisor & monitor,no
TRG002484,2026-05-24T18:21:17,harsh,Harsh Driving,low,acknowledged,ETMP,Taxi,Rashid Al Awadhi,RA,Cars Taxi,DXB-J-45554,Jumeirah,Jumeirah Beach Road,67,Escalate to safety review board,no
TRG002003,2026-05-24T18:21:08,signal,No Signal,medium,closed,MNVR,Public Bus,Ziad Al Marri,ZM,Emirates Transport,DXB-B-1409,Dubai Marina,Al Marsa Street,,Re-establish GPS handshake,yes
TRG001872,2026-05-24T18:20:43,harsh,Harsh Driving,high,closed,MNVR,Public Bus,Omar Al Mansouri,OM,RTA Public Buses,DXB-B-2319,Deira,Baniyas Square,133,Issue coaching alert to driver,no
TRG000049,2026-05-24T18:20:31,harsh,Harsh Driving,high,investigation,DS/Teams,Taxi,Tariq Al Maktoum,TM,Dubai Taxi Corporation,DXB-G-75314,JBR,Jumeirah Beach Residence,136,Send to Stafteesh for fine assessment,no
TRG002453,2026-05-24T18:19:26,distraction,Driver Distraction,low,fined,ETMP,Limousine & E-Hail,Walid Al Owais,WO,Hala Rides,DXB-H-24008,Al Quoz,Al Meydan Road,,"Acknowledge — minor, log only",no
TRG000990,2026-05-24T18:16:07,signal,No Signal,low,stafteesh,MNVR,Public Bus,Sultan Al Nuaimi,SN,RTA Public Buses,DXB-B-3310,Dubai Marina,Sheikh Zayed Rd Junction,,Re-establish GPS handshake,yes
TRG002373,2026-05-24T18:16:05,signal,No Signal,medium,fined,MNVR,Taxi,Walid Al Marri,WM,Cars Taxi,DXB-A-65349,JBR,The Walk,,Re-establish GPS handshake,no
TRG001306,2026-05-24T18:13:59,fatigue,Driver Fatigue,medium,closed,DS/Teams,Taxi,Ayman Al Maktoum,AM,National Taxi,DXB-S-23722,Al Barsha,Al Barsha Road,,Confirm with supervisor & monitor,no
TRG001838,2026-05-24T18:12:51,harsh,Harsh Driving,high,open,MNVR,Public Bus,Hassan Al Suwaidi,HS,Emirates Transport,DXB-B-7859,Dubai Sports City,Sports City Boulevard,83,Escalate to safety review board,no
TRG000073,2026-05-24T18:12:15,fatigue,Driver Fatigue,medium,open,DS/Teams,Taxi,Salim Al Falasi,SF,National Taxi,DXB-R-92546,Silicon Oasis,Dubai Silicon Oasis Hub,,Confirm with supervisor & monitor,no
TRG001268,2026-05-24T18:11:41,signal,No Signal,high,open,ETMP,Taxi,Bilal Al Falasi,BF,Dubai Taxi Corporation,DXB-K-83491,Dubai Investment Park,Green Community,,Acknowledge — temporary blackout zone,no
TRG002468,2026-05-24T18:10:18,harsh,Harsh Driving,high,acknowledged,DS/Teams,Public Bus,Nasser Al Falasi,NF,RTA Public Buses,DXB-B-1367,Jebel Ali,Jebel Ali Free Zone,107,Issue coaching alert to driver,no
TRG001177,2026-05-24T18:07:41,fatigue,Driver Fatigue,medium,closed,MNVR,Public Bus,Khalid Al Owais,KO,Emirates Transport,DXB-B-7196,Jebel Ali,Ibn Battuta Road,,Instruct driver to take mandatory break,no
TRG000794,2026-05-24T18:07:23,distraction,Driver Distraction,high,closed,MNVR,Limousine & E-Hail,Hassan Al Naqbi,HN,Yango Premium,DXB-I-47733,Mirdif,Algeria Street,,"Acknowledge — minor, log only",no
TRG002299,2026-05-24T18:07:16,fatigue,Driver Fatigue,medium,investigation,ETMP,Limousine & E-Hail,Rashid Al Qassimi,RQ,Genie Limousine,DXB-M-79611,Jumeirah,Jumeirah Beach Road,,Override dispatch — pull from rotation,no
TRG000031,2026-05-24T18:06:51,camera,Camera Disconnection,high,stafteesh,MNVR,Hourly Rental,Saeed Al Awadhi,SA,Careem,DXB-B-61639,Downtown Dubai,Sheikh Mohammed Bin Rashid Blvd,,Dispatch field tech — recurring issue,no
TRG000080,2026-05-24T18:06:43,harsh,Harsh Driving,medium,closed,DS/Teams,Taxi,Ziad Al Shamsi,ZS,National Taxi,DXB-G-21196,Jumeirah,Al Wasl Road,88,Issue coaching alert to driver,no
TRG000604,2026-05-24T18:06:20,camera,Camera Disconnection,high,closed,DS/Teams,Taxi,Karim Al Suwaidi,KS,National Taxi,DXB-O-18196,Business Bay,Business Bay Crossing,,Escalate to fleet maintenance,no
TRG002778,2026-05-24T18:06:15,signal,No Signal,high,closed,DS/Teams,Limousine & E-Hail,Rashid Al Suwaidi,RS,Genie Limousine,DXB-M-26919,Jebel Ali,Ibn Battuta Road,,Auto-resolve when signal restored,no
TRG001854,2026-05-24T18:06:10,signal,No Signal,low,acknowledged,DS/Teams,Taxi,Tariq Al Hashimi,TH,Citi Taxi,DXB-T-56811,Business Bay,Bay Avenue,,Auto-resolve when signal restored,no
TRG002368,2026-05-24T18:06:00,harsh,Harsh Driving,medium,open,DS/Teams,Hourly Rental,Karim Al Maktoum,KM,Careem,DXB-B-76603,Dubai Investment Park,Green Community,65,Log for end-of-shift review,no
TRG001484,2026-05-24T18:05:57,distraction,Driver Distraction,medium,acknowledged,MNVR,Public Bus,Yousef Al Mazrouei,YM,RTA Public Buses,DXB-B-2459,Dubai Investment Park,Schoolzone Rd,,"Acknowledge — minor, log only",no
TRG000233,2026-05-24T18:05:26,camera,Camera Disconnection,high,closed,MNVR,Taxi,Adel Al Mazrouei,AM,Dubai Taxi Corporation,DXB-K-63997,Downtown Dubai,Mohammed Bin Rashid Blvd,,Run firmware reset remotely,yes
TRG001455,2026-05-24T18:04:36,distraction,Driver Distraction,medium,fined,DS/Teams,Public Bus,Hassan Al Tayer,HT,Emirates Transport,DXB-B-6297,Silicon Oasis,Dubai Silicon Oasis Hub,,Send live coaching prompt to driver,no
TRG001876,2026-05-24T18:04:30,harsh,Harsh Driving,low,acknowledged,DS/Teams,Marine,Nasser Al Marri,NM,Dubai Marine Transport,MAR-213,Al Quoz,Al Meydan Road,68,Issue coaching alert to driver,no
TRG002356,2026-05-24T18:03:38,distraction,Driver Distraction,medium,open,DS/Teams,Taxi,Faisal Al Suwaidi,FS,Arabia Taxi,DXB-B-14779,JBR,The Walk,,Schedule supervisor review,no
TRG002516,2026-05-24T18:03:30,signal,No Signal,medium,open,DS/Teams,Taxi,Rashid Al Mazrouei,RM,National Taxi,DXB-N-46486,Mirdif,Mirdif City Centre Rd,,Dispatch tech if persistent >15min,no
TRG000891,2026-05-24T18:02:34,camera,Camera Disconnection,medium,acknowledged,MNVR,Taxi,Sultan Al Owais,SO,National Taxi,DXB-D-70373,Al Barsha,Sheikh Zayed Road,,Verify cable connection at next stop,no
TRG000850,2026-05-24T18:02:13,harsh,Harsh Driving,high,acknowledged,MNVR,School Bus,Nasser Al Shamsi,NS,School Transport Services,DXB-S-9389,Al Barsha,Sheikh Zayed Road,127,Log for end-of-shift review,no
TRG002180,2026-05-24T18:01:59,fatigue,Driver Fatigue,medium,closed,ETMP,Public Bus,Ayman Al Zaabi,AZ,Emirates Transport,DXB-B-5367,Dubai Investment Park,Green Community,,Override dispatch — pull from rotation,no
TRG002800,2026-05-24T18:01:20,signal,No Signal,low,open,ETMP,Taxi,Mansour Al Naqbi,MN,Arabia Taxi,DXB-N-61459,Dubai Marina,Sheikh Zayed Rd Junction,,Dispatch tech if persistent >15min,no
TRG002254,2026-05-24T18:01:19,distraction,Driver Distraction,low,acknowledged,ETMP,Public Bus,Ibrahim Al Owais,IO,Emirates Transport,DXB-B-7473,JBR,The Beach Promenade,,Issue formal warning — 2nd offense,no
TRG002126,2026-05-24T18:00:46,camera,Camera Disconnection,high,open,DS/Teams,Marine,Tariq Al Hammadi,TH,Dubai Marine Transport,MAR-830,Al Rashidiya,Nadd Al Hamar Rd,,Dispatch field tech — recurring issue,no
TRG001085,2026-05-24T18:00:30,signal,No Signal,high,investigation,MNVR,Hourly Rental,Marwan Al Awadhi,MA,Hala Rides,DXB-S-86091,Jebel Ali,Jebel Ali Free Zone,,Auto-resolve when signal restored,no
TRG001435,2026-05-24T18:00:16,fatigue,Driver Fatigue,high,investigation,MNVR,Hourly Rental,Saeed Al Nuaimi,SN,Al Naboodah Transport,DXB-Q-98812,Business Bay,Al Abraj Street,,Override dispatch — pull from rotation,no
TRG002255,2026-05-24T17:59:30,distraction,Driver Distraction,low,closed,MNVR,Public Bus,Khalid Al Marri,KM,Emirates Transport,DXB-B-1821,Jebel Ali,Jebel Ali Free Zone,,Send live coaching prompt to driver,no
TRG000011,2026-05-24T17:58:10,fatigue,Driver Fatigue,high,closed,ETMP,Public Bus,Saeed Al Falasi,SF,Emirates Transport,DXB-B-5337,Al Barsha,Sheikh Zayed Road,,Confirm with supervisor & monitor,no
TRG000825,2026-05-24T17:57:53,signal,No Signal,low,acknowledged,ETMP,Taxi,Hamad Al Mansouri,HM,Dubai Taxi Corporation,DXB-T-64801,Al Barsha,Mall of the Emirates,,Acknowledge — temporary blackout zone,no
TRG001070,2026-05-24T17:57:08,signal,No Signal,low,investigation,DS/Teams,Limousine & E-Hail,Yousef Al Shamsi,YS,Genie Limousine,DXB-B-19071,Al Rashidiya,Airport Road,,Dispatch tech if persistent >15min,no
TRG001602,2026-05-24T17:57:05,fatigue,Driver Fatigue,medium,open,MNVR,Taxi,Walid Al Owais,WO,Dubai Taxi Corporation,DXB-I-43028,Deira,Al Rigga Road,,Instruct driver to take mandatory break,no
TRG002438,2026-05-24T17:56:40,signal,No Signal,medium,open,DS/Teams,Hourly Rental,Yousef Al Awadhi,YA,Hala Rides,DXB-C-76651,Al Barsha,Al Barsha Road,,Auto-resolve when signal restored,no
TRG001843,2026-05-24T17:55:51,signal,No Signal,low,closed,ETMP,Taxi,Hassan Al Suwaidi,HS,National Taxi,DXB-T-20611,Business Bay,Marasi Drive,,Dispatch tech if persistent >15min,no
TRG001215,2026-05-24T17:55:11,signal,No Signal,medium,investigation,MNVR,Limousine & E-Hail,Mahmoud Al Nuaimi,MN,Genie Limousine,DXB-F-37729,Deira,Baniyas Square,,Auto-resolve when signal restored,no
TRG000190,2026-05-24T17:53:47,fatigue,Driver Fatigue,low,fined,DS/Teams,School Bus,Hassan Al Shamsi,HS,Emirates Transport,DXB-S-9953,Silicon Oasis,Dubai Silicon Oasis Hub,,Instruct driver to take mandatory break,no
TRG002717,2026-05-24T17:53:30,distraction,Driver Distraction,medium,open,DS/Teams,Limousine & E-Hail,Saeed Al Nuaimi,SN,Uber Fleet,DXB-K-20479,Deira,Al Maktoum Road,,Schedule supervisor review,no
TRG002125,2026-05-24T17:53:06,harsh,Harsh Driving,high,closed,DS/Teams,Taxi,Rashid Al Hammadi,RH,Cars Taxi,DXB-P-70209,Al Barsha,Sheikh Zayed Road,124,Send to Stafteesh for fine assessment,no
TRG001848,2026-05-24T17:52:00,harsh,Harsh Driving,medium,open,ETMP,Taxi,Faisal Al Qassimi,FQ,Citi Taxi,DXB-Q-77380,Jumeirah,Umm Suqeim Road,67,Log for end-of-shift review,no
TRG002136,2026-05-24T17:51:53,distraction,Driver Distraction,high,investigation,MNVR,Taxi,Mohammed Al Nuaimi,MN,Dubai Taxi Corporation,DXB-J-88413,Jumeirah,Jumeirah Beach Road,,"Acknowledge — minor, log only",no
TRG002567,2026-05-24T17:51:41,harsh,Harsh Driving,high,acknowledged,MNVR,Limousine & E-Hail,Bilal Al Nuaimi,BN,Yango Premium,DXB-H-40747,Deira,Baniyas Square,99,Log for end-of-shift review,no
TRG001948,2026-05-24T17:49:08,signal,No Signal,high,closed,MNVR,Marine,Salim Al Nuaimi,SN,Dubai Marine Transport,MAR-295,Al Quoz,Al Meydan Road,,Acknowledge — temporary blackout zone,yes
TRG000168,2026-05-24T17:48:45,distraction,Driver Distraction,high,acknowledged,MNVR,Limousine & E-Hail,Hassan Al Owais,HO,Hala Rides,DXB-O-84604,JBR,The Walk,,Issue formal warning — 2nd offense,no
TRG002457,2026-05-24T17:48:18,idling,Idling,medium,open,MNVR,Hourly Rental,Faisal Al Owais,FO,Hala Rides,DXB-T-77229,Silicon Oasis,Sheikh Mohammed Bin Zayed Rd,,Acknowledge — within tolerance,no
TRG000057,2026-05-24T17:47:45,harsh,Harsh Driving,high,open,DS/Teams,Taxi,Fadi Al Owais,FO,Cars Taxi,DXB-N-23791,Downtown Dubai,Sheikh Mohammed Bin Rashid Blvd,84,Log for end-of-shift review,no
TRG002057,2026-05-24T17:46:43,signal,No Signal,medium,open,ETMP,Public Bus,Nasser Al Qassimi,NQ,Emirates Transport,DXB-B-3378,Dubai Marina,Sheikh Zayed Rd Junction,,Re-establish GPS handshake,no
TRG001669,2026-05-24T17:46:28,camera,Camera Disconnection,medium,fined,MNVR,Taxi,Marwan Al Mansouri,MM,Citi Taxi,DXB-P-83402,Business Bay,Marasi Drive,,Run firmware reset remotely,no
TRG001111,2026-05-24T17:46:07,harsh,Harsh Driving,high,closed,DS/Teams,School Bus,Ibrahim Al Suwaidi,IS,School Transport Services,DXB-S-9938,Downtown Dubai,Mohammed Bin Rashid Blvd,111,Send to Stafteesh for fine assessment,no
TRG000127,2026-05-24T17:46:01,signal,No Signal,low,closed,MNVR,Taxi,Mahmoud Al Tayer,MT,Cars Taxi,DXB-A-67948,Jebel Ali,Sheikh Zayed Road,,Dispatch tech if persistent >15min,no
TRG000521,2026-05-24T17:45:30,harsh,Harsh Driving,medium,stafteesh,MNVR,Taxi,Tariq Al Zaabi,TZ,Arabia Taxi,DXB-R-65180,Deira,Al Maktoum Road,75,Issue coaching alert to driver,no
TRG002556,2026-05-24T17:44:04,distraction,Driver Distraction,medium,open,ETMP,Taxi,Mahmoud Al Shamsi,MS,Metro Taxi,DXB-T-87254,Silicon Oasis,Wadi Al Safa St,,"Acknowledge — minor, log only",yes
TRG001701,2026-05-24T17:43:51,camera,Camera Disconnection,medium,investigation,ETMP,Taxi,Omar Al Mazrouei,OM,Arabia Taxi,DXB-J-72306,Dubai Marina,Marina Walk,,Dispatch field tech — recurring issue,no
TRG000919,2026-05-24T17:43:46,camera,Camera Disconnection,high,closed,ETMP,Marine,Walid Al Falasi,WF,Dubai Marine Transport,MAR-759,Dubai Marina,King Salman Bin Abdulaziz Al Saud St,,Escalate to fleet maintenance,no
TRG000649,2026-05-24T17:42:44,harsh,Harsh Driving,medium,fined,MNVR,Public Bus,Saeed Al Marri,SM,RTA Public Buses,DXB-B-7025,Jebel Ali,Sheikh Zayed Road,82,Send to Stafteesh for fine assessment,no
TRG000506,2026-05-24T17:42:41,fatigue,Driver Fatigue,high,closed,MNVR,Public Bus,Adel Al Qassimi,AQ,Emirates Transport,DXB-B-1589,Dubai Sports City,Els Club Rd,,Route to nearest rest stop,no
TRG001792,2026-05-24T17:41:44,fatigue,Driver Fatigue,high,acknowledged,MNVR,Taxi,Walid Al Hammadi,WH,Dubai Taxi Corporation,DXB-O-56347,Dubai Sports City,Els Club Rd,,Override dispatch — pull from rotation,no
TRG001507,2026-05-24T17:41:04,distraction,Driver Distraction,high,fined,MNVR,Public Bus,Salim Al Hashimi,SH,RTA Public Buses,DXB-B-4014,Al Rashidiya,Rashidiya Metro Rd,,"Acknowledge — minor, log only",yes
TRG000426,2026-05-24T17:40:45,harsh,Harsh Driving,medium,acknowledged,MNVR,Taxi,Hamad Al Falasi,HF,Citi Taxi,DXB-O-64214,Business Bay,Business Bay Crossing,81,Log for end-of-shift review,no
TRG002206,2026-05-24T17:40:39,distraction,Driver Distraction,medium,acknowledged,ETMP,Taxi,Adel Al Falasi,AF,National Taxi,DXB-K-70261,Al Quoz,Al Meydan Road,,Schedule supervisor review,no
TRG000478,2026-05-24T17:39:34,signal,No Signal,medium,closed,MNVR,Taxi,Walid Al Marri,WM,Dubai Taxi Corporation,DXB-S-82847,Dubai Investment Park,Green Community,,Auto-resolve when signal restored,no
TRG001424,2026-05-24T17:39:05,signal,No Signal,medium,stafteesh,MNVR,Limousine & E-Hail,Salim Al Awadhi,SA,Hala Rides,DXB-D-82437,Deira,Gold Souq Street,,Acknowledge — temporary blackout zone,no
TRG002430,2026-05-24T17:38:57,signal,No Signal,low,fined,DS/Teams,Taxi,Rashid Al Owais,RO,Metro Taxi,DXB-L-93153,Al Rashidiya,Airport Road,,Acknowledge — temporary blackout zone,no
TRG001858,2026-05-24T17:38:53,camera,Camera Disconnection,high,stafteesh,MNVR,Limousine & E-Hail,Mohammed Al Hammadi,MH,Yango Premium,DXB-B-96450,Al Barsha,Sheikh Zayed Road,,Run firmware reset remotely,no
TRG000147,2026-05-24T17:38:43,fatigue,Driver Fatigue,medium,investigation,ETMP,Marine,Karim Al Owais,KO,Dubai Marine Transport,MAR-274,Al Barsha,Mall of the Emirates,,Override dispatch — pull from rotation,no
TRG001652,2026-05-24T17:38:04,harsh,Harsh Driving,medium,escalated,DS/Teams,Hourly Rental,Ziad Al Marri,ZM,Careem,DXB-E-57159,Jumeirah,Umm Suqeim Road,73,Escalate to safety review board,no
TRG002425,2026-05-24T17:37:53,idling,Idling,low,open,DS/Teams,Hourly Rental,Fadi Al Maktoum,FM,Al Naboodah Transport,DXB-A-37340,Dubai Marina,King Salman Bin Abdulaziz Al Saud St,,Acknowledge — within tolerance,no
TRG000074,2026-05-24T17:37:46,fatigue,Driver Fatigue,high,acknowledged,MNVR,Taxi,Tariq Al Shamsi,TS,National Taxi,DXB-S-96992,Jumeirah,Jumeirah Beach Road,,Override dispatch — pull from rotation,no
TRG001857,2026-05-24T17:37:03,distraction,Driver Distraction,low,closed,MNVR,Limousine & E-Hail,Faisal Al Naqbi,FN,Genie Limousine,DXB-F-26118,Downtown Dubai,Financial Center Rd,,Issue formal warning — 2nd offense,no
TRG001943,2026-05-24T17:36:31,camera,Camera Disconnection,high,stafteesh,MNVR,Limousine & E-Hail,Saeed Al Falasi,SF,Uber Fleet,DXB-N-89106,Dubai Sports City,Sports City Boulevard,,Dispatch field tech — recurring issue,no
TRG002471,2026-05-24T17:35:19,harsh,Harsh Driving,high,acknowledged,MNVR,Taxi,Yousef Al Mansouri,YM,Dubai Taxi Corporation,DXB-C-71335,Dubai Marina,Al Marsa Street,90,Issue coaching alert to driver,no
TRG000225,2026-05-24T17:34:43,idling,Idling,medium,investigation,MNVR,Public Bus,Yousef Al Awadhi,YA,RTA Public Buses,DXB-B-1635,Al Qusais,Beirut Street,,Send efficiency reminder to driver,no
TRG001442,2026-05-24T17:34:19,fatigue,Driver Fatigue,medium,open,DS/Teams,Taxi,Saeed Al Naqbi,SN,Dubai Taxi Corporation,DXB-E-53913,Dubai Marina,King Salman Bin Abdulaziz Al Saud St,,Route to nearest rest stop,no
TRG000523,2026-05-24T17:33:59,camera,Camera Disconnection,medium,open,MNVR,Public Bus,Ahmed Al Marri,AM,RTA Public Buses,DXB-B-2460,Downtown Dubai,Burj Khalifa Blvd,,Verify cable connection at next stop,no
TRG000500,2026-05-24T17:33:27,camera,Camera Disconnection,medium,open,MNVR,Taxi,Saeed Al Nuaimi,SN,Arabia Taxi,DXB-R-32203,Al Quoz,Al Meydan Road,,Verify cable connection at next stop,no
TRG000869,2026-05-24T17:33:23,fatigue,Driver Fatigue,high,closed,MNVR,Public Bus,Hassan Al Qassimi,HQ,RTA Public Buses,DXB-B-5895,Al Qusais,Beirut Street,,Override dispatch — pull from rotation,no
TRG000954,2026-05-24T17:33:10,signal,No Signal,medium,acknowledged,MNVR,School Bus,Hassan Al Owais,HO,School Transport Services,DXB-S-3495,Al Barsha,Sheikh Zayed Road,,Acknowledge — temporary blackout zone,no
TRG001420,2026-05-24T17:33:10,distraction,Driver Distraction,low,stafteesh,DS/Teams,Taxi,Saeed Al Tayer,ST,National Taxi,DXB-N-88543,Al Quoz,Al Asayel Street,,Issue formal warning — 2nd offense,no
TRG002122,2026-05-24T17:30:04,idling,Idling,low,investigation,DS/Teams,School Bus,Adel Al Awadhi,AA,Emirates Transport,DXB-S-2787,Business Bay,Bay Avenue,,Flag for daily review,no
TRG001658,2026-05-24T17:29:33,idling,Idling,low,open,DS/Teams,Public Bus,Ziad Al Hammadi,ZH,Emirates Transport,DXB-B-2771,Dubai Marina,Marina Walk,,Acknowledge — within tolerance,no
TRG002477,2026-05-24T17:28:59,camera,Camera Disconnection,high,acknowledged,MNVR,Limousine & E-Hail,Salim Al Awadhi,SA,Genie Limousine,DXB-R-11651,Jebel Ali,Jebel Ali Free Zone,,Dispatch field tech — recurring issue,no
TRG000714,2026-05-24T17:28:12,idling,Idling,medium,acknowledged,ETMP,School Bus,Hassan Al Awadhi,HA,Emirates Transport,DXB-S-4014,Dubai Marina,Al Marsa Street,,Acknowledge — within tolerance,no
TRG002642,2026-05-24T17:26:57,camera,Camera Disconnection,medium,escalated,ETMP,Limousine & E-Hail,Ayman Al Shamsi,AS,Yango Premium,DXB-E-36681,Al Rashidiya,Rashidiya Metro Rd,,Run firmware reset remotely,no
TRG001174,2026-05-24T17:25:48,idling,Idling,low,closed,ETMP,Taxi,Fadi Al Hammadi,FH,Arabia Taxi,DXB-D-81069,Al Rashidiya,Airport Road,,Auto-close — under 5min,no
TRG002765,2026-05-24T17:25:15,distraction,Driver Distraction,high,stafteesh,MNVR,Taxi,Fadi Al Suwaidi,FS,Dubai Taxi Corporation,DXB-I-26315,Mirdif,Mirdif City Centre Rd,,Send live coaching prompt to driver,no
TRG000063,2026-05-24T17:23:41,idling,Idling,low,open,MNVR,Limousine & E-Hail,Ziad Al Tayer,ZT,Hala Rides,DXB-B-50941,Dubai Marina,King Salman Bin Abdulaziz Al Saud St,,Send efficiency reminder to driver,no
TRG002115,2026-05-24T17:23:36,signal,No Signal,medium,investigation,ETMP,Limousine & E-Hail,Sultan Al Maktoum,SM,Careem,DXB-E-37596,Business Bay,Bay Avenue,,Acknowledge — temporary blackout zone,no
TRG000845,2026-05-24T17:23:00,camera,Camera Disconnection,medium,closed,DS/Teams,Taxi,Mahmoud Al Falasi,MF,Arabia Taxi,DXB-G-26082,Al Barsha,Sheikh Zayed Road,,Escalate to fleet maintenance,yes
TRG002662,2026-05-24T17:22:43,signal,No Signal,low,acknowledged,ETMP,Public Bus,Bilal Al Hammadi,BH,RTA Public Buses,DXB-B-7113,Al Qusais,Beirut Street,,Auto-resolve when signal restored,no
TRG001589,2026-05-24T17:22:23,idling,Idling,low,open,DS/Teams,Public Bus,Walid Al Maktoum,WM,Emirates Transport,DXB-B-2260,Dubai Marina,Al Marsa Street,,Send efficiency reminder to driver,no
TRG001452,2026-05-24T17:21:57,idling,Idling,low,investigation,MNVR,Limousine & E-Hail,Faisal Al Shamsi,FS,Uber Fleet,DXB-F-77946,Al Quoz,Al Khail Road,,Flag for daily review,no
TRG001003,2026-05-24T17:20:52,signal,No Signal,low,escalated,DS/Teams,Public Bus,Ziad Al Qassimi,ZQ,Emirates Transport,DXB-B-7772,Dubai Marina,Marina Walk,,Auto-resolve when signal restored,no
TRG001037,2026-05-24T17:18:35,distraction,Driver Distraction,medium,closed,MNVR,Marine,Ibrahim Al Shamsi,IS,Dubai Marine Transport,MAR-518,Al Quoz,Al Meydan Road,,"Acknowledge — minor, log only",yes
TRG001805,2026-05-24T17:18:24,distraction,Driver Distraction,high,open,ETMP,Taxi,Hassan Al Owais,HO,Arabia Taxi,DXB-N-94227,Deira,Al Maktoum Road,,Issue formal warning — 2nd offense,no
TRG001940,2026-05-24T17:17:24,signal,No Signal,low,acknowledged,DS/Teams,Taxi,Omar Al Nuaimi,ON,Metro Taxi,DXB-T-57489,Mirdif,Algeria Street,,Re-establish GPS handshake,no
TRG001965,2026-05-24T17:16:15,harsh,Harsh Driving,high,stafteesh,MNVR,School Bus,Rashid Al Suwaidi,RS,School Transport Services,DXB-S-4010,Downtown Dubai,Mohammed Bin Rashid Blvd,118,Issue coaching alert to driver,no
TRG001850,2026-05-24T17:15:56,camera,Camera Disconnection,high,investigation,ETMP,Taxi,Yousef Al Naqbi,YN,Cars Taxi,DXB-K-26485,Downtown Dubai,Financial Center Rd,,Escalate to fleet maintenance,no
TRG000218,2026-05-24T17:15:17,camera,Camera Disconnection,medium,acknowledged,MNVR,Marine,Hamad Al Shamsi,HS,Dubai Marine Transport,MAR-420,Business Bay,Business Bay Crossing,,Run firmware reset remotely,no
TRG001168,2026-05-24T17:14:13,harsh,Harsh Driving,low,investigation,ETMP,Limousine & E-Hail,Ahmed Al Naqbi,AN,Careem,DXB-M-40304,Jumeirah,Jumeirah Beach Road,66,Send to Stafteesh for fine assessment,no
TRG000362,2026-05-24T17:13:22,fatigue,Driver Fatigue,medium,closed,ETMP,Taxi,Yousef Al Zaabi,YZ,Dubai Taxi Corporation,DXB-F-73918,Al Rashidiya,Rashidiya Metro Rd,,Instruct driver to take mandatory break,no
TRG001451,2026-05-24T17:11:32,harsh,Harsh Driving,low,closed,ETMP,Public Bus,Khalid Al Naqbi,KN,Emirates Transport,DXB-B-1208,JBR,The Beach Promenade,43,Send to Stafteesh for fine assessment,no
TRG002034,2026-05-24T17:11:08,distraction,Driver Distraction,high,closed,MNVR,Hourly Rental,Nasser Al Mazrouei,NM,Al Naboodah Transport,DXB-Q-33266,Al Rashidiya,Nadd Al Hamar Rd,,Send live coaching prompt to driver,no
TRG001587,2026-05-24T17:10:36,distraction,Driver Distraction,medium,open,MNVR,Taxi,Adel Al Mansouri,AM,Arabia Taxi,DXB-L-44501,Jumeirah,Jumeirah Beach Road,,Send live coaching prompt to driver,no
TRG000851,2026-05-24T17:09:59,harsh,Harsh Driving,high,closed,MNVR,School Bus,Mahmoud Al Awadhi,MA,School Transport Services,DXB-S-7982,Jebel Ali,Sheikh Zayed Road,126,Escalate to safety review board,no
TRG000367,2026-05-24T17:08:27,fatigue,Driver Fatigue,low,open,ETMP,Taxi,Yousef Al Qassimi,YQ,Arabia Taxi,DXB-B-78116,Silicon Oasis,Sheikh Mohammed Bin Zayed Rd,,Override dispatch — pull from rotation,no
TRG000966,2026-05-24T17:07:16,signal,No Signal,medium,closed,DS/Teams,Limousine & E-Hail,Mahmoud Al Suwaidi,MS,Hala Rides,DXB-Q-33845,Jebel Ali,Ibn Battuta Road,,Re-establish GPS handshake,yes
TRG001379,2026-05-24T17:07:00,signal,No Signal,medium,closed,DS/Teams,Taxi,Ziad Al Hashimi,ZH,Arabia Taxi,DXB-L-98138,Business Bay,Bay Avenue,,Dispatch tech if persistent >15min,no
TRG001913,2026-05-24T17:06:57,camera,Camera Disconnection,high,acknowledged,ETMP,Taxi,Tariq Al Hashimi,TH,Citi Taxi,DXB-C-85340,Al Barsha,Al Barsha Road,,Escalate to fleet maintenance,no
TRG001700,2026-05-24T17:06:22,idling,Idling,low,closed,MNVR,Hourly Rental,Marwan Al Shamsi,MS,Careem,DXB-N-24043,Business Bay,Marasi Drive,,Auto-close — under 5min,no
TRG001390,2026-05-24T17:05:24,distraction,Driver Distraction,medium,open,MNVR,Taxi,Mahmoud Al Falasi,MF,National Taxi,DXB-E-13949,Al Rashidiya,Rashidiya Metro Rd,,Issue formal warning — 2nd offense,no
TRG000058,2026-05-24T17:05:08,signal,No Signal,low,open,MNVR,Public Bus,Mahmoud Al Falasi,MF,Emirates Transport,DXB-B-5813,Jebel Ali,Sheikh Zayed Road,,Dispatch tech if persistent >15min,no
TRG000517,2026-05-24T17:04:56,idling,Idling,high,open,MNVR,Taxi,Sultan Al Awadhi,SA,Citi Taxi,DXB-M-56777,Mirdif,Tripoli Street,,Auto-close — under 5min,no
TRG002649,2026-05-24T17:04:34,distraction,Driver Distraction,low,closed,DS/Teams,Hourly Rental,Ziad Al Suwaidi,ZS,Careem,DXB-Q-97321,Business Bay,Al Abraj Street,,Send live coaching prompt to driver,no
TRG000652,2026-05-24T17:04:06,signal,No Signal,low,open,MNVR,Hourly Rental,Ibrahim Al Mansouri,IM,Hala Rides,DXB-K-12776,Silicon Oasis,Dubai Silicon Oasis Hub,,Acknowledge — temporary blackout zone,no
TRG002510,2026-05-24T17:03:49,distraction,Driver Distraction,high,open,DS/Teams,Hourly Rental,Marwan Al Zaabi,MZ,Careem,DXB-F-29854,Dubai Marina,King Salman Bin Abdulaziz Al Saud St,,"Acknowledge — minor, log only",no
TRG002189,2026-05-24T17:03:37,distraction,Driver Distraction,low,escalated,MNVR,Taxi,Nasser Al Naqbi,NN,Citi Taxi,DXB-H-95495,Deira,Baniyas Square,,Schedule supervisor review,no
TRG002697,2026-05-24T17:03:14,signal,No Signal,medium,investigation,MNVR,Public Bus,Marwan Al Naqbi,MN,Emirates Transport,DXB-B-7488,JBR,Jumeirah Beach Residence,,Auto-resolve when signal restored,no
TRG000050,2026-05-24T17:02:47,fatigue,Driver Fatigue,high,fined,DS/Teams,Taxi,Tariq Al Mansouri,TM,Cars Taxi,DXB-P-36268,Dubai Marina,Al Marsa Street,,Override dispatch — pull from rotation,no
TRG000618,2026-05-24T17:02:46,distraction,Driver Distraction,medium,fined,ETMP,Public Bus,Ibrahim Al Awadhi,IA,RTA Public Buses,DXB-B-2755,Jumeirah,Jumeirah Beach Road,,"Acknowledge — minor, log only",no
TRG002091,2026-05-24T17:02:37,camera,Camera Disconnection,high,open,ETMP,Limousine & E-Hail,Marwan Al Marri,MM,Careem,DXB-O-64865,Al Rashidiya,Airport Road,,Escalate to fleet maintenance,no
TRG000808,2026-05-24T17:01:01,distraction,Driver Distraction,low,investigation,ETMP,Taxi,Adel Al Awadhi,AA,Citi Taxi,DXB-S-98420,JBR,The Walk,,Issue formal warning — 2nd offense,no
TRG001541,2026-05-24T16:59:56,idling,Idling,high,acknowledged,MNVR,Taxi,Ziad Al Mazrouei,ZM,Arabia Taxi,DXB-B-72337,Al Rashidiya,Airport Road,,Auto-close — under 5min,no
TRG001028,2026-05-24T16:59:16,signal,No Signal,low,closed,DS/Teams,Taxi,Saeed Al Mansouri,SM,Dubai Taxi Corporation,DXB-Q-10133,Al Quoz,Al Meydan Road,,Dispatch tech if persistent >15min,no
TRG002509,2026-05-24T16:58:22,signal,No Signal,medium,acknowledged,MNVR,Hourly Rental,Fadi Al Qassimi,FQ,Al Naboodah Transport,DXB-S-39669,Al Rashidiya,Nadd Al Hamar Rd,,Dispatch tech if persistent >15min,yes
TRG001892,2026-05-24T16:57:40,harsh,Harsh Driving,medium,stafteesh,MNVR,Taxi,Faisal Al Owais,FO,Dubai Taxi Corporation,DXB-K-85135,Dubai Marina,Marina Walk,76,Escalate to safety review board,no
TRG001083,2026-05-24T16:57:36,camera,Camera Disconnection,high,closed,DS/Teams,Public Bus,Fadi Al Nuaimi,FN,RTA Public Buses,DXB-B-2218,Dubai Investment Park,Green Community,,Dispatch field tech — recurring issue,yes
TRG002605,2026-05-24T16:56:54,fatigue,Driver Fatigue,low,open,MNVR,Marine,Bilal Al Naqbi,BN,Dubai Marine Transport,MAR-690,Al Rashidiya,Airport Road,,Confirm with supervisor & monitor,no
TRG001021,2026-05-24T16:56:40,harsh,Harsh Driving,medium,fined,ETMP,Taxi,Yousef Al Suwaidi,YS,Metro Taxi,DXB-K-90413,Dubai Marina,Marina Walk,82,Log for end-of-shift review,no
TRG001803,2026-05-24T16:56:00,camera,Camera Disconnection,high,closed,ETMP,Limousine & E-Hail,Fadi Al Awadhi,FA,Yango Premium,DXB-P-93678,Al Quoz,Al Meydan Road,,Dispatch field tech — recurring issue,no
TRG001414,2026-05-24T16:55:26,camera,Camera Disconnection,low,investigation,ETMP,Limousine & E-Hail,Khalid Al Suwaidi,KS,Hala Rides,DXB-J-84169,Downtown Dubai,Financial Center Rd,,Dispatch field tech — recurring issue,yes
TRG001901,2026-05-24T16:54:33,distraction,Driver Distraction,medium,investigation,ETMP,Hourly Rental,Marwan Al Naqbi,MN,Hala Rides,DXB-R-67088,Al Barsha,Al Barsha Road,,Issue formal warning — 2nd offense,no
TRG000471,2026-05-24T16:54:15,distraction,Driver Distraction,medium,open,DS/Teams,Limousine & E-Hail,Walid Al Zaabi,WZ,Yango Premium,DXB-R-29505,Dubai Marina,Al Marsa Street,,Send live coaching prompt to driver,no
TRG000938,2026-05-24T16:53:06,camera,Camera Disconnection,high,investigation,DS/Teams,Marine,Mansour Al Maktoum,MM,Dubai Marine Transport,MAR-436,Dubai Marina,Marina Walk,,Dispatch field tech — recurring issue,no
TRG002669,2026-05-24T16:52:43,fatigue,Driver Fatigue,medium,investigation,ETMP,Limousine & E-Hail,Ziad Al Qassimi,ZQ,Genie Limousine,DXB-N-46964,Downtown Dubai,Sheikh Mohammed Bin Rashid Blvd,,Confirm with supervisor & monitor,no
TRG001525,2026-05-24T16:52:33,idling,Idling,high,closed,DS/Teams,Limousine & E-Hail,Khalid Al Marri,KM,Careem,DXB-E-37761,Deira,Gold Souq Street,,Flag for daily review,no
TRG000454,2026-05-24T16:51:47,harsh,Harsh Driving,high,escalated,MNVR,Marine,Marwan Al Hashimi,MH,Dubai Marine Transport,MAR-356,Dubai Investment Park,Green Community,106,Escalate to safety review board,no
TRG001894,2026-05-24T16:51:31,idling,Idling,low,acknowledged,MNVR,Hourly Rental,Walid Al Suwaidi,WS,Hala Rides,DXB-J-93718,Downtown Dubai,Mohammed Bin Rashid Blvd,,Auto-close — under 5min,no
TRG000390,2026-05-24T16:50:19,fatigue,Driver Fatigue,medium,acknowledged,MNVR,Limousine & E-Hail,Tariq Al Mazrouei,TM,Genie Limousine,DXB-C-94199,Deira,Al Rigga Road,,Instruct driver to take mandatory break,no
TRG001996,2026-05-24T16:50:00,distraction,Driver Distraction,medium,open,DS/Teams,Public Bus,Mahmoud Al Naqbi,MN,Emirates Transport,DXB-B-4688,Al Barsha,Al Barsha Road,,Issue formal warning — 2nd offense,no
TRG002690,2026-05-24T16:48:41,distraction,Driver Distraction,low,escalated,MNVR,Limousine & E-Hail,Nasser Al Hashimi,NH,Hala Rides,DXB-D-73457,Dubai Investment Park,Schoolzone Rd,,Issue formal warning — 2nd offense,no
TRG000282,2026-05-24T16:48:40,distraction,Driver Distraction,high,open,DS/Teams,Public Bus,Omar Al Maktoum,OM,Emirates Transport,DXB-B-9598,Business Bay,Bay Avenue,,Send live coaching prompt to driver,no
TRG001667,2026-05-24T16:47:59,distraction,Driver Distraction,high,closed,DS/Teams,Taxi,Tariq Al Owais,TO,Metro Taxi,DXB-K-14779,Dubai Sports City,Hessa Street,,Schedule supervisor review,no
TRG000680,2026-05-24T16:46:29,harsh,Harsh Driving,medium,investigation,ETMP,Taxi,Adel Al Maktoum,AM,Metro Taxi,DXB-O-76592,Downtown Dubai,Burj Khalifa Blvd,73,Log for end-of-shift review,no
TRG001636,2026-05-24T16:46:12,idling,Idling,medium,stafteesh,DS/Teams,Limousine & E-Hail,Faisal Al Suwaidi,FS,Careem,DXB-L-82031,Deira,Gold Souq Street,,Auto-close — under 5min,no
TRG000375,2026-05-24T16:45:23,signal,No Signal,low,stafteesh,MNVR,Limousine & E-Hail,Sultan Al Mansouri,SM,Careem,DXB-Q-13062,Downtown Dubai,Burj Khalifa Blvd,,Re-establish GPS handshake,no
TRG002378,2026-05-24T16:43:28,fatigue,Driver Fatigue,high,open,MNVR,Taxi,Ayman Al Zaabi,AZ,Metro Taxi,DXB-K-46045,Downtown Dubai,Mohammed Bin Rashid Blvd,,Confirm with supervisor & monitor,no
TRG001363,2026-05-24T16:43:04,distraction,Driver Distraction,medium,open,DS/Teams,Limousine & E-Hail,Ziad Al Nuaimi,ZN,Hala Rides,DXB-B-94718,Al Barsha,Mall of the Emirates,,Send live coaching prompt to driver,no
TRG000020,2026-05-24T16:42:43,camera,Camera Disconnection,medium,open,MNVR,Marine,Walid Al Shamsi,WS,Dubai Marine Transport,MAR-620,Jumeirah,Jumeirah Beach Road,,Run firmware reset remotely,no
TRG002075,2026-05-24T16:42:07,distraction,Driver Distraction,medium,acknowledged,DS/Teams,Limousine & E-Hail,Ahmed Al Naqbi,AN,Uber Fleet,DXB-N-10544,Dubai Investment Park,Schoolzone Rd,,Send live coaching prompt to driver,no
TRG001097,2026-05-24T16:41:13,harsh,Harsh Driving,high,escalated,ETMP,Taxi,Adel Al Owais,AO,National Taxi,DXB-S-30600,Al Barsha,Sheikh Zayed Road,133,Escalate to safety review board,no
TRG002467,2026-05-24T16:40:52,camera,Camera Disconnection,medium,acknowledged,DS/Teams,Public Bus,Fadi Al Zaabi,FZ,Emirates Transport,DXB-B-5183,Downtown Dubai,Burj Khalifa Blvd,,Run firmware reset remotely,no
TRG001566,2026-05-24T16:40:28,signal,No Signal,high,closed,MNVR,Taxi,Ahmed Al Maktoum,AM,National Taxi,DXB-L-60274,Jumeirah,Al Wasl Road,,Auto-resolve when signal restored,no
TRG002645,2026-05-24T16:40:10,camera,Camera Disconnection,low,open,ETMP,Public Bus,Tariq Al Awadhi,TA,RTA Public Buses,DXB-B-3349,Al Barsha,Sheikh Zayed Road,,Run firmware reset remotely,no
TRG001199,2026-05-24T16:39:44,idling,Idling,low,open,DS/Teams,School Bus,Ahmed Al Tayer,AT,School Transport Services,DXB-S-7872,Al Barsha,Sheikh Zayed Road,,Auto-close — under 5min,no
TRG001033,2026-05-24T16:39:18,distraction,Driver Distraction,low,investigation,MNVR,Limousine & E-Hail,Hamad Al Marri,HM,Hala Rides,DXB-Q-89348,Business Bay,Al Abraj Street,,"Acknowledge — minor, log only",no
TRG002462,2026-05-24T16:38:39,camera,Camera Disconnection,low,open,MNVR,Public Bus,Ibrahim Al Awadhi,IA,Emirates Transport,DXB-B-2586,Jebel Ali,Jebel Ali Free Zone,,Run firmware reset remotely,no
TRG001438,2026-05-24T16:38:12,signal,No Signal,medium,open,MNVR,Marine,Yousef Al Shamsi,YS,Dubai Marine Transport,MAR-244,Al Qusais,Beirut Street,,Auto-resolve when signal restored,no
TRG001065,2026-05-24T16:37:33,idling,Idling,low,investigation,DS/Teams,Public Bus,Ziad Al Tayer,ZT,Emirates Transport,DXB-B-9684,Jumeirah,Al Wasl Road,,Flag for daily review,no
TRG002550,2026-05-24T16:37:31,harsh,Harsh Driving,high,open,MNVR,Taxi,Yousef Al Marri,YM,Dubai Taxi Corporation,DXB-N-12622,Jebel Ali,Sheikh Zayed Road,97,Escalate to safety review board,no
TRG001789,2026-05-24T16:36:12,fatigue,Driver Fatigue,high,acknowledged,DS/Teams,Limousine & E-Hail,Khalid Al Awadhi,KA,Genie Limousine,DXB-K-72976,Silicon Oasis,Wadi Al Safa St,,Instruct driver to take mandatory break,no
TRG002218,2026-05-24T16:35:41,harsh,Harsh Driving,high,escalated,ETMP,Limousine & E-Hail,Bilal Al Qassimi,BQ,Careem,DXB-R-71748,Al Qusais,Beirut Street,135,Log for end-of-shift review,yes
TRG000314,2026-05-24T16:35:36,fatigue,Driver Fatigue,medium,closed,MNVR,Limousine & E-Hail,Yousef Al Marri,YM,Uber Fleet,DXB-L-85139,Jebel Ali,Jebel Ali Free Zone,,Instruct driver to take mandatory break,no
TRG001812,2026-05-24T16:34:45,harsh,Harsh Driving,high,stafteesh,DS/Teams,Taxi,Karim Al Naqbi,KN,Cars Taxi,DXB-S-91127,Jebel Ali,Ibn Battuta Road,123,Escalate to safety review board,no
TRG000060,2026-05-24T16:34:16,camera,Camera Disconnection,high,closed,MNVR,Public Bus,Rashid Al Falasi,RF,RTA Public Buses,DXB-B-4105,Dubai Marina,King Salman Bin Abdulaziz Al Saud St,,Verify cable connection at next stop,no
TRG000522,2026-05-24T16:34:00,signal,No Signal,medium,open,MNVR,Taxi,Salim Al Zaabi,SZ,National Taxi,DXB-H-31006,Al Quoz,Al Meydan Road,,Re-establish GPS handshake,no
TRG000550,2026-05-24T16:33:42,camera,Camera Disconnection,medium,open,ETMP,Taxi,Marwan Al Hashimi,MH,Citi Taxi,DXB-L-76526,Business Bay,Bay Avenue,,Dispatch field tech — recurring issue,no
TRG000051,2026-05-24T16:33:25,distraction,Driver Distraction,low,open,DS/Teams,Limousine & E-Hail,Mansour Al Maktoum,MM,Yango Premium,DXB-E-61571,Jebel Ali,Jebel Ali Free Zone,,Send live coaching prompt to driver,no
TRG000308,2026-05-24T16:33:19,harsh,Harsh Driving,medium,open,MNVR,Marine,Rashid Al Hashimi,RH,Dubai Marine Transport,MAR-625,Downtown Dubai,Financial Center Rd,75,Escalate to safety review board,no
TRG002367,2026-05-24T16:33:10,harsh,Harsh Driving,medium,closed,ETMP,Taxi,Ibrahim Al Mazrouei,IM,Dubai Taxi Corporation,DXB-D-14792,Dubai Marina,King Salman Bin Abdulaziz Al Saud St,89,Escalate to safety review board,no
TRG001575,2026-05-24T16:32:44,harsh,Harsh Driving,medium,closed,ETMP,Taxi,Rashid Al Nuaimi,RN,Metro Taxi,DXB-A-94137,Jebel Ali,Jebel Ali Free Zone,72,Escalate to safety review board,no
TRG000561,2026-05-24T16:32:37,idling,Idling,low,open,ETMP,Taxi,Ayman Al Falasi,AF,Metro Taxi,DXB-Q-74896,Mirdif,Mirdif City Centre Rd,,Auto-close — under 5min,no
TRG000963,2026-05-24T16:31:26,harsh,Harsh Driving,high,acknowledged,DS/Teams,Public Bus,Omar Al Tayer,OT,RTA Public Buses,DXB-B-8571,Al Barsha,Al Barsha Road,80,Escalate to safety review board,no
TRG000716,2026-05-24T16:29:51,signal,No Signal,high,stafteesh,MNVR,School Bus,Ibrahim Al Nuaimi,IN,Emirates Transport,DXB-S-7357,Al Rashidiya,Rashidiya Metro Rd,,Dispatch tech if persistent >15min,no
TRG002441,2026-05-24T16:29:44,distraction,Driver Distraction,high,closed,DS/Teams,School Bus,Yousef Al Hashimi,YH,School Transport Services,DXB-S-8307,Deira,Gold Souq Street,,Issue formal warning — 2nd offense,no
TRG001254,2026-05-24T16:29:15,camera,Camera Disconnection,high,closed,DS/Teams,Taxi,Ibrahim Al Maktoum,IM,Metro Taxi,DXB-I-79794,Silicon Oasis,Sheikh Mohammed Bin Zayed Rd,,Dispatch field tech — recurring issue,no
TRG000558,2026-05-24T16:29:04,fatigue,Driver Fatigue,medium,investigation,ETMP,Hourly Rental,Rashid Al Mazrouei,RM,Al Naboodah Transport,DXB-G-52070,Business Bay,Marasi Drive,,Instruct driver to take mandatory break,no
TRG001204,2026-05-24T16:27:43,idling,Idling,low,open,MNVR,Limousine & E-Hail,Khalid Al Naqbi,KN,Careem,DXB-P-34235,Downtown Dubai,Mohammed Bin Rashid Blvd,,Auto-close — under 5min,no
TRG001579,2026-05-24T16:26:46,camera,Camera Disconnection,high,investigation,DS/Teams,Taxi,Hamad Al Owais,HO,Cars Taxi,DXB-B-23782,JBR,The Beach Promenade,,Run firmware reset remotely,no
TRG000412,2026-05-24T16:26:37,signal,No Signal,medium,investigation,MNVR,Limousine & E-Hail,Yousef Al Tayer,YT,Yango Premium,DXB-H-84282,Jumeirah,Jumeirah Beach Road,,Auto-resolve when signal restored,no
TRG001354,2026-05-24T16:26:33,idling,Idling,medium,closed,ETMP,Public Bus,Hassan Al Tayer,HT,Emirates Transport,DXB-B-9907,Downtown Dubai,Financial Center Rd,,Auto-close — under 5min,no
TRG000056,2026-05-24T16:26:09,signal,No Signal,low,acknowledged,MNVR,Public Bus,Hassan Al Hashimi,HH,Emirates Transport,DXB-B-3479,Al Barsha,Mall of the Emirates,,Acknowledge — temporary blackout zone,no
TRG000196,2026-05-24T16:25:45,harsh,Harsh Driving,medium,acknowledged,ETMP,Taxi,Mohammed Al Suwaidi,MS,Dubai Taxi Corporation,DXB-B-81207,Mirdif,Algeria Street,76,Escalate to safety review board,no
TRG002772,2026-05-24T16:25:15,harsh,Harsh Driving,medium,acknowledged,ETMP,Taxi,Mansour Al Tayer,MT,National Taxi,DXB-H-91909,Deira,Baniyas Square,66,Escalate to safety review board,no
TRG000573,2026-05-24T16:25:09,distraction,Driver Distraction,low,stafteesh,DS/Teams,Limousine & E-Hail,Adel Al Zaabi,AZ,Yango Premium,DXB-R-44727,Downtown Dubai,Burj Khalifa Blvd,,Issue formal warning — 2nd offense,no
TRG000803,2026-05-24T16:24:06,distraction,Driver Distraction,low,open,MNVR,Hourly Rental,Mohammed Al Awadhi,MA,Hala Rides,DXB-J-99950,Al Rashidiya,Airport Road,,Send live coaching prompt to driver,no
TRG001366,2026-05-24T16:23:23,harsh,Harsh Driving,low,open,DS/Teams,Limousine & E-Hail,Faisal Al Marri,FM,Hala Rides,DXB-A-96157,Downtown Dubai,Burj Khalifa Blvd,46,Send to Stafteesh for fine assessment,no
TRG001954,2026-05-24T16:22:37,signal,No Signal,low,open,DS/Teams,Limousine & E-Hail,Tariq Al Falasi,TF,Yango Premium,DXB-B-37470,Al Rashidiya,Rashidiya Metro Rd,,Dispatch tech if persistent >15min,no
TRG000946,2026-05-24T16:21:52,signal,No Signal,medium,acknowledged,DS/Teams,Hourly Rental,Marwan Al Tayer,MT,Hala Rides,DXB-K-44844,Dubai Sports City,Els Club Rd,,Auto-resolve when signal restored,no
TRG001148,2026-05-24T16:21:43,distraction,Driver Distraction,low,open,DS/Teams,Taxi,Adel Al Qassimi,AQ,Cars Taxi,DXB-I-95497,Business Bay,Al Abraj Street,,Send live coaching prompt to driver,no
TRG002249,2026-05-24T16:21:33,distraction,Driver Distraction,high,fined,MNVR,Taxi,Faisal Al Hashimi,FH,Cars Taxi,DXB-C-15992,Al Barsha,Sheikh Zayed Road,,Issue formal warning — 2nd offense,no
TRG002073,2026-05-24T16:21:29,signal,No Signal,low,closed,DS/Teams,Taxi,Adel Al Maktoum,AM,Arabia Taxi,DXB-F-85167,Deira,Gold Souq Street,,Re-establish GPS handshake,no
TRG000540,2026-05-24T16:21:26,fatigue,Driver Fatigue,medium,closed,DS/Teams,Taxi,Hassan Al Hammadi,HH,Cars Taxi,DXB-S-42939,Silicon Oasis,Sheikh Mohammed Bin Zayed Rd,,Instruct driver to take mandatory break,no
TRG001531,2026-05-24T16:19:47,camera,Camera Disconnection,medium,closed,MNVR,Taxi,Mansour Al Awadhi,MA,Metro Taxi,DXB-Q-66043,Mirdif,Tripoli Street,,Run firmware reset remotely,no
TRG000875,2026-05-24T16:18:55,camera,Camera Disconnection,high,closed,ETMP,Taxi,Nasser Al Suwaidi,NS,Dubai Taxi Corporation,DXB-N-30615,Business Bay,Business Bay Crossing,,Dispatch field tech — recurring issue,no
TRG001728,2026-05-24T16:18:16,idling,Idling,low,open,MNVR,Limousine & E-Hail,Salim Al Hammadi,SH,Genie Limousine,DXB-J-88960,Downtown Dubai,Mohammed Bin Rashid Blvd,,Acknowledge — within tolerance,no
TRG001423,2026-05-24T16:17:42,idling,Idling,low,open,ETMP,Taxi,Walid Al Hashimi,WH,Cars Taxi,DXB-E-28892,Silicon Oasis,Wadi Al Safa St,,Flag for daily review,yes
TRG000856,2026-05-24T16:17:36,camera,Camera Disconnection,high,stafteesh,DS/Teams,Taxi,Mansour Al Hashimi,MH,Metro Taxi,DXB-Q-49626,Deira,Al Rigga Road,,Verify cable connection at next stop,no
TRG000363,2026-05-24T16:17:30,harsh,Harsh Driving,low,closed,ETMP,Public Bus,Saeed Al Mazrouei,SM,RTA Public Buses,DXB-B-6770,JBR,The Beach Promenade,48,Issue coaching alert to driver,no
TRG000095,2026-05-24T16:15:36,signal,No Signal,high,investigation,MNVR,Hourly Rental,Bilal Al Falasi,BF,Careem,DXB-O-80914,Dubai Investment Park,Schoolzone Rd,,Acknowledge — temporary blackout zone,no
TRG001398,2026-05-24T16:15:29,harsh,Harsh Driving,low,open,DS/Teams,Limousine & E-Hail,Faisal Al Awadhi,FA,Yango Premium,DXB-T-75395,Dubai Marina,Marina Walk,70,Log for end-of-shift review,no
TRG000852,2026-05-24T16:15:23,harsh,Harsh Driving,high,open,MNVR,Taxi,Tariq Al Hammadi,TH,Metro Taxi,DXB-D-15081,Jebel Ali,Jebel Ali Free Zone,115,Send to Stafteesh for fine assessment,no
TRG000066,2026-05-24T16:15:07,harsh,Harsh Driving,low,open,MNVR,Marine,Yousef Al Maktoum,YM,Dubai Marine Transport,MAR-188,Dubai Sports City,Sports City Boulevard,68,Escalate to safety review board,no
TRG001867,2026-05-24T16:14:40,camera,Camera Disconnection,medium,closed,DS/Teams,Limousine & E-Hail,Saeed Al Owais,SO,Uber Fleet,DXB-R-34772,Al Rashidiya,Rashidiya Metro Rd,,Run firmware reset remotely,no
TRG001167,2026-05-24T16:13:13,signal,No Signal,medium,investigation,DS/Teams,School Bus,Hassan Al Hammadi,HH,School Transport Services,DXB-S-6035,Dubai Marina,Marina Walk,,Acknowledge — temporary blackout zone,no
TRG002676,2026-05-24T16:12:46,distraction,Driver Distraction,medium,closed,DS/Teams,Public Bus,Walid Al Zaabi,WZ,Emirates Transport,DXB-B-9770,Dubai Sports City,Sports City Boulevard,,"Acknowledge — minor, log only",no
TRG000711,2026-05-24T16:12:19,signal,No Signal,low,investigation,MNVR,Taxi,Hassan Al Naqbi,HN,Cars Taxi,DXB-I-72988,JBR,The Beach Promenade,,Re-establish GPS handshake,no
TRG002404,2026-05-24T16:11:50,signal,No Signal,medium,closed,DS/Teams,Public Bus,Rashid Al Maktoum,RM,RTA Public Buses,DXB-B-6996,Downtown Dubai,Sheikh Mohammed Bin Rashid Blvd,,Dispatch tech if persistent >15min,no
TRG001521,2026-05-24T16:11:26,fatigue,Driver Fatigue,low,acknowledged,DS/Teams,Taxi,Nasser Al Hashimi,NH,Cars Taxi,DXB-C-17928,Business Bay,Al Abraj Street,,Override dispatch — pull from rotation,no
TRG001911,2026-05-24T16:11:12,distraction,Driver Distraction,medium,open,MNVR,Taxi,Fadi Al Marri,FM,Dubai Taxi Corporation,DXB-K-41888,JBR,The Beach Promenade,,Send live coaching prompt to driver,yes
TRG001864,2026-05-24T16:10:30,fatigue,Driver Fatigue,high,open,MNVR,Public Bus,Walid Al Tayer,WT,Emirates Transport,DXB-B-8824,Al Rashidiya,Airport Road,,Confirm with supervisor & monitor,no
TRG001641,2026-05-24T16:10:27,camera,Camera Disconnection,high,closed,MNVR,Taxi,Tariq Al Qassimi,TQ,Metro Taxi,DXB-P-45173,Downtown Dubai,Mohammed Bin Rashid Blvd,,Verify cable connection at next stop,no
TRG000504,2026-05-24T16:10:05,idling,Idling,low,open,ETMP,Taxi,Khalid Al Mazrouei,KM,Arabia Taxi,DXB-O-55631,Al Barsha,Sheikh Zayed Road,,Auto-close — under 5min,no
TRG001078,2026-05-24T16:09:27,fatigue,Driver Fatigue,high,closed,MNVR,Taxi,Walid Al Owais,WO,National Taxi,DXB-P-25621,Business Bay,Bay Avenue,,Override dispatch — pull from rotation,no
TRG001520,2026-05-24T16:09:25,harsh,Harsh Driving,high,investigation,MNVR,Hourly Rental,Marwan Al Mazrouei,MM,Al Naboodah Transport,DXB-H-73535,JBR,Jumeirah Beach Residence,140,Issue coaching alert to driver,no
TRG001133,2026-05-24T16:09:12,distraction,Driver Distraction,medium,open,ETMP,Taxi,Mahmoud Al Shamsi,MS,Metro Taxi,DXB-O-97931,Business Bay,Marasi Drive,,"Acknowledge — minor, log only",no
TRG001710,2026-05-24T16:07:26,distraction,Driver Distraction,high,open,MNVR,Taxi,Ibrahim Al Tayer,IT,Citi Taxi,DXB-R-34167,Downtown Dubai,Financial Center Rd,,"Acknowledge — minor, log only",no
TRG000865,2026-05-24T16:06:40,distraction,Driver Distraction,medium,closed,ETMP,Taxi,Mohammed Al Falasi,MF,Citi Taxi,DXB-M-85804,Jumeirah,Al Wasl Road,,"Acknowledge — minor, log only",no
TRG000202,2026-05-24T16:06:24,fatigue,Driver Fatigue,medium,investigation,MNVR,Public Bus,Walid Al Awadhi,WA,Emirates Transport,DXB-B-1539,Al Quoz,Al Meydan Road,,Route to nearest rest stop,no
TRG001317,2026-05-24T16:06:01,idling,Idling,medium,acknowledged,ETMP,Limousine & E-Hail,Sultan Al Maktoum,SM,Genie Limousine,DXB-L-40866,Business Bay,Al Abraj Street,,Flag for daily review,no
TRG001405,2026-05-24T16:05:48,harsh,Harsh Driving,medium,investigation,DS/Teams,Marine,Sultan Al Maktoum,SM,Dubai Marine Transport,MAR-896,Downtown Dubai,Mohammed Bin Rashid Blvd,86,Log for end-of-shift review,no
TRG000069,2026-05-24T16:05:43,distraction,Driver Distraction,high,closed,DS/Teams,Public Bus,Hassan Al Zaabi,HZ,Emirates Transport,DXB-B-2754,Jumeirah,Al Wasl Road,,Send live coaching prompt to driver,no
TRG002148,2026-05-24T16:05:31,camera,Camera Disconnection,high,acknowledged,DS/Teams,Limousine & E-Hail,Mohammed Al Qassimi,MQ,Yango Premium,DXB-Q-70943,Business Bay,Bay Avenue,,Escalate to fleet maintenance,no
TRG001868,2026-05-24T16:05:28,camera,Camera Disconnection,high,investigation,MNVR,Hourly Rental,Bilal Al Qassimi,BQ,Hala Rides,DXB-I-13482,Jebel Ali,Sheikh Zayed Road,,Dispatch field tech — recurring issue,no
TRG002339,2026-05-24T16:04:28,distraction,Driver Distraction,high,acknowledged,ETMP,Taxi,Karim Al Suwaidi,KS,Cars Taxi,DXB-S-46733,Dubai Investment Park,DIP First Road,,"Acknowledge — minor, log only",no
TRG001666,2026-05-24T16:00:59,idling,Idling,medium,open,ETMP,Limousine & E-Hail,Fadi Al Maktoum,FM,Hala Rides,DXB-K-68429,Silicon Oasis,Dubai Silicon Oasis Hub,,Flag for daily review,no
TRG000370,2026-05-24T16:00:40,fatigue,Driver Fatigue,high,closed,MNVR,School Bus,Marwan Al Shamsi,MS,Emirates Transport,DXB-S-2383,Dubai Marina,King Salman Bin Abdulaziz Al Saud St,,Override dispatch — pull from rotation,no
TRG001706,2026-05-24T15:59:31,fatigue,Driver Fatigue,high,acknowledged,DS/Teams,Taxi,Tariq Al Suwaidi,TS,Dubai Taxi Corporation,DXB-S-68584,Business Bay,Al Abraj Street,,Confirm with supervisor & monitor,no
TRG001729,2026-05-24T15:59:12,camera,Camera Disconnection,high,closed,ETMP,Taxi,Marwan Al Shamsi,MS,Metro Taxi,DXB-F-90137,Al Qusais,Al Nahda Road,,Dispatch field tech — recurring issue,no
TRG002037,2026-05-24T15:58:22,harsh,Harsh Driving,medium,acknowledged,MNVR,Taxi,Nasser Al Naqbi,NN,Arabia Taxi,DXB-J-44980,Downtown Dubai,Sheikh Mohammed Bin Rashid Blvd,78,Send to Stafteesh for fine assessment,no
TRG001497,2026-05-24T15:57:53,fatigue,Driver Fatigue,medium,closed,DS/Teams,Taxi,Yousef Al Owais,YO,Cars Taxi,DXB-O-53936,Al Quoz,Al Meydan Road,,Instruct driver to take mandatory break,no
TRG001047,2026-05-24T15:57:32,distraction,Driver Distraction,medium,open,MNVR,Limousine & E-Hail,Sultan Al Owais,SO,Careem,DXB-B-18959,Dubai Sports City,Sports City Boulevard,,Send live coaching prompt to driver,no
TRG001301,2026-05-24T15:56:53,fatigue,Driver Fatigue,high,open,MNVR,Taxi,Salim Al Shamsi,SS,Arabia Taxi,DXB-H-94291,Dubai Marina,King Salman Bin Abdulaziz Al Saud St,,Confirm with supervisor & monitor,no
TRG000669,2026-05-24T15:56:46,harsh,Harsh Driving,high,open,MNVR,Marine,Tariq Al Qassimi,TQ,Dubai Marine Transport,MAR-952,Mirdif,Tripoli Street,81,Log for end-of-shift review,no
TRG002068,2026-05-24T15:56:42,fatigue,Driver Fatigue,medium,open,MNVR,Limousine & E-Hail,Walid Al Shamsi,WS,Hala Rides,DXB-P-46037,Deira,Al Maktoum Road,,Instruct driver to take mandatory break,no
TRG000737,2026-05-24T15:55:50,camera,Camera Disconnection,low,open,MNVR,Public Bus,Bilal Al Tayer,BT,Emirates Transport,DXB-B-1911,Downtown Dubai,Mohammed Bin Rashid Blvd,,Run firmware reset remotely,no
TRG000212,2026-05-24T15:55:49,camera,Camera Disconnection,high,investigation,DS/Teams,Limousine & E-Hail,Sultan Al Hashimi,SH,Yango Premium,DXB-G-10105,Al Barsha,Mall of the Emirates,,Escalate to fleet maintenance,yes
TRG001887,2026-05-24T15:55:39,distraction,Driver Distraction,medium,acknowledged,ETMP,Hourly Rental,Sultan Al Owais,SO,Al Naboodah Transport,DXB-O-48746,Al Barsha,Sheikh Zayed Road,,Send live coaching prompt to driver,no
TRG002083,2026-05-24T15:55:38,harsh,Harsh Driving,high,closed,DS/Teams,Taxi,Faisal Al Suwaidi,FS,Arabia Taxi,DXB-P-14767,Dubai Investment Park,Green Community,136,Issue coaching alert to driver,no
TRG001241,2026-05-24T15:55:28,harsh,Harsh Driving,medium,open,ETMP,School Bus,Marwan Al Hashimi,MH,Emirates Transport,DXB-S-8758,Al Barsha,Mall of the Emirates,81,Escalate to safety review board,no
TRG000323,2026-05-24T15:54:58,fatigue,Driver Fatigue,medium,investigation,MNVR,Taxi,Ibrahim Al Falasi,IF,National Taxi,DXB-N-53984,Dubai Marina,Al Marsa Street,,Override dispatch — pull from rotation,no
TRG002400,2026-05-24T15:54:41,harsh,Harsh Driving,medium,fined,ETMP,Limousine & E-Hail,Faisal Al Falasi,FF,Careem,DXB-A-10988,Business Bay,Bay Avenue,83,Escalate to safety review board,no
TRG001590,2026-05-24T15:54:18,camera,Camera Disconnection,medium,closed,MNVR,Taxi,Omar Al Zaabi,OZ,Dubai Taxi Corporation,DXB-H-91392,Business Bay,Al Abraj Street,,Dispatch field tech — recurring issue,no
TRG001007,2026-05-24T15:53:58,harsh,Harsh Driving,high,acknowledged,MNVR,Marine,Salim Al Shamsi,SS,Dubai Marine Transport,MAR-812,JBR,The Walk,122,Log for end-of-shift review,no
TRG001079,2026-05-24T15:53:50,idling,Idling,low,stafteesh,DS/Teams,Limousine & E-Hail,Walid Al Marri,WM,Yango Premium,DXB-J-33435,Downtown Dubai,Burj Khalifa Blvd,,Send efficiency reminder to driver,no
TRG001982,2026-05-24T15:53:41,signal,No Signal,low,closed,ETMP,Limousine & E-Hail,Ibrahim Al Owais,IO,Careem,DXB-O-35596,Al Barsha,Sheikh Zayed Road,,Dispatch tech if persistent >15min,no
TRG000298,2026-05-24T15:52:13,fatigue,Driver Fatigue,high,investigation,MNVR,Taxi,Sultan Al Mansouri,SM,Dubai Taxi Corporation,DXB-T-16858,Downtown Dubai,Burj Khalifa Blvd,,Override dispatch — pull from rotation,no
TRG000021,2026-05-24T15:51:35,signal,No Signal,low,closed,ETMP,Taxi,Omar Al Awadhi,OA,Arabia Taxi,DXB-K-19508,JBR,The Beach Promenade,,Acknowledge — temporary blackout zone,no
TRG002562,2026-05-24T15:51:01,signal,No Signal,medium,acknowledged,MNVR,School Bus,Marwan Al Suwaidi,MS,School Transport Services,DXB-S-8079,Dubai Sports City,Hessa Street,,Re-establish GPS handshake,no
TRG000038,2026-05-24T15:50:58,signal,No Signal,high,closed,DS/Teams,School Bus,Fadi Al Zaabi,FZ,Emirates Transport,DXB-S-1406,Al Qusais,Damascus Street,,Acknowledge — temporary blackout zone,yes
TRG000489,2026-05-24T15:50:55,fatigue,Driver Fatigue,high,closed,ETMP,School Bus,Nasser Al Suwaidi,NS,School Transport Services,DXB-S-3583,Mirdif,Mirdif City Centre Rd,,Confirm with supervisor & monitor,no
TRG002031,2026-05-24T15:49:18,camera,Camera Disconnection,high,investigation,MNVR,Public Bus,Adel Al Marri,AM,RTA Public Buses,DXB-B-2908,Al Rashidiya,Airport Road,,Verify cable connection at next stop,no
TRG001283,2026-05-24T15:47:14,distraction,Driver Distraction,low,closed,DS/Teams,Taxi,Salim Al Falasi,SF,Metro Taxi,DXB-E-94118,Al Barsha,Sheikh Zayed Road,,Send live coaching prompt to driver,no
TRG002048,2026-05-24T15:45:32,harsh,Harsh Driving,high,acknowledged,ETMP,Limousine & E-Hail,Ziad Al Owais,ZO,Hala Rides,DXB-A-14034,Mirdif,Tripoli Street,87,Send to Stafteesh for fine assessment,no
TRG001875,2026-05-24T15:43:04,fatigue,Driver Fatigue,high,investigation,ETMP,School Bus,Mohammed Al Shamsi,MS,Emirates Transport,DXB-S-4603,JBR,The Walk,,Instruct driver to take mandatory break,no
TRG000688,2026-05-24T15:41:56,fatigue,Driver Fatigue,high,stafteesh,MNVR,Limousine & E-Hail,Nasser Al Maktoum,NM,Careem,DXB-T-28272,Business Bay,Bay Avenue,,Override dispatch — pull from rotation,no
TRG001997,2026-05-24T15:41:46,distraction,Driver Distraction,high,acknowledged,DS/Teams,Hourly Rental,Adel Al Tayer,AT,Careem,DXB-P-46789,JBR,The Beach Promenade,,Send live coaching prompt to driver,no
TRG002545,2026-05-24T15:41:36,signal,No Signal,medium,open,DS/Teams,Hourly Rental,Salim Al Naqbi,SN,Careem,DXB-J-96537,JBR,The Walk,,Acknowledge — temporary blackout zone,no
TRG000273,2026-05-24T15:41:27,signal,No Signal,high,investigation,DS/Teams,Public Bus,Hamad Al Mansouri,HM,RTA Public Buses,DXB-B-4572,Dubai Investment Park,Green Community,,Dispatch tech if persistent >15min,no
TRG000769,2026-05-24T15:40:57,harsh,Harsh Driving,medium,acknowledged,ETMP,Hourly Rental,Fadi Al Hammadi,FH,Careem,DXB-K-91232,Dubai Sports City,Sports City Boulevard,79,Escalate to safety review board,no
TRG000204,2026-05-24T15:39:11,idling,Idling,low,closed,DS/Teams,Hourly Rental,Bilal Al Nuaimi,BN,Al Naboodah Transport,DXB-C-45779,Dubai Investment Park,DIP First Road,,Flag for daily review,yes
TRG001690,2026-05-24T15:38:48,fatigue,Driver Fatigue,high,open,MNVR,Hourly Rental,Rashid Al Tayer,RT,Al Naboodah Transport,DXB-S-52655,Downtown Dubai,Burj Khalifa Blvd,,Instruct driver to take mandatory break,no
TRG001263,2026-05-24T15:38:18,idling,Idling,low,investigation,DS/Teams,Limousine & E-Hail,Nasser Al Nuaimi,NN,Hala Rides,DXB-D-90918,Dubai Marina,Sheikh Zayed Rd Junction,,Auto-close — under 5min,no
TRG001387,2026-05-24T15:37:13,harsh,Harsh Driving,medium,acknowledged,MNVR,Taxi,Faisal Al Tayer,FT,Arabia Taxi,DXB-O-49254,Dubai Marina,Al Marsa Street,71,Send to Stafteesh for fine assessment,no
TRG000018,2026-05-24T15:36:21,harsh,Harsh Driving,high,escalated,ETMP,Limousine & E-Hail,Mansour Al Suwaidi,MS,Yango Premium,DXB-E-78617,Al Rashidiya,Nadd Al Hamar Rd,112,Issue coaching alert to driver,no
TRG000620,2026-05-24T15:36:06,distraction,Driver Distraction,low,stafteesh,DS/Teams,Marine,Mansour Al Zaabi,MZ,Dubai Marine Transport,MAR-836,Al Rashidiya,Rashidiya Metro Rd,,Schedule supervisor review,no
TRG000555,2026-05-24T15:33:21,distraction,Driver Distraction,medium,stafteesh,ETMP,Limousine & E-Hail,Khalid Al Suwaidi,KS,Genie Limousine,DXB-Q-64644,Business Bay,Al Abraj Street,,Send live coaching prompt to driver,no
TRG002053,2026-05-24T15:30:57,fatigue,Driver Fatigue,low,acknowledged,MNVR,Marine,Sultan Al Zaabi,SZ,Dubai Marine Transport,MAR-221,Jumeirah,Umm Suqeim Road,,Instruct driver to take mandatory break,no
TRG000854,2026-05-24T15:30:56,harsh,Harsh Driving,medium,closed,DS/Teams,Taxi,Fadi Al Marri,FM,Arabia Taxi,DXB-I-36431,Business Bay,Business Bay Crossing,62,Send to Stafteesh for fine assessment,no
TRG000705,2026-05-24T15:29:53,distraction,Driver Distraction,high,acknowledged,MNVR,Public Bus,Salim Al Awadhi,SA,RTA Public Buses,DXB-B-9972,Dubai Sports City,Els Club Rd,,"Acknowledge — minor, log only",no
TRG002426,2026-05-24T15:29:51,camera,Camera Disconnection,high,closed,DS/Teams,Public Bus,Walid Al Hammadi,WH,Emirates Transport,DXB-B-1399,Downtown Dubai,Financial Center Rd,,Run firmware reset remotely,no
TRG002464,2026-05-24T15:29:51,camera,Camera Disconnection,high,escalated,MNVR,Taxi,Faisal Al Falasi,FF,National Taxi,DXB-R-56033,Dubai Marina,Sheikh Zayed Rd Junction,,Escalate to fleet maintenance,no
TRG000116,2026-05-24T15:29:39,harsh,Harsh Driving,high,escalated,ETMP,Taxi,Ibrahim Al Hammadi,IH,Metro Taxi,DXB-G-43388,Jumeirah,Umm Suqeim Road,117,Issue coaching alert to driver,no
TRG001734,2026-05-24T15:29:33,idling,Idling,low,acknowledged,MNVR,School Bus,Faisal Al Zaabi,FZ,School Transport Services,DXB-S-9843,Al Quoz,Al Meydan Road,,Auto-close — under 5min,no
TRG002021,2026-05-24T15:28:38,harsh,Harsh Driving,low,acknowledged,DS/Teams,Public Bus,Ziad Al Maktoum,ZM,Emirates Transport,DXB-B-7339,Al Quoz,Al Meydan Road,52,Issue coaching alert to driver,no
TRG001555,2026-05-24T15:27:27,signal,No Signal,low,stafteesh,MNVR,Public Bus,Marwan Al Nuaimi,MN,Emirates Transport,DXB-B-3922,Al Barsha,Al Barsha Road,,Auto-resolve when signal restored,no
TRG000276,2026-05-24T15:27:02,harsh,Harsh Driving,medium,investigation,ETMP,School Bus,Sultan Al Tayer,ST,Emirates Transport,DXB-S-7700,JBR,The Walk,82,Escalate to safety review board,no
TRG001234,2026-05-24T15:26:38,camera,Camera Disconnection,high,open,MNVR,Limousine & E-Hail,Hamad Al Falasi,HF,Careem,DXB-O-40914,JBR,The Beach Promenade,,Dispatch field tech — recurring issue,no
TRG001290,2026-05-24T15:26:05,camera,Camera Disconnection,high,investigation,DS/Teams,Taxi,Hamad Al Naqbi,HN,National Taxi,DXB-P-46834,Mirdif,Algeria Street,,Escalate to fleet maintenance,no
TRG002361,2026-05-24T15:25:44,idling,Idling,low,acknowledged,MNVR,School Bus,Tariq Al Falasi,TF,Emirates Transport,DXB-S-9019,Al Rashidiya,Nadd Al Hamar Rd,,Auto-close — under 5min,no
TRG000262,2026-05-24T15:25:23,fatigue,Driver Fatigue,medium,closed,MNVR,Taxi,Omar Al Suwaidi,OS,Cars Taxi,DXB-O-69822,Dubai Marina,Al Marsa Street,,Confirm with supervisor & monitor,no
TRG001235,2026-05-24T15:25:12,idling,Idling,medium,escalated,MNVR,Limousine & E-Hail,Ibrahim Al Hashimi,IH,Uber Fleet,DXB-I-70652,Deira,Baniyas Square,,Send efficiency reminder to driver,no
TRG000689,2026-05-24T15:23:06,fatigue,Driver Fatigue,high,open,DS/Teams,Public Bus,Bilal Al Qassimi,BQ,RTA Public Buses,DXB-B-3574,Business Bay,Al Abraj Street,,Confirm with supervisor & monitor,no
TRG001970,2026-05-24T15:22:41,idling,Idling,low,open,DS/Teams,School Bus,Sultan Al Hashimi,SH,Emirates Transport,DXB-S-3865,Al Quoz,Al Meydan Road,,Flag for daily review,no
TRG001082,2026-05-24T15:22:35,fatigue,Driver Fatigue,low,closed,DS/Teams,Public Bus,Marwan Al Tayer,MT,RTA Public Buses,DXB-B-7920,Silicon Oasis,Sheikh Mohammed Bin Zayed Rd,,Instruct driver to take mandatory break,no
TRG001376,2026-05-24T15:19:48,camera,Camera Disconnection,high,acknowledged,MNVR,Taxi,Walid Al Shamsi,WS,Metro Taxi,DXB-K-61760,Al Barsha,Sheikh Zayed Road,,Dispatch field tech — recurring issue,no
TRG001311,2026-05-24T15:18:07,signal,No Signal,high,open,DS/Teams,Limousine & E-Hail,Hamad Al Nuaimi,HN,Hala Rides,DXB-J-57560,Al Barsha,Sheikh Zayed Road,,Dispatch tech if persistent >15min,no
TRG000593,2026-05-24T15:17:52,harsh,Harsh Driving,low,investigation,DS/Teams,Public Bus,Nasser Al Zaabi,NZ,RTA Public Buses,DXB-B-1081,Al Qusais,Al Nahda Road,58,Log for end-of-shift review,no
TRG000290,2026-05-24T15:17:46,distraction,Driver Distraction,high,escalated,ETMP,Limousine & E-Hail,Omar Al Hashimi,OH,Uber Fleet,DXB-C-47875,Downtown Dubai,Mohammed Bin Rashid Blvd,,Schedule supervisor review,no
TRG002452,2026-05-24T15:17:44,camera,Camera Disconnection,medium,open,MNVR,Hourly Rental,Ibrahim Al Mansouri,IM,Hala Rides,DXB-C-99717,Dubai Marina,Al Marsa Street,,Verify cable connection at next stop,no
TRG000176,2026-05-24T15:17:05,signal,No Signal,medium,stafteesh,MNVR,Taxi,Faisal Al Qassimi,FQ,Metro Taxi,DXB-O-21168,Jebel Ali,Sheikh Zayed Road,,Acknowledge — temporary blackout zone,no
TRG002093,2026-05-24T15:16:56,distraction,Driver Distraction,medium,acknowledged,MNVR,Taxi,Hassan Al Tayer,HT,National Taxi,DXB-C-25601,Al Barsha,Al Barsha Road,,Issue formal warning — 2nd offense,no
TRG001031,2026-05-24T15:16:42,distraction,Driver Distraction,low,closed,MNVR,Taxi,Fadi Al Qassimi,FQ,Metro Taxi,DXB-T-93852,Dubai Marina,Al Marsa Street,,"Acknowledge — minor, log only",no
TRG001403,2026-05-24T15:16:40,signal,No Signal,low,stafteesh,MNVR,Hourly Rental,Walid Al Hashimi,WH,Careem,DXB-K-90237,JBR,The Beach Promenade,,Re-establish GPS handshake,no
TRG002706,2026-05-24T15:16:20,signal,No Signal,high,open,MNVR,Taxi,Khalid Al Tayer,KT,Dubai Taxi Corporation,DXB-O-52624,Deira,Al Rigga Road,,Dispatch tech if persistent >15min,no
TRG001200,2026-05-24T15:16:16,distraction,Driver Distraction,medium,investigation,DS/Teams,Taxi,Hassan Al Mazrouei,HM,Citi Taxi,DXB-O-61572,Business Bay,Bay Avenue,,Schedule supervisor review,no
TRG002502,2026-05-24T15:14:21,harsh,Harsh Driving,medium,open,ETMP,Limousine & E-Hail,Walid Al Qassimi,WQ,Careem,DXB-K-76479,Business Bay,Bay Avenue,69,Escalate to safety review board,no
TRG002226,2026-05-24T15:13:33,distraction,Driver Distraction,high,open,DS/Teams,Taxi,Ayman Al Awadhi,AA,Dubai Taxi Corporation,DXB-L-91592,Business Bay,Business Bay Crossing,,"Acknowledge — minor, log only",no
TRG002633,2026-05-24T15:13:32,fatigue,Driver Fatigue,high,stafteesh,DS/Teams,Public Bus,Mahmoud Al Hammadi,MH,RTA Public Buses,DXB-B-1489,Business Bay,Al Abraj Street,,Instruct driver to take mandatory break,no
TRG001563,2026-05-24T15:13:29,fatigue,Driver Fatigue,medium,closed,DS/Teams,Public Bus,Walid Al Owais,WO,RTA Public Buses,DXB-B-9492,Al Barsha,Mall of the Emirates,,Instruct driver to take mandatory break,no
TRG002239,2026-05-24T15:11:45,signal,No Signal,high,acknowledged,DS/Teams,Public Bus,Yousef Al Mansouri,YM,Emirates Transport,DXB-B-2567,Mirdif,Tripoli Street,,Auto-resolve when signal restored,yes
TRG000229,2026-05-24T15:11:14,fatigue,Driver Fatigue,medium,acknowledged,ETMP,Taxi,Hassan Al Marri,HM,Cars Taxi,DXB-C-53467,Al Qusais,Al Nahda Road,,Instruct driver to take mandatory break,no
TRG001341,2026-05-24T15:11:07,signal,No Signal,medium,stafteesh,MNVR,Taxi,Mahmoud Al Zaabi,MZ,Cars Taxi,DXB-T-19488,Silicon Oasis,Sheikh Mohammed Bin Zayed Rd,,Acknowledge — temporary blackout zone,no
TRG001396,2026-05-24T15:10:50,harsh,Harsh Driving,medium,fined,MNVR,Hourly Rental,Mahmoud Al Tayer,MT,Careem,DXB-S-77212,Jumeirah,Umm Suqeim Road,70,Send to Stafteesh for fine assessment,no
TRG001280,2026-05-24T15:10:28,idling,Idling,medium,closed,MNVR,Taxi,Adel Al Mazrouei,AM,National Taxi,DXB-H-83992,Jumeirah,Jumeirah Beach Road,,Flag for daily review,no
TRG000177,2026-05-24T15:10:08,fatigue,Driver Fatigue,medium,investigation,MNVR,Taxi,Salim Al Falasi,SF,Cars Taxi,DXB-I-95154,Business Bay,Al Abraj Street,,Instruct driver to take mandatory break,no
TRG001994,2026-05-24T15:10:08,signal,No Signal,high,fined,DS/Teams,Hourly Rental,Nasser Al Mansouri,NM,Al Naboodah Transport,DXB-J-52528,JBR,The Beach Promenade,,Dispatch tech if persistent >15min,no
TRG000548,2026-05-24T15:10:03,distraction,Driver Distraction,medium,open,DS/Teams,Limousine & E-Hail,Tariq Al Hammadi,TH,Genie Limousine,DXB-M-58378,Al Qusais,Al Nahda Road,,Schedule supervisor review,no
TRG002193,2026-05-24T15:09:43,distraction,Driver Distraction,high,stafteesh,DS/Teams,Taxi,Hamad Al Qassimi,HQ,Arabia Taxi,DXB-Q-68752,Deira,Al Maktoum Road,,"Acknowledge — minor, log only",no
TRG001707,2026-05-24T15:08:04,distraction,Driver Distraction,medium,acknowledged,DS/Teams,Taxi,Fadi Al Marri,FM,Citi Taxi,DXB-Q-57683,Al Rashidiya,Rashidiya Metro Rd,,Schedule supervisor review,no
TRG002488,2026-05-24T15:07:28,idling,Idling,low,acknowledged,MNVR,Hourly Rental,Mohammed Al Falasi,MF,Hala Rides,DXB-K-24980,Al Quoz,Al Khail Road,,Auto-close — under 5min,no
TRG002144,2026-05-24T15:07:16,idling,Idling,medium,fined,MNVR,Limousine & E-Hail,Mohammed Al Shamsi,MS,Careem,DXB-I-80140,Al Qusais,Al Nahda Road,,Flag for daily review,no
TRG000976,2026-05-24T15:07:09,fatigue,Driver Fatigue,high,closed,MNVR,Limousine & E-Hail,Bilal Al Nuaimi,BN,Genie Limousine,DXB-H-36692,Al Quoz,Al Asayel Street,,Route to nearest rest stop,yes
TRG000887,2026-05-24T15:06:57,camera,Camera Disconnection,high,closed,DS/Teams,Taxi,Ayman Al Mansouri,AM,Dubai Taxi Corporation,DXB-N-52481,Business Bay,Marasi Drive,,Verify cable connection at next stop,no
TRG001412,2026-05-24T15:05:59,signal,No Signal,low,acknowledged,DS/Teams,Limousine & E-Hail,Bilal Al Naqbi,BN,Yango Premium,DXB-A-65492,Downtown Dubai,Financial Center Rd,,Acknowledge — temporary blackout zone,no
TRG002733,2026-05-24T15:05:24,distraction,Driver Distraction,medium,investigation,MNVR,Public Bus,Faisal Al Tayer,FT,RTA Public Buses,DXB-B-7539,Jumeirah,Jumeirah Beach Road,,"Acknowledge — minor, log only",no
TRG000829,2026-05-24T15:05:03,fatigue,Driver Fatigue,high,acknowledged,DS/Teams,Public Bus,Marwan Al Naqbi,MN,RTA Public Buses,DXB-B-8376,Jumeirah,Jumeirah Beach Road,,Confirm with supervisor & monitor,no
TRG001543,2026-05-24T15:03:33,harsh,Harsh Driving,medium,open,ETMP,Public Bus,Yousef Al Zaabi,YZ,RTA Public Buses,DXB-B-1913,Deira,Baniyas Square,82,Issue coaching alert to driver,no
TRG002256,2026-05-24T15:02:16,distraction,Driver Distraction,high,closed,DS/Teams,Public Bus,Salim Al Falasi,SF,RTA Public Buses,DXB-B-5715,Downtown Dubai,Mohammed Bin Rashid Blvd,,Issue formal warning — 2nd offense,no
TRG000110,2026-05-24T15:02:04,signal,No Signal,low,investigation,MNVR,Taxi,Saeed Al Hashimi,SH,Arabia Taxi,DXB-A-11222,Al Quoz,Al Khail Road,,Re-establish GPS handshake,no
TRG001512,2026-05-24T15:01:07,harsh,Harsh Driving,medium,closed,DS/Teams,Hourly Rental,Hassan Al Mazrouei,HM,Al Naboodah Transport,DXB-S-34505,Dubai Marina,Marina Walk,83,Issue coaching alert to driver,no
TRG001214,2026-05-24T15:01:02,fatigue,Driver Fatigue,high,acknowledged,ETMP,Taxi,Khalid Al Nuaimi,KN,Cars Taxi,DXB-Q-84104,Business Bay,Bay Avenue,,Confirm with supervisor & monitor,no
TRG001905,2026-05-24T14:58:53,harsh,Harsh Driving,low,stafteesh,DS/Teams,Hourly Rental,Yousef Al Nuaimi,YN,Careem,DXB-E-73891,JBR,Jumeirah Beach Residence,56,Send to Stafteesh for fine assessment,no
TRG001976,2026-05-24T14:58:21,idling,Idling,low,closed,ETMP,School Bus,Omar Al Awadhi,OA,Emirates Transport,DXB-S-3902,Al Barsha,Mall of the Emirates,,Acknowledge — within tolerance,no
TRG000683,2026-05-24T14:56:56,distraction,Driver Distraction,low,open,DS/Teams,Public Bus,Ibrahim Al Mansouri,IM,Emirates Transport,DXB-B-7025,Business Bay,Business Bay Crossing,,Schedule supervisor review,no
TRG001220,2026-05-24T14:54:58,distraction,Driver Distraction,medium,open,MNVR,Public Bus,Ahmed Al Tayer,AT,Emirates Transport,DXB-B-2790,Jumeirah,Umm Suqeim Road,,Schedule supervisor review,no
TRG002411,2026-05-24T14:53:52,idling,Idling,low,open,DS/Teams,Taxi,Mansour Al Awadhi,MA,National Taxi,DXB-F-95945,Jumeirah,Al Wasl Road,,Acknowledge — within tolerance,no
TRG002572,2026-05-24T14:53:49,signal,No Signal,medium,escalated,MNVR,Taxi,Faisal Al Marri,FM,Dubai Taxi Corporation,DXB-G-32068,Dubai Sports City,Sports City Boulevard,,Re-establish GPS handshake,no
TRG001535,2026-05-24T14:52:31,harsh,Harsh Driving,high,closed,MNVR,Public Bus,Walid Al Shamsi,WS,RTA Public Buses,DXB-B-1221,Jumeirah,Jumeirah Beach Road,94,Log for end-of-shift review,no
TRG000819,2026-05-24T14:52:19,harsh,Harsh Driving,medium,open,MNVR,Limousine & E-Hail,Ahmed Al Shamsi,AS,Uber Fleet,DXB-R-63125,Downtown Dubai,Mohammed Bin Rashid Blvd,84,Issue coaching alert to driver,no
TRG000735,2026-05-24T14:52:03,harsh,Harsh Driving,high,acknowledged,DS/Teams,Limousine & E-Hail,Ayman Al Naqbi,AN,Careem,DXB-B-75598,Silicon Oasis,Wadi Al Safa St,134,Escalate to safety review board,no
TRG000805,2026-05-24T14:52:03,signal,No Signal,medium,investigation,DS/Teams,Limousine & E-Hail,Saeed Al Mazrouei,SM,Hala Rides,DXB-P-95839,Silicon Oasis,Sheikh Mohammed Bin Zayed Rd,,Dispatch tech if persistent >15min,yes
TRG000608,2026-05-24T14:51:52,harsh,Harsh Driving,high,fined,ETMP,Taxi,Ibrahim Al Shamsi,IS,National Taxi,DXB-M-61448,Al Barsha,Mall of the Emirates,119,Send to Stafteesh for fine assessment,no
TRG001773,2026-05-24T14:51:32,harsh,Harsh Driving,medium,open,MNVR,Taxi,Karim Al Owais,KO,National Taxi,DXB-J-13613,Al Quoz,Al Khail Road,78,Send to Stafteesh for fine assessment,no
TRG002747,2026-05-24T14:50:17,idling,Idling,low,closed,MNVR,Taxi,Nasser Al Naqbi,NN,Citi Taxi,DXB-M-43559,Dubai Sports City,Sports City Boulevard,,Flag for daily review,no
TRG001889,2026-05-24T14:49:44,idling,Idling,low,acknowledged,DS/Teams,Public Bus,Adel Al Hashimi,AH,RTA Public Buses,DXB-B-6831,Al Barsha,Sheikh Zayed Road,,Send efficiency reminder to driver,no
TRG000393,2026-05-24T14:49:25,fatigue,Driver Fatigue,medium,open,MNVR,Taxi,Salim Al Hashimi,SH,Arabia Taxi,DXB-C-14437,Silicon Oasis,Sheikh Mohammed Bin Zayed Rd,,Confirm with supervisor & monitor,no
TRG002377,2026-05-24T14:49:14,distraction,Driver Distraction,medium,acknowledged,MNVR,Public Bus,Faisal Al Owais,FO,RTA Public Buses,DXB-B-5990,Jumeirah,Umm Suqeim Road,,Schedule supervisor review,no
TRG002616,2026-05-24T14:48:38,harsh,Harsh Driving,high,open,DS/Teams,Hourly Rental,Karim Al Falasi,KF,Hala Rides,DXB-J-38955,Deira,Al Rigga Road,119,Escalate to safety review board,yes
TRG001205,2026-05-24T14:47:43,signal,No Signal,medium,closed,MNVR,Limousine & E-Hail,Mohammed Al Tayer,MT,Yango Premium,DXB-M-49810,Silicon Oasis,Sheikh Mohammed Bin Zayed Rd,,Acknowledge — temporary blackout zone,no
TRG000559,2026-05-24T14:46:08,fatigue,Driver Fatigue,medium,investigation,ETMP,Taxi,Bilal Al Qassimi,BQ,Metro Taxi,DXB-M-87662,Silicon Oasis,Wadi Al Safa St,,Override dispatch — pull from rotation,no
TRG000071,2026-05-24T14:46:07,harsh,Harsh Driving,high,open,ETMP,Taxi,Ziad Al Qassimi,ZQ,Dubai Taxi Corporation,DXB-L-90012,Al Rashidiya,Airport Road,128,Log for end-of-shift review,no
TRG001170,2026-05-24T14:45:46,distraction,Driver Distraction,medium,investigation,DS/Teams,Taxi,Khalid Al Nuaimi,KN,Metro Taxi,DXB-S-40971,Dubai Investment Park,Schoolzone Rd,,Schedule supervisor review,no
TRG001227,2026-05-24T14:45:18,signal,No Signal,medium,open,DS/Teams,School Bus,Faisal Al Qassimi,FQ,Emirates Transport,DXB-S-1444,Downtown Dubai,Burj Khalifa Blvd,,Auto-resolve when signal restored,no
TRG000621,2026-05-24T14:45:02,harsh,Harsh Driving,medium,acknowledged,DS/Teams,Taxi,Adel Al Falasi,AF,National Taxi,DXB-H-10626,Silicon Oasis,Dubai Silicon Oasis Hub,69,Issue coaching alert to driver,no
TRG002301,2026-05-24T14:44:31,harsh,Harsh Driving,high,acknowledged,ETMP,Marine,Sultan Al Qassimi,SQ,Dubai Marine Transport,MAR-242,Jebel Ali,Sheikh Zayed Road,108,Escalate to safety review board,no
TRG001554,2026-05-24T14:43:00,fatigue,Driver Fatigue,high,open,MNVR,Hourly Rental,Tariq Al Mazrouei,TM,Hala Rides,DXB-M-63058,Dubai Marina,King Salman Bin Abdulaziz Al Saud St,,Override dispatch — pull from rotation,no
TRG001417,2026-05-24T14:42:19,idling,Idling,medium,acknowledged,ETMP,Taxi,Omar Al Owais,OO,Metro Taxi,DXB-Q-50412,Jumeirah,Jumeirah Beach Road,,Acknowledge — within tolerance,no
TRG001181,2026-05-24T14:42:14,fatigue,Driver Fatigue,high,acknowledged,ETMP,Marine,Adel Al Owais,AO,Dubai Marine Transport,MAR-346,Mirdif,Tripoli Street,,Instruct driver to take mandatory break,no
TRG000488,2026-05-24T14:41:55,idling,Idling,medium,closed,MNVR,Taxi,Ahmed Al Tayer,AT,Dubai Taxi Corporation,DXB-T-24295,Dubai Marina,Al Marsa Street,,Acknowledge — within tolerance,no
TRG000015,2026-05-24T14:38:58,signal,No Signal,low,investigation,DS/Teams,Hourly Rental,Ibrahim Al Nuaimi,IN,Hala Rides,DXB-F-66875,Downtown Dubai,Sheikh Mohammed Bin Rashid Blvd,,Dispatch tech if persistent >15min,no
TRG000586,2026-05-24T14:38:14,idling,Idling,medium,acknowledged,DS/Teams,School Bus,Ayman Al Owais,AO,School Transport Services,DXB-S-3382,Downtown Dubai,Sheikh Mohammed Bin Rashid Blvd,,Flag for daily review,no
TRG002167,2026-05-24T14:37:55,signal,No Signal,medium,fined,DS/Teams,Limousine & E-Hail,Karim Al Mazrouei,KM,Genie Limousine,DXB-Q-84921,Mirdif,Tripoli Street,,Dispatch tech if persistent >15min,no
TRG002252,2026-05-24T14:37:25,idling,Idling,low,closed,MNVR,Taxi,Adel Al Suwaidi,AS,Metro Taxi,DXB-K-86290,Al Quoz,Al Asayel Street,,Auto-close — under 5min,no
TRG000389,2026-05-24T14:36:49,idling,Idling,low,investigation,MNVR,Taxi,Faisal Al Suwaidi,FS,Metro Taxi,DXB-M-96081,Al Qusais,Al Nahda Road,,Acknowledge — within tolerance,no
TRG001917,2026-05-24T14:35:52,signal,No Signal,medium,closed,ETMP,Taxi,Omar Al Awadhi,OA,Metro Taxi,DXB-L-30579,Al Qusais,Damascus Street,,Dispatch tech if persistent >15min,no
TRG001926,2026-05-24T14:35:44,harsh,Harsh Driving,medium,closed,MNVR,School Bus,Mohammed Al Naqbi,MN,School Transport Services,DXB-S-5577,Jumeirah,Al Wasl Road,89,Escalate to safety review board,no
TRG002485,2026-05-24T14:33:24,signal,No Signal,medium,closed,ETMP,Public Bus,Mohammed Al Hashimi,MH,RTA Public Buses,DXB-B-6152,Dubai Marina,King Salman Bin Abdulaziz Al Saud St,,Re-establish GPS handshake,no
TRG001983,2026-05-24T14:32:28,distraction,Driver Distraction,medium,closed,DS/Teams,Taxi,Mahmoud Al Mansouri,MM,Citi Taxi,DXB-I-31874,Dubai Sports City,Hessa Street,,Issue formal warning — 2nd offense,no
TRG002447,2026-05-24T14:32:22,harsh,Harsh Driving,high,open,MNVR,Taxi,Ibrahim Al Tayer,IT,Dubai Taxi Corporation,DXB-C-89995,Al Qusais,Al Nahda Road,126,Issue coaching alert to driver,yes
TRG002347,2026-05-24T14:32:02,idling,Idling,low,open,ETMP,Limousine & E-Hail,Karim Al Falasi,KF,Hala Rides,DXB-M-29754,Downtown Dubai,Sheikh Mohammed Bin Rashid Blvd,,Flag for daily review,no
TRG000857,2026-05-24T14:30:49,signal,No Signal,medium,acknowledged,DS/Teams,Taxi,Saeed Al Nuaimi,SN,Arabia Taxi,DXB-C-24125,Dubai Investment Park,Schoolzone Rd,,Auto-resolve when signal restored,no
TRG001817,2026-05-24T14:30:19,distraction,Driver Distraction,low,investigation,ETMP,Taxi,Ziad Al Qassimi,ZQ,Dubai Taxi Corporation,DXB-L-48760,Deira,Gold Souq Street,,Issue formal warning — 2nd offense,no
TRG001258,2026-05-24T14:30:16,idling,Idling,low,fined,DS/Teams,Marine,Mahmoud Al Qassimi,MQ,Dubai Marine Transport,MAR-818,Al Qusais,Al Nahda Road,,Acknowledge — within tolerance,no
TRG000596,2026-05-24T14:29:42,signal,No Signal,high,fined,DS/Teams,Public Bus,Walid Al Marri,WM,Emirates Transport,DXB-B-9574,JBR,The Walk,,Auto-resolve when signal restored,no
TRG002770,2026-05-24T14:29:35,fatigue,Driver Fatigue,high,closed,MNVR,Public Bus,Fadi Al Shamsi,FS,Emirates Transport,DXB-B-8649,Deira,Al Rigga Road,,Route to nearest rest stop,no
TRG000437,2026-05-24T14:28:59,fatigue,Driver Fatigue,medium,acknowledged,MNVR,School Bus,Hamad Al Maktoum,HM,Emirates Transport,DXB-S-7893,Al Barsha,Mall of the Emirates,,Override dispatch — pull from rotation,no
TRG002149,2026-05-24T14:28:40,idling,Idling,low,open,MNVR,Taxi,Ziad Al Naqbi,ZN,Metro Taxi,DXB-C-10775,Jumeirah,Al Wasl Road,,Acknowledge — within tolerance,no
TRG001470,2026-05-24T14:28:29,signal,No Signal,high,closed,DS/Teams,Taxi,Ayman Al Nuaimi,AN,Cars Taxi,DXB-C-75382,Al Rashidiya,Nadd Al Hamar Rd,,Auto-resolve when signal restored,no
TRG001500,2026-05-24T14:27:55,fatigue,Driver Fatigue,low,closed,DS/Teams,Hourly Rental,Mansour Al Zaabi,MZ,Careem,DXB-H-37738,Al Rashidiya,Airport Road,,Instruct driver to take mandatory break,no
TRG002202,2026-05-24T14:27:45,fatigue,Driver Fatigue,high,acknowledged,DS/Teams,Taxi,Ibrahim Al Zaabi,IZ,Citi Taxi,DXB-I-84983,Al Rashidiya,Rashidiya Metro Rd,,Override dispatch — pull from rotation,no
TRG001202,2026-05-24T14:26:49,distraction,Driver Distraction,low,open,DS/Teams,Taxi,Marwan Al Suwaidi,MS,Arabia Taxi,DXB-J-48610,Downtown Dubai,Burj Khalifa Blvd,,Schedule supervisor review,no
TRG000495,2026-05-24T14:26:03,fatigue,Driver Fatigue,high,closed,MNVR,Marine,Faisal Al Qassimi,FQ,Dubai Marine Transport,MAR-408,JBR,The Beach Promenade,,Override dispatch — pull from rotation,no
TRG000948,2026-05-24T14:25:34,camera,Camera Disconnection,high,open,DS/Teams,Taxi,Tariq Al Qassimi,TQ,National Taxi,DXB-L-28948,Al Rashidiya,Airport Road,,Escalate to fleet maintenance,no
TRG002381,2026-05-24T14:24:09,harsh,Harsh Driving,high,closed,DS/Teams,Limousine & E-Hail,Bilal Al Tayer,BT,Yango Premium,DXB-E-54798,Deira,Al Rigga Road,96,Send to Stafteesh for fine assessment,no
TRG001225,2026-05-24T14:22:59,harsh,Harsh Driving,high,closed,MNVR,Public Bus,Ayman Al Suwaidi,AS,RTA Public Buses,DXB-B-4993,Al Qusais,Al Nahda Road,102,Log for end-of-shift review,no
TRG000104,2026-05-24T14:22:48,camera,Camera Disconnection,high,escalated,ETMP,Hourly Rental,Fadi Al Suwaidi,FS,Al Naboodah Transport,DXB-G-64472,Downtown Dubai,Mohammed Bin Rashid Blvd,,Verify cable connection at next stop,no
TRG000876,2026-05-24T14:22:43,camera,Camera Disconnection,high,closed,MNVR,Taxi,Ziad Al Qassimi,ZQ,National Taxi,DXB-F-74037,Downtown Dubai,Sheikh Mohammed Bin Rashid Blvd,,Verify cable connection at next stop,no
TRG001953,2026-05-24T14:22:37,fatigue,Driver Fatigue,high,fined,MNVR,Hourly Rental,Hassan Al Marri,HM,Careem,DXB-C-97247,Downtown Dubai,Sheikh Mohammed Bin Rashid Blvd,,Confirm with supervisor & monitor,no
TRG000759,2026-05-24T14:20:54,camera,Camera Disconnection,high,open,MNVR,Limousine & E-Hail,Sultan Al Marri,SM,Careem,DXB-P-89282,Deira,Al Rigga Road,,Escalate to fleet maintenance,no
TRG000718,2026-05-24T14:20:46,distraction,Driver Distraction,medium,acknowledged,MNVR,Limousine & E-Hail,Hamad Al Suwaidi,HS,Uber Fleet,DXB-H-55064,Silicon Oasis,Dubai Silicon Oasis Hub,,Schedule supervisor review,no
TRG002603,2026-05-24T14:19:44,harsh,Harsh Driving,medium,escalated,DS/Teams,Hourly Rental,Faisal Al Suwaidi,FS,Hala Rides,DXB-B-69166,Deira,Baniyas Square,68,Escalate to safety review board,no
TRG001350,2026-05-24T14:19:40,idling,Idling,medium,acknowledged,ETMP,Public Bus,Ahmed Al Marri,AM,RTA Public Buses,DXB-B-1586,Deira,Gold Souq Street,,Flag for daily review,no
TRG001419,2026-05-24T14:18:34,distraction,Driver Distraction,low,escalated,DS/Teams,Taxi,Sultan Al Suwaidi,SS,Metro Taxi,DXB-A-16886,Jumeirah,Umm Suqeim Road,,Issue formal warning — 2nd offense,no
TRG002044,2026-05-24T14:17:54,idling,Idling,low,open,DS/Teams,Public Bus,Saeed Al Maktoum,SM,RTA Public Buses,DXB-B-7909,JBR,The Walk,,Send efficiency reminder to driver,yes
TRG001861,2026-05-24T14:17:49,signal,No Signal,medium,closed,DS/Teams,Public Bus,Sultan Al Zaabi,SZ,Emirates Transport,DXB-B-9953,Dubai Investment Park,Green Community,,Re-establish GPS handshake,no
TRG002086,2026-05-24T14:17:34,distraction,Driver Distraction,medium,open,MNVR,Taxi,Ibrahim Al Suwaidi,IS,National Taxi,DXB-B-39628,Dubai Sports City,Hessa Street,,Issue formal warning — 2nd offense,no
TRG002456,2026-05-24T14:16:36,distraction,Driver Distraction,low,investigation,ETMP,Limousine & E-Hail,Mohammed Al Maktoum,MM,Genie Limousine,DXB-K-26522,Al Barsha,Sheikh Zayed Road,,"Acknowledge — minor, log only",no
TRG001528,2026-05-24T14:15:43,harsh,Harsh Driving,high,investigation,DS/Teams,Public Bus,Mansour Al Shamsi,MS,Emirates Transport,DXB-B-6253,Jumeirah,Al Wasl Road,104,Issue coaching alert to driver,no
TRG001030,2026-05-24T14:13:27,idling,Idling,low,acknowledged,DS/Teams,Public Bus,Ibrahim Al Mazrouei,IM,RTA Public Buses,DXB-B-8534,Deira,Al Rigga Road,,Auto-close — under 5min,no
TRG001416,2026-05-24T14:12:49,camera,Camera Disconnection,high,stafteesh,MNVR,Taxi,Mohammed Al Mansouri,MM,Citi Taxi,DXB-P-70653,Jebel Ali,Ibn Battuta Road,,Verify cable connection at next stop,no
TRG002639,2026-05-24T14:12:38,harsh,Harsh Driving,medium,open,ETMP,Public Bus,Adel Al Zaabi,AZ,Emirates Transport,DXB-B-9616,Al Qusais,Beirut Street,84,Send to Stafteesh for fine assessment,no
TRG001223,2026-05-24T14:11:57,fatigue,Driver Fatigue,high,open,MNVR,School Bus,Nasser Al Owais,NO,Emirates Transport,DXB-S-2822,Business Bay,Bay Avenue,,Confirm with supervisor & monitor,no
TRG001506,2026-05-24T14:11:15,harsh,Harsh Driving,high,investigation,DS/Teams,Public Bus,Walid Al Hashimi,WH,Emirates Transport,DXB-B-3516,Silicon Oasis,Dubai Silicon Oasis Hub,99,Escalate to safety review board,no
TRG001026,2026-05-24T14:11:07,harsh,Harsh Driving,high,acknowledged,MNVR,Limousine & E-Hail,Ahmed Al Mansouri,AM,Hala Rides,DXB-D-25074,Silicon Oasis,Sheikh Mohammed Bin Zayed Rd,123,Escalate to safety review board,no
TRG001142,2026-05-24T14:10:50,idling,Idling,low,open,MNVR,Public Bus,Bilal Al Suwaidi,BS,RTA Public Buses,DXB-B-4010,Business Bay,Business Bay Crossing,,Flag for daily review,no
TRG000294,2026-05-24T14:10:41,harsh,Harsh Driving,high,open,MNVR,Taxi,Ibrahim Al Naqbi,IN,Metro Taxi,DXB-C-71547,Downtown Dubai,Burj Khalifa Blvd,117,Send to Stafteesh for fine assessment,no
TRG001141,2026-05-24T14:09:31,signal,No Signal,low,open,MNVR,Taxi,Bilal Al Maktoum,BM,National Taxi,DXB-P-37270,Downtown Dubai,Mohammed Bin Rashid Blvd,,Re-establish GPS handshake,no
TRG001903,2026-05-24T14:09:09,distraction,Driver Distraction,high,closed,ETMP,Hourly Rental,Rashid Al Marri,RM,Careem,DXB-I-86620,Mirdif,Mirdif City Centre Rd,,Schedule supervisor review,no
TRG000692,2026-05-24T14:08:13,fatigue,Driver Fatigue,high,stafteesh,MNVR,Taxi,Rashid Al Hammadi,RH,Citi Taxi,DXB-B-49998,Jumeirah,Umm Suqeim Road,,Instruct driver to take mandatory break,no
TRG002443,2026-05-24T14:08:03,distraction,Driver Distraction,medium,open,DS/Teams,Limousine & E-Hail,Rashid Al Naqbi,RN,Hala Rides,DXB-L-13214,Business Bay,Bay Avenue,,Issue formal warning — 2nd offense,yes
TRG001022,2026-05-24T14:07:50,fatigue,Driver Fatigue,high,open,ETMP,Marine,Khalid Al Qassimi,KQ,Dubai Marine Transport,MAR-596,Jumeirah,Jumeirah Beach Road,,Confirm with supervisor & monitor,no
TRG002762,2026-05-24T14:06:55,harsh,Harsh Driving,low,open,MNVR,Limousine & E-Hail,Ziad Al Naqbi,ZN,Careem,DXB-T-86462,Al Qusais,Beirut Street,67,Log for end-of-shift review,no
TRG000288,2026-05-24T14:06:51,camera,Camera Disconnection,high,open,ETMP,Taxi,Marwan Al Hammadi,MH,Arabia Taxi,DXB-R-81809,Jumeirah,Al Wasl Road,,Run firmware reset remotely,no
TRG000824,2026-05-24T14:06:32,distraction,Driver Distraction,medium,open,ETMP,Taxi,Tariq Al Marri,TM,Dubai Taxi Corporation,DXB-A-14844,Dubai Investment Park,DIP First Road,,Send live coaching prompt to driver,no
TRG000382,2026-05-24T14:04:17,camera,Camera Disconnection,low,acknowledged,DS/Teams,Hourly Rental,Faisal Al Falasi,FF,Al Naboodah Transport,DXB-N-32584,Al Qusais,Beirut Street,,Verify cable connection at next stop,no
TRG002210,2026-05-24T14:02:47,camera,Camera Disconnection,low,closed,ETMP,Taxi,Faisal Al Hammadi,FH,Metro Taxi,DXB-H-79256,Al Barsha,Sheikh Zayed Road,,Verify cable connection at next stop,no
TRG002590,2026-05-24T14:02:26,distraction,Driver Distraction,low,closed,MNVR,Hourly Rental,Bilal Al Suwaidi,BS,Al Naboodah Transport,DXB-I-24627,Silicon Oasis,Wadi Al Safa St,,Issue formal warning — 2nd offense,no
TRG001632,2026-05-24T14:02:00,harsh,Harsh Driving,medium,open,MNVR,Marine,Ziad Al Suwaidi,ZS,Dubai Marine Transport,MAR-680,Downtown Dubai,Mohammed Bin Rashid Blvd,71,Issue coaching alert to driver,no
TRG000338,2026-05-24T13:59:01,camera,Camera Disconnection,low,investigation,DS/Teams,Taxi,Rashid Al Shamsi,RS,Citi Taxi,DXB-B-68303,Al Quoz,Al Asayel Street,,Run firmware reset remotely,yes
TRG001429,2026-05-24T13:58:58,harsh,Harsh Driving,medium,acknowledged,MNVR,Taxi,Yousef Al Falasi,YF,Citi Taxi,DXB-A-42858,JBR,The Beach Promenade,73,Issue coaching alert to driver,no
TRG001626,2026-05-24T13:57:15,camera,Camera Disconnection,high,closed,DS/Teams,Limousine & E-Hail,Khalid Al Mansouri,KM,Hala Rides,DXB-B-50889,Jebel Ali,Ibn Battuta Road,,Verify cable connection at next stop,no
TRG001981,2026-05-24T13:57:02,idling,Idling,high,acknowledged,DS/Teams,Public Bus,Walid Al Nuaimi,WN,Emirates Transport,DXB-B-7302,Al Quoz,Al Meydan Road,,Flag for daily review,no
TRG002306,2026-05-24T13:57:02,fatigue,Driver Fatigue,medium,investigation,DS/Teams,Limousine & E-Hail,Ibrahim Al Marri,IM,Yango Premium,DXB-J-96988,Downtown Dubai,Financial Center Rd,,Route to nearest rest stop,no
TRG001324,2026-05-24T13:56:24,harsh,Harsh Driving,medium,acknowledged,ETMP,Taxi,Ziad Al Tayer,ZT,Citi Taxi,DXB-C-75864,Business Bay,Al Abraj Street,76,Log for end-of-shift review,no
TRG002670,2026-05-24T13:56:18,distraction,Driver Distraction,high,open,MNVR,Limousine & E-Hail,Faisal Al Mazrouei,FM,Genie Limousine,DXB-O-47614,Jebel Ali,Sheikh Zayed Road,,"Acknowledge — minor, log only",no
TRG000418,2026-05-24T13:56:10,harsh,Harsh Driving,medium,investigation,MNVR,Taxi,Marwan Al Marri,MM,Cars Taxi,DXB-H-12666,Al Barsha,Sheikh Zayed Road,81,Issue coaching alert to driver,no
TRG001140,2026-05-24T13:55:37,distraction,Driver Distraction,low,open,MNVR,Limousine & E-Hail,Hamad Al Tayer,HT,Genie Limousine,DXB-M-39702,Al Quoz,Al Asayel Street,,Schedule supervisor review,no
TRG002499,2026-05-24T13:55:08,camera,Camera Disconnection,medium,open,ETMP,Hourly Rental,Hassan Al Suwaidi,HS,Hala Rides,DXB-J-96519,Jebel Ali,Sheikh Zayed Road,,Verify cable connection at next stop,no
TRG000400,2026-05-24T13:54:59,distraction,Driver Distraction,medium,investigation,ETMP,Taxi,Hamad Al Awadhi,HA,Cars Taxi,DXB-M-28463,Al Quoz,Al Asayel Street,,Issue formal warning — 2nd offense,no
TRG000183,2026-05-24T13:53:32,fatigue,Driver Fatigue,high,closed,DS/Teams,Limousine & E-Hail,Mohammed Al Hashimi,MH,Uber Fleet,DXB-E-73854,Al Rashidiya,Rashidiya Metro Rd,,Confirm with supervisor & monitor,no
TRG001809,2026-05-24T13:53:31,distraction,Driver Distraction,low,closed,DS/Teams,Limousine & E-Hail,Ziad Al Nuaimi,ZN,Genie Limousine,DXB-Q-70942,Jumeirah,Umm Suqeim Road,,Issue formal warning — 2nd offense,yes
TRG002501,2026-05-24T13:51:47,harsh,Harsh Driving,high,open,MNVR,Taxi,Faisal Al Nuaimi,FN,Citi Taxi,DXB-H-89738,Deira,Baniyas Square,105,Issue coaching alert to driver,no
TRG002723,2026-05-24T13:51:35,idling,Idling,low,closed,DS/Teams,Limousine & E-Hail,Fadi Al Mansouri,FM,Yango Premium,DXB-J-15786,JBR,Jumeirah Beach Residence,,Auto-close — under 5min,no
TRG000812,2026-05-24T13:51:27,signal,No Signal,medium,open,ETMP,Limousine & E-Hail,Faisal Al Owais,FO,Careem,DXB-K-57654,Al Rashidiya,Rashidiya Metro Rd,,Auto-resolve when signal restored,no
TRG001899,2026-05-24T13:51:05,idling,Idling,low,closed,ETMP,Limousine & E-Hail,Faisal Al Awadhi,FA,Hala Rides,DXB-H-62590,Deira,Al Maktoum Road,,Acknowledge — within tolerance,no
TRG000935,2026-05-24T13:50:36,signal,No Signal,medium,stafteesh,MNVR,Limousine & E-Hail,Hamad Al Awadhi,HA,Yango Premium,DXB-K-80268,Downtown Dubai,Mohammed Bin Rashid Blvd,,Re-establish GPS handshake,no
TRG000292,2026-05-24T13:49:59,distraction,Driver Distraction,high,acknowledged,DS/Teams,Limousine & E-Hail,Marwan Al Zaabi,MZ,Careem,DXB-K-11259,Downtown Dubai,Sheikh Mohammed Bin Rashid Blvd,,"Acknowledge — minor, log only",no
TRG001534,2026-05-24T13:49:10,signal,No Signal,medium,acknowledged,DS/Teams,Hourly Rental,Yousef Al Nuaimi,YN,Careem,DXB-C-81547,Silicon Oasis,Dubai Silicon Oasis Hub,,Dispatch tech if persistent >15min,no
TRG001314,2026-05-24T13:48:25,harsh,Harsh Driving,high,open,DS/Teams,Taxi,Fadi Al Falasi,FF,Dubai Taxi Corporation,DXB-H-80008,Downtown Dubai,Burj Khalifa Blvd,86,Log for end-of-shift review,no
TRG000965,2026-05-24T13:47:39,idling,Idling,low,closed,ETMP,School Bus,Salim Al Awadhi,SA,School Transport Services,DXB-S-2578,Dubai Investment Park,Green Community,,Auto-close — under 5min,no
TRG002208,2026-05-24T13:47:15,fatigue,Driver Fatigue,high,closed,DS/Teams,Public Bus,Hamad Al Hammadi,HH,RTA Public Buses,DXB-B-4154,Dubai Sports City,Sports City Boulevard,,Instruct driver to take mandatory break,yes
TRG000886,2026-05-24T13:45:01,harsh,Harsh Driving,medium,closed,DS/Teams,Limousine & E-Hail,Ahmed Al Tayer,AT,Hala Rides,DXB-Q-88037,Downtown Dubai,Financial Center Rd,63,Issue coaching alert to driver,yes
TRG000697,2026-05-24T13:43:39,harsh,Harsh Driving,high,open,DS/Teams,Taxi,Mahmoud Al Hashimi,MH,Dubai Taxi Corporation,DXB-B-54033,Jumeirah,Umm Suqeim Road,132,Log for end-of-shift review,no
TRG000180,2026-05-24T13:42:54,signal,No Signal,medium,open,MNVR,School Bus,Adel Al Falasi,AF,Emirates Transport,DXB-S-3752,Downtown Dubai,Burj Khalifa Blvd,,Dispatch tech if persistent >15min,no
TRG002788,2026-05-24T13:41:29,harsh,Harsh Driving,high,acknowledged,ETMP,Limousine & E-Hail,Adel Al Owais,AO,Uber Fleet,DXB-B-94444,Dubai Investment Park,DIP First Road,92,Issue coaching alert to driver,no
TRG001163,2026-05-24T13:41:17,idling,Idling,high,open,DS/Teams,Taxi,Faisal Al Owais,FO,Cars Taxi,DXB-B-49494,Al Barsha,Sheikh Zayed Road,,Flag for daily review,no
TRG002205,2026-05-24T13:40:45,harsh,Harsh Driving,low,acknowledged,DS/Teams,Public Bus,Mansour Al Owais,MO,RTA Public Buses,DXB-B-9522,Business Bay,Al Abraj Street,61,Escalate to safety review board,no
TRG001960,2026-05-24T13:40:07,signal,No Signal,low,investigation,DS/Teams,Hourly Rental,Omar Al Tayer,OT,Al Naboodah Transport,DXB-J-67664,Dubai Marina,Sheikh Zayed Rd Junction,,Dispatch tech if persistent >15min,no
TRG002664,2026-05-24T13:38:13,harsh,Harsh Driving,medium,open,MNVR,Taxi,Yousef Al Shamsi,YS,Cars Taxi,DXB-G-70543,Business Bay,Bay Avenue,62,Log for end-of-shift review,no
TRG000451,2026-05-24T13:37:16,signal,No Signal,medium,closed,ETMP,Taxi,Sultan Al Zaabi,SZ,Arabia Taxi,DXB-M-25297,Al Quoz,Al Asayel Street,,Acknowledge — temporary blackout zone,no
TRG001612,2026-05-24T13:36:57,fatigue,Driver Fatigue,high,stafteesh,MNVR,Taxi,Adel Al Mansouri,AM,National Taxi,DXB-G-56463,Business Bay,Business Bay Crossing,,Route to nearest rest stop,no
TRG000154,2026-05-24T13:35:49,camera,Camera Disconnection,medium,open,MNVR,Taxi,Ibrahim Al Marri,IM,Dubai Taxi Corporation,DXB-K-79959,Downtown Dubai,Financial Center Rd,,Run firmware reset remotely,no
TRG000768,2026-05-24T13:35:33,signal,No Signal,high,open,DS/Teams,Taxi,Nasser Al Shamsi,NS,Metro Taxi,DXB-D-64914,Al Barsha,Al Barsha Road,,Acknowledge — temporary blackout zone,no
TRG002346,2026-05-24T13:34:57,idling,Idling,medium,closed,MNVR,Taxi,Ayman Al Mansouri,AM,Arabia Taxi,DXB-S-64085,Jumeirah,Jumeirah Beach Road,,Auto-close — under 5min,no
TRG001482,2026-05-24T13:34:11,idling,Idling,low,acknowledged,ETMP,School Bus,Hassan Al Zaabi,HZ,Emirates Transport,DXB-S-6134,Al Quoz,Al Asayel Street,,Auto-close — under 5min,no
TRG001132,2026-05-24T13:34:08,distraction,Driver Distraction,medium,closed,ETMP,Hourly Rental,Mahmoud Al Qassimi,MQ,Hala Rides,DXB-D-98884,Business Bay,Marasi Drive,,Schedule supervisor review,no
TRG000936,2026-05-24T13:34:03,distraction,Driver Distraction,medium,open,MNVR,Public Bus,Nasser Al Marri,NM,Emirates Transport,DXB-B-6357,Downtown Dubai,Financial Center Rd,,Schedule supervisor review,no
TRG000213,2026-05-24T13:31:12,distraction,Driver Distraction,high,open,ETMP,Taxi,Faisal Al Suwaidi,FS,Arabia Taxi,DXB-J-90984,Al Quoz,Al Khail Road,,Issue formal warning — 2nd offense,no
TRG001640,2026-05-24T13:30:58,distraction,Driver Distraction,low,investigation,ETMP,Taxi,Ibrahim Al Shamsi,IS,Citi Taxi,DXB-A-71419,Deira,Al Maktoum Road,,Send live coaching prompt to driver,no
TRG001607,2026-05-24T13:30:27,fatigue,Driver Fatigue,high,closed,DS/Teams,Limousine & E-Hail,Rashid Al Qassimi,RQ,Careem,DXB-R-88791,Al Qusais,Beirut Street,,Confirm with supervisor & monitor,no
TRG001936,2026-05-24T13:29:51,camera,Camera Disconnection,high,fined,ETMP,Limousine & E-Hail,Mahmoud Al Shamsi,MS,Yango Premium,DXB-J-83745,Deira,Gold Souq Street,,Escalate to fleet maintenance,no
TRG002203,2026-05-24T13:28:26,signal,No Signal,medium,closed,MNVR,Marine,Nasser Al Shamsi,NS,Dubai Marine Transport,MAR-416,Silicon Oasis,Dubai Silicon Oasis Hub,,Auto-resolve when signal restored,no
TRG000510,2026-05-24T13:28:00,harsh,Harsh Driving,high,closed,MNVR,Taxi,Sultan Al Mazrouei,SM,Cars Taxi,DXB-E-90763,Deira,Al Maktoum Road,112,Send to Stafteesh for fine assessment,no
TRG000947,2026-05-24T13:26:59,harsh,Harsh Driving,medium,investigation,DS/Teams,Taxi,Faisal Al Mansouri,FM,Citi Taxi,DXB-Q-63602,Al Rashidiya,Airport Road,69,Issue coaching alert to driver,no
TRG002390,2026-05-24T13:26:53,harsh,Harsh Driving,medium,investigation,ETMP,Hourly Rental,Salim Al Zaabi,SZ,Al Naboodah Transport,DXB-G-83902,Business Bay,Marasi Drive,72,Send to Stafteesh for fine assessment,no
TRG002269,2026-05-24T13:26:27,signal,No Signal,low,closed,MNVR,Taxi,Sultan Al Naqbi,SN,Cars Taxi,DXB-H-25676,Mirdif,Tripoli Street,,Acknowledge — temporary blackout zone,no
TRG000569,2026-05-24T13:26:13,fatigue,Driver Fatigue,medium,open,ETMP,Public Bus,Nasser Al Suwaidi,NS,Emirates Transport,DXB-B-5622,Dubai Investment Park,Green Community,,Override dispatch — pull from rotation,no
TRG001945,2026-05-24T13:25:24,fatigue,Driver Fatigue,high,fined,DS/Teams,Taxi,Karim Al Mazrouei,KM,National Taxi,DXB-O-31581,Jumeirah,Umm Suqeim Road,,Override dispatch — pull from rotation,no
TRG002353,2026-05-24T13:25:11,signal,No Signal,low,investigation,MNVR,Public Bus,Khalid Al Qassimi,KQ,Emirates Transport,DXB-B-3024,Downtown Dubai,Sheikh Mohammed Bin Rashid Blvd,,Auto-resolve when signal restored,no
TRG000359,2026-05-24T13:24:32,distraction,Driver Distraction,high,investigation,ETMP,Limousine & E-Hail,Hamad Al Hashimi,HH,Hala Rides,DXB-N-97052,Al Quoz,Al Khail Road,,Schedule supervisor review,yes
TRG000733,2026-05-24T13:24:13,camera,Camera Disconnection,medium,open,DS/Teams,Hourly Rental,Bilal Al Owais,BO,Hala Rides,DXB-S-10320,Downtown Dubai,Sheikh Mohammed Bin Rashid Blvd,,Verify cable connection at next stop,no
TRG002216,2026-05-24T13:23:38,distraction,Driver Distraction,high,open,ETMP,Taxi,Fadi Al Mansouri,FM,National Taxi,DXB-H-32489,Deira,Al Rigga Road,,Schedule supervisor review,no
TRG002751,2026-05-24T13:23:32,distraction,Driver Distraction,medium,open,DS/Teams,Hourly Rental,Walid Al Nuaimi,WN,Al Naboodah Transport,DXB-J-14669,Jumeirah,Umm Suqeim Road,,Send live coaching prompt to driver,no
TRG002389,2026-05-24T13:22:34,idling,Idling,low,closed,MNVR,Public Bus,Mahmoud Al Hashimi,MH,RTA Public Buses,DXB-B-7922,Downtown Dubai,Burj Khalifa Blvd,,Flag for daily review,no
TRG000880,2026-05-24T13:21:44,fatigue,Driver Fatigue,low,acknowledged,MNVR,Limousine & E-Hail,Ziad Al Hammadi,ZH,Hala Rides,DXB-P-53075,Dubai Marina,Sheikh Zayed Rd Junction,,Route to nearest rest stop,no
TRG000686,2026-05-24T13:21:08,camera,Camera Disconnection,medium,acknowledged,DS/Teams,Taxi,Saeed Al Hashimi,SH,Dubai Taxi Corporation,DXB-K-58040,JBR,The Walk,,Escalate to fleet maintenance,no
TRG001596,2026-05-24T13:20:03,camera,Camera Disconnection,high,investigation,DS/Teams,Limousine & E-Hail,Nasser Al Owais,NO,Genie Limousine,DXB-L-38688,Jumeirah,Umm Suqeim Road,,Run firmware reset remotely,no
TRG001051,2026-05-24T13:19:41,harsh,Harsh Driving,medium,acknowledged,DS/Teams,Taxi,Hassan Al Suwaidi,HS,Metro Taxi,DXB-R-57479,Deira,Al Maktoum Road,62,Send to Stafteesh for fine assessment,no
TRG001791,2026-05-24T13:18:47,distraction,Driver Distraction,medium,acknowledged,DS/Teams,Taxi,Yousef Al Qassimi,YQ,Metro Taxi,DXB-T-71754,Dubai Marina,Marina Walk,,Schedule supervisor review,no
TRG000059,2026-05-24T13:16:53,distraction,Driver Distraction,high,open,MNVR,School Bus,Khalid Al Awadhi,KA,Emirates Transport,DXB-S-5029,Jumeirah,Al Wasl Road,,Schedule supervisor review,no
TRG002495,2026-05-24T13:16:52,camera,Camera Disconnection,high,fined,MNVR,Hourly Rental,Hamad Al Marri,HM,Careem,DXB-C-60683,Jumeirah,Umm Suqeim Road,,Verify cable connection at next stop,no
TRG000162,2026-05-24T13:16:42,idling,Idling,low,closed,DS/Teams,Taxi,Sultan Al Naqbi,SN,Metro Taxi,DXB-S-55749,Al Barsha,Al Barsha Road,,Acknowledge — within tolerance,no
TRG000007,2026-05-24T13:16:40,fatigue,Driver Fatigue,low,investigation,MNVR,Public Bus,Mansour Al Shamsi,MS,Emirates Transport,DXB-B-6878,Deira,Baniyas Square,,Confirm with supervisor & monitor,no
TRG001270,2026-05-24T13:13:02,idling,Idling,medium,investigation,MNVR,Taxi,Tariq Al Awadhi,TA,Dubai Taxi Corporation,DXB-E-56245,Jumeirah,Al Wasl Road,,Send efficiency reminder to driver,no
TRG002200,2026-05-24T13:11:52,signal,No Signal,medium,open,ETMP,Taxi,Bilal Al Nuaimi,BN,Citi Taxi,DXB-T-62902,Jumeirah,Umm Suqeim Road,,Auto-resolve when signal restored,no
TRG002711,2026-05-24T13:11:10,harsh,Harsh Driving,high,closed,DS/Teams,Marine,Karim Al Hashimi,KH,Dubai Marine Transport,MAR-593,Al Quoz,Al Asayel Street,111,Issue coaching alert to driver,no
TRG001919,2026-05-24T13:09:54,fatigue,Driver Fatigue,medium,fined,DS/Teams,School Bus,Hassan Al Maktoum,HM,Emirates Transport,DXB-S-9835,Jebel Ali,Ibn Battuta Road,,Override dispatch — pull from rotation,no
TRG000329,2026-05-24T13:09:42,signal,No Signal,medium,open,ETMP,Limousine & E-Hail,Ahmed Al Mansouri,AM,Genie Limousine,DXB-F-26283,Jumeirah,Al Wasl Road,,Re-establish GPS handshake,yes
TRG002511,2026-05-24T13:09:20,camera,Camera Disconnection,high,open,ETMP,Public Bus,Nasser Al Zaabi,NZ,RTA Public Buses,DXB-B-7828,Silicon Oasis,Wadi Al Safa St,,Run firmware reset remotely,no
TRG001822,2026-05-24T13:08:52,fatigue,Driver Fatigue,high,acknowledged,MNVR,Marine,Mansour Al Hashimi,MH,Dubai Marine Transport,MAR-675,Al Qusais,Beirut Street,,Instruct driver to take mandatory break,no
TRG000232,2026-05-24T13:08:16,distraction,Driver Distraction,high,open,MNVR,Public Bus,Khalid Al Nuaimi,KN,RTA Public Buses,DXB-B-4990,Deira,Al Maktoum Road,,Send live coaching prompt to driver,no
TRG001192,2026-05-24T13:07:28,fatigue,Driver Fatigue,low,open,DS/Teams,Hourly Rental,Adel Al Shamsi,AS,Al Naboodah Transport,DXB-B-31729,Deira,Gold Souq Street,,Confirm with supervisor & monitor,no
TRG001934,2026-05-24T13:07:21,signal,No Signal,medium,closed,DS/Teams,Taxi,Adel Al Hashimi,AH,Arabia Taxi,DXB-O-81947,Jebel Ali,Jebel Ali Free Zone,,Re-establish GPS handshake,no
TRG000560,2026-05-24T13:06:51,camera,Camera Disconnection,medium,investigation,DS/Teams,Taxi,Salim Al Mansouri,SM,Citi Taxi,DXB-E-44025,JBR,The Beach Promenade,,Escalate to fleet maintenance,no
TRG000860,2026-05-24T13:06:46,fatigue,Driver Fatigue,medium,acknowledged,DS/Teams,Taxi,Hassan Al Nuaimi,HN,Cars Taxi,DXB-C-42171,Mirdif,Algeria Street,,Instruct driver to take mandatory break,yes
TRG001807,2026-05-24T13:06:36,signal,No Signal,medium,open,ETMP,Taxi,Saeed Al Hashimi,SH,Dubai Taxi Corporation,DXB-Q-19919,Al Barsha,Al Barsha Road,,Dispatch tech if persistent >15min,no
TRG001606,2026-05-24T13:04:29,distraction,Driver Distraction,high,investigation,MNVR,Taxi,Yousef Al Nuaimi,YN,National Taxi,DXB-H-78217,Jebel Ali,Jebel Ali Free Zone,,Send live coaching prompt to driver,no
TRG000210,2026-05-24T13:03:04,fatigue,Driver Fatigue,high,open,MNVR,Limousine & E-Hail,Hassan Al Maktoum,HM,Uber Fleet,DXB-M-57416,Business Bay,Bay Avenue,,Confirm with supervisor & monitor,no
TRG002554,2026-05-24T13:01:25,camera,Camera Disconnection,high,stafteesh,MNVR,School Bus,Ahmed Al Mansouri,AM,School Transport Services,DXB-S-8198,Al Rashidiya,Airport Road,,Escalate to fleet maintenance,no
TRG001804,2026-05-24T13:01:08,idling,Idling,low,open,MNVR,Limousine & E-Hail,Salim Al Nuaimi,SN,Genie Limousine,DXB-S-95779,Dubai Sports City,Sports City Boulevard,,Flag for daily review,no
TRG001966,2026-05-24T13:01:06,idling,Idling,low,open,ETMP,Marine,Rashid Al Qassimi,RQ,Dubai Marine Transport,MAR-300,Silicon Oasis,Sheikh Mohammed Bin Zayed Rd,,Send efficiency reminder to driver,no
TRG000863,2026-05-24T12:59:27,harsh,Harsh Driving,medium,escalated,MNVR,Marine,Tariq Al Owais,TO,Dubai Marine Transport,MAR-122,Dubai Marina,Al Marsa Street,72,Send to Stafteesh for fine assessment,no
TRG001369,2026-05-24T12:59:17,harsh,Harsh Driving,high,closed,DS/Teams,Taxi,Tariq Al Suwaidi,TS,Dubai Taxi Corporation,DXB-K-68377,Downtown Dubai,Mohammed Bin Rashid Blvd,117,Log for end-of-shift review,no
TRG002655,2026-05-24T12:59:04,signal,No Signal,medium,open,ETMP,School Bus,Ibrahim Al Hashimi,IH,Emirates Transport,DXB-S-1704,JBR,Jumeirah Beach Residence,,Acknowledge — temporary blackout zone,no
TRG000181,2026-05-24T12:58:29,harsh,Harsh Driving,medium,open,MNVR,Limousine & E-Hail,Fadi Al Maktoum,FM,Yango Premium,DXB-L-23060,Dubai Investment Park,Schoolzone Rd,71,Log for end-of-shift review,no
TRG000746,2026-05-24T12:58:21,fatigue,Driver Fatigue,high,acknowledged,MNVR,Hourly Rental,Hassan Al Naqbi,HN,Hala Rides,DXB-A-54852,Al Rashidiya,Nadd Al Hamar Rd,,Route to nearest rest stop,no
TRG000280,2026-05-24T12:57:39,distraction,Driver Distraction,high,open,MNVR,Taxi,Sultan Al Hashimi,SH,Dubai Taxi Corporation,DXB-D-96984,Al Quoz,Al Asayel Street,,"Acknowledge — minor, log only",no
TRG000307,2026-05-24T12:57:31,fatigue,Driver Fatigue,high,open,MNVR,Marine,Mahmoud Al Awadhi,MA,Dubai Marine Transport,MAR-331,Downtown Dubai,Financial Center Rd,,Route to nearest rest stop,no
TRG002172,2026-05-24T12:56:37,distraction,Driver Distraction,low,open,MNVR,Public Bus,Fadi Al Owais,FO,RTA Public Buses,DXB-B-1540,Jebel Ali,Sheikh Zayed Road,,Send live coaching prompt to driver,no
TRG000064,2026-05-24T12:56:18,harsh,Harsh Driving,medium,acknowledged,MNVR,Marine,Mansour Al Falasi,MF,Dubai Marine Transport,MAR-515,JBR,The Walk,78,Log for end-of-shift review,no
TRG000710,2026-05-24T12:56:10,fatigue,Driver Fatigue,high,open,MNVR,Limousine & E-Hail,Adel Al Zaabi,AZ,Uber Fleet,DXB-P-74518,Jumeirah,Jumeirah Beach Road,,Route to nearest rest stop,no
TRG002320,2026-05-24T12:56:09,harsh,Harsh Driving,medium,open,MNVR,Taxi,Ibrahim Al Mazrouei,IM,Arabia Taxi,DXB-E-43282,Silicon Oasis,Wadi Al Safa St,64,Send to Stafteesh for fine assessment,no
TRG001624,2026-05-24T12:56:06,signal,No Signal,high,acknowledged,MNVR,Limousine & E-Hail,Ibrahim Al Shamsi,IS,Hala Rides,DXB-P-79122,Business Bay,Bay Avenue,,Re-establish GPS handshake,no
TRG001643,2026-05-24T12:54:43,camera,Camera Disconnection,high,open,DS/Teams,School Bus,Karim Al Mansouri,KM,Emirates Transport,DXB-S-3042,Jebel Ali,Jebel Ali Free Zone,,Dispatch field tech — recurring issue,no
TRG000115,2026-05-24T12:52:51,distraction,Driver Distraction,medium,fined,MNVR,Taxi,Tariq Al Suwaidi,TS,Citi Taxi,DXB-E-45893,Business Bay,Marasi Drive,,"Acknowledge — minor, log only",no
TRG001585,2026-05-24T12:52:22,distraction,Driver Distraction,low,closed,MNVR,Taxi,Sultan Al Naqbi,SN,Metro Taxi,DXB-C-97205,Jebel Ali,Ibn Battuta Road,,"Acknowledge — minor, log only",no
TRG001481,2026-05-24T12:51:49,camera,Camera Disconnection,low,open,DS/Teams,Taxi,Hamad Al Tayer,HT,Dubai Taxi Corporation,DXB-G-14410,Business Bay,Al Abraj Street,,Run firmware reset remotely,no
TRG002397,2026-05-24T12:51:41,signal,No Signal,low,closed,MNVR,Taxi,Fadi Al Shamsi,FS,Metro Taxi,DXB-K-84735,Dubai Marina,Sheikh Zayed Rd Junction,,Re-establish GPS handshake,no
TRG002328,2026-05-24T12:50:59,harsh,Harsh Driving,high,acknowledged,ETMP,Taxi,Omar Al Qassimi,OQ,Citi Taxi,DXB-Q-27077,Jebel Ali,Ibn Battuta Road,117,Issue coaching alert to driver,no
TRG001842,2026-05-24T12:50:29,camera,Camera Disconnection,high,closed,MNVR,Taxi,Yousef Al Falasi,YF,Dubai Taxi Corporation,DXB-C-35582,Jumeirah,Al Wasl Road,,Run firmware reset remotely,no
TRG001049,2026-05-24T12:50:00,idling,Idling,low,closed,DS/Teams,School Bus,Marwan Al Marri,MM,Emirates Transport,DXB-S-2576,Al Rashidiya,Rashidiya Metro Rd,,Auto-close — under 5min,no
TRG002658,2026-05-24T12:49:59,idling,Idling,low,open,ETMP,Public Bus,Ahmed Al Hammadi,AH,Emirates Transport,DXB-B-3396,Al Barsha,Mall of the Emirates,,Send efficiency reminder to driver,no
TRG001032,2026-05-24T12:49:23,idling,Idling,low,open,MNVR,Public Bus,Ziad Al Hammadi,ZH,RTA Public Buses,DXB-B-4907,Downtown Dubai,Sheikh Mohammed Bin Rashid Blvd,,Send efficiency reminder to driver,no
TRG000098,2026-05-24T12:49:08,harsh,Harsh Driving,medium,investigation,DS/Teams,Taxi,Ziad Al Naqbi,ZN,Arabia Taxi,DXB-J-81862,Dubai Sports City,Sports City Boulevard,80,Escalate to safety review board,no
TRG002307,2026-05-24T12:48:44,distraction,Driver Distraction,high,open,ETMP,Public Bus,Omar Al Zaabi,OZ,Emirates Transport,DXB-B-9559,Dubai Investment Park,Schoolzone Rd,,Schedule supervisor review,no
TRG002334,2026-05-24T12:48:03,idling,Idling,medium,stafteesh,DS/Teams,Hourly Rental,Salim Al Naqbi,SN,Hala Rides,DXB-R-68489,Business Bay,Bay Avenue,,Flag for daily review,no
TRG001404,2026-05-24T12:47:54,harsh,Harsh Driving,medium,fined,DS/Teams,Limousine & E-Hail,Mansour Al Maktoum,MM,Yango Premium,DXB-L-93903,Silicon Oasis,Sheikh Mohammed Bin Zayed Rd,76,Log for end-of-shift review,no
TRG000391,2026-05-24T12:47:14,signal,No Signal,low,stafteesh,DS/Teams,Limousine & E-Hail,Hamad Al Hammadi,HH,Uber Fleet,DXB-P-68186,Jebel Ali,Sheikh Zayed Road,,Auto-resolve when signal restored,no
TRG000201,2026-05-24T12:45:08,signal,No Signal,low,open,DS/Teams,Public Bus,Tariq Al Hashimi,TH,RTA Public Buses,DXB-B-3489,JBR,The Walk,,Re-establish GPS handshake,no
TRG001625,2026-05-24T12:45:01,harsh,Harsh Driving,medium,acknowledged,MNVR,Taxi,Marwan Al Nuaimi,MN,Dubai Taxi Corporation,DXB-J-83878,Al Qusais,Damascus Street,68,Escalate to safety review board,no
TRG001086,2026-05-24T12:44:57,signal,No Signal,low,stafteesh,MNVR,School Bus,Ziad Al Nuaimi,ZN,School Transport Services,DXB-S-1387,Al Barsha,Al Barsha Road,,Acknowledge — temporary blackout zone,no
TRG000278,2026-05-24T12:44:56,harsh,Harsh Driving,high,open,MNVR,Public Bus,Ibrahim Al Shamsi,IS,RTA Public Buses,DXB-B-4657,Silicon Oasis,Sheikh Mohammed Bin Zayed Rd,83,Issue coaching alert to driver,no
TRG002281,2026-05-24T12:44:32,signal,No Signal,medium,fined,DS/Teams,Public Bus,Faisal Al Nuaimi,FN,Emirates Transport,DXB-B-1161,JBR,The Walk,,Dispatch tech if persistent >15min,no
TRG001847,2026-05-24T12:44:19,fatigue,Driver Fatigue,high,closed,MNVR,Taxi,Nasser Al Falasi,NF,Metro Taxi,DXB-L-51406,Al Quoz,Al Meydan Road,,Confirm with supervisor & monitor,no
TRG001253,2026-05-24T12:43:17,fatigue,Driver Fatigue,medium,closed,DS/Teams,School Bus,Adel Al Nuaimi,AN,Emirates Transport,DXB-S-6820,Business Bay,Business Bay Crossing,,Confirm with supervisor & monitor,no
TRG000961,2026-05-24T12:42:19,idling,Idling,low,open,DS/Teams,Limousine & E-Hail,Ziad Al Awadhi,ZA,Careem,DXB-I-78809,Dubai Sports City,Sports City Boulevard,,Flag for daily review,no
TRG000676,2026-05-24T12:42:13,distraction,Driver Distraction,low,open,MNVR,Hourly Rental,Hamad Al Naqbi,HN,Hala Rides,DXB-P-42313,Deira,Al Rigga Road,,Issue formal warning — 2nd offense,no
TRG002608,2026-05-24T12:41:56,idling,Idling,medium,closed,MNVR,Taxi,Mahmoud Al Tayer,MT,Citi Taxi,DXB-D-15253,JBR,The Walk,,Auto-close — under 5min,no
TRG001611,2026-05-24T12:40:59,harsh,Harsh Driving,low,acknowledged,MNVR,School Bus,Ahmed Al Falasi,AF,School Transport Services,DXB-S-2338,Downtown Dubai,Financial Center Rd,43,Escalate to safety review board,no
TRG000889,2026-05-24T12:40:53,idling,Idling,low,fined,DS/Teams,Hourly Rental,Hassan Al Nuaimi,HN,Careem,DXB-P-16120,Al Barsha,Al Barsha Road,,Flag for daily review,yes
TRG002017,2026-05-24T12:40:40,fatigue,Driver Fatigue,low,closed,DS/Teams,Taxi,Salim Al Qassimi,SQ,Citi Taxi,DXB-D-73157,Business Bay,Bay Avenue,,Route to nearest rest stop,no
TRG001266,2026-05-24T12:40:32,idling,Idling,medium,stafteesh,ETMP,Marine,Khalid Al Mazrouei,KM,Dubai Marine Transport,MAR-432,Business Bay,Business Bay Crossing,,Flag for daily review,no
TRG000907,2026-05-24T12:40:30,harsh,Harsh Driving,high,acknowledged,DS/Teams,Public Bus,Hassan Al Marri,HM,Emirates Transport,DXB-B-7422,Mirdif,Mirdif City Centre Rd,138,Escalate to safety review board,no
TRG001613,2026-05-24T12:39:29,distraction,Driver Distraction,low,open,ETMP,Hourly Rental,Ibrahim Al Maktoum,IM,Hala Rides,DXB-H-80543,Silicon Oasis,Wadi Al Safa St,,Send live coaching prompt to driver,yes
TRG001546,2026-05-24T12:39:10,idling,Idling,medium,closed,MNVR,Taxi,Saeed Al Nuaimi,SN,Citi Taxi,DXB-P-94019,Deira,Baniyas Square,,Acknowledge — within tolerance,no
TRG001374,2026-05-24T12:39:07,harsh,Harsh Driving,medium,closed,ETMP,Taxi,Omar Al Hashimi,OH,Metro Taxi,DXB-I-29831,Jumeirah,Jumeirah Beach Road,68,Log for end-of-shift review,no
TRG000339,2026-05-24T12:38:43,signal,No Signal,medium,stafteesh,ETMP,Taxi,Saeed Al Falasi,SF,Metro Taxi,DXB-F-75555,Deira,Baniyas Square,,Dispatch tech if persistent >15min,no
TRG000599,2026-05-24T12:38:41,fatigue,Driver Fatigue,low,open,MNVR,Taxi,Faisal Al Qassimi,FQ,Dubai Taxi Corporation,DXB-P-65221,Silicon Oasis,Sheikh Mohammed Bin Zayed Rd,,Route to nearest rest stop,no
TRG000916,2026-05-24T12:38:41,fatigue,Driver Fatigue,high,investigation,MNVR,Taxi,Fadi Al Naqbi,FN,Metro Taxi,DXB-I-49683,Dubai Sports City,Sports City Boulevard,,Route to nearest rest stop,no
TRG001671,2026-05-24T12:38:10,camera,Camera Disconnection,high,open,DS/Teams,Marine,Saeed Al Naqbi,SN,Dubai Marine Transport,MAR-842,Jumeirah,Jumeirah Beach Road,,Dispatch field tech — recurring issue,no
TRG002214,2026-05-24T12:37:35,fatigue,Driver Fatigue,high,open,MNVR,Taxi,Ahmed Al Hashimi,AH,National Taxi,DXB-F-46497,Downtown Dubai,Financial Center Rd,,Instruct driver to take mandatory break,no
TRG000247,2026-05-24T12:37:08,fatigue,Driver Fatigue,high,closed,DS/Teams,Public Bus,Karim Al Owais,KO,RTA Public Buses,DXB-B-3491,Dubai Marina,Marina Walk,,Override dispatch — pull from rotation,no
TRG001465,2026-05-24T12:35:50,signal,No Signal,high,escalated,DS/Teams,Hourly Rental,Hassan Al Owais,HO,Careem,DXB-J-12839,Al Rashidiya,Rashidiya Metro Rd,,Auto-resolve when signal restored,no
TRG001492,2026-05-24T12:35:49,fatigue,Driver Fatigue,high,acknowledged,MNVR,Limousine & E-Hail,Ibrahim Al Mazrouei,IM,Uber Fleet,DXB-F-22028,Business Bay,Marasi Drive,,Override dispatch — pull from rotation,no
TRG002494,2026-05-24T12:35:06,signal,No Signal,medium,closed,MNVR,Limousine & E-Hail,Fadi Al Qassimi,FQ,Careem,DXB-J-68177,Dubai Sports City,Sports City Boulevard,,Auto-resolve when signal restored,no
TRG001471,2026-05-24T12:33:49,signal,No Signal,medium,closed,MNVR,Taxi,Adel Al Mazrouei,AM,Arabia Taxi,DXB-S-96976,Mirdif,Mirdif City Centre Rd,,Dispatch tech if persistent >15min,no
TRG000565,2026-05-24T12:33:08,harsh,Harsh Driving,low,open,ETMP,Taxi,Bilal Al Hashimi,BH,Dubai Taxi Corporation,DXB-C-10624,JBR,Jumeirah Beach Residence,63,Log for end-of-shift review,no
TRG001045,2026-05-24T12:32:14,signal,No Signal,low,acknowledged,MNVR,Taxi,Hassan Al Zaabi,HZ,Dubai Taxi Corporation,DXB-E-40099,Al Qusais,Damascus Street,,Auto-resolve when signal restored,no
TRG000198,2026-05-24T12:31:54,fatigue,Driver Fatigue,high,closed,MNVR,Limousine & E-Hail,Ziad Al Marri,ZM,Genie Limousine,DXB-H-83950,Downtown Dubai,Mohammed Bin Rashid Blvd,,Confirm with supervisor & monitor,no
TRG001959,2026-05-24T12:31:26,harsh,Harsh Driving,high,open,ETMP,Taxi,Tariq Al Shamsi,TS,Arabia Taxi,DXB-E-58481,Al Barsha,Mall of the Emirates,115,Log for end-of-shift review,no
TRG002327,2026-05-24T12:31:12,distraction,Driver Distraction,medium,closed,DS/Teams,Public Bus,Omar Al Maktoum,OM,Emirates Transport,DXB-B-4126,Business Bay,Marasi Drive,,"Acknowledge — minor, log only",no
TRG002422,2026-05-24T12:31:06,harsh,Harsh Driving,high,open,DS/Teams,Limousine & E-Hail,Mohammed Al Awadhi,MA,Yango Premium,DXB-S-58435,Jebel Ali,Ibn Battuta Road,130,Log for end-of-shift review,no
TRG000333,2026-05-24T12:30:48,harsh,Harsh Driving,medium,open,DS/Teams,Public Bus,Ibrahim Al Naqbi,IN,Emirates Transport,DXB-B-8857,Al Quoz,Al Meydan Road,90,Escalate to safety review board,no
TRG002506,2026-05-24T12:30:13,distraction,Driver Distraction,high,acknowledged,DS/Teams,Taxi,Mansour Al Hammadi,MH,Metro Taxi,DXB-R-84305,Business Bay,Bay Avenue,,Issue formal warning — 2nd offense,no
TRG001090,2026-05-24T12:30:04,idling,Idling,low,closed,ETMP,Hourly Rental,Mohammed Al Shamsi,MS,Hala Rides,DXB-M-64421,Al Rashidiya,Airport Road,,Flag for daily review,yes
TRG001550,2026-05-24T12:29:36,harsh,Harsh Driving,medium,closed,MNVR,Hourly Rental,Saeed Al Hashimi,SH,Careem,DXB-D-56313,Jumeirah,Jumeirah Beach Road,73,Issue coaching alert to driver,no
TRG000731,2026-05-24T12:29:35,idling,Idling,low,acknowledged,DS/Teams,Taxi,Nasser Al Qassimi,NQ,Cars Taxi,DXB-D-60527,Deira,Baniyas Square,,Acknowledge — within tolerance,no
TRG002448,2026-05-24T12:28:47,signal,No Signal,medium,closed,MNVR,Taxi,Bilal Al Mansouri,BM,Cars Taxi,DXB-B-58170,Al Qusais,Al Nahda Road,,Acknowledge — temporary blackout zone,no
TRG002641,2026-05-24T12:28:44,signal,No Signal,high,open,DS/Teams,Hourly Rental,Walid Al Hashimi,WH,Al Naboodah Transport,DXB-B-37583,Business Bay,Business Bay Crossing,,Acknowledge — temporary blackout zone,no
TRG001990,2026-05-24T12:28:34,harsh,Harsh Driving,medium,acknowledged,ETMP,Taxi,Ayman Al Owais,AO,Dubai Taxi Corporation,DXB-A-34325,Dubai Marina,Sheikh Zayed Rd Junction,73,Send to Stafteesh for fine assessment,no
TRG000896,2026-05-24T12:27:55,signal,No Signal,low,closed,MNVR,Limousine & E-Hail,Sultan Al Qassimi,SQ,Uber Fleet,DXB-T-52462,Al Qusais,Al Nahda Road,,Auto-resolve when signal restored,no
TRG000566,2026-05-24T12:26:23,idling,Idling,low,closed,DS/Teams,Limousine & E-Hail,Mahmoud Al Maktoum,MM,Genie Limousine,DXB-S-42021,Silicon Oasis,Sheikh Mohammed Bin Zayed Rd,,Send efficiency reminder to driver,no
TRG002522,2026-05-24T12:26:11,distraction,Driver Distraction,low,stafteesh,MNVR,Taxi,Sultan Al Naqbi,SN,Arabia Taxi,DXB-R-25091,Dubai Sports City,Hessa Street,,Issue formal warning — 2nd offense,no
TRG000906,2026-05-24T12:24:43,harsh,Harsh Driving,high,open,MNVR,Taxi,Faisal Al Marri,FM,National Taxi,DXB-L-28445,Al Qusais,Al Nahda Road,118,Send to Stafteesh for fine assessment,no
TRG002431,2026-05-24T12:23:58,idling,Idling,low,closed,MNVR,Limousine & E-Hail,Mansour Al Maktoum,MM,Yango Premium,DXB-H-22455,Jebel Ali,Jebel Ali Free Zone,,Acknowledge — within tolerance,no
TRG001397,2026-05-24T12:23:25,distraction,Driver Distraction,medium,open,DS/Teams,Public Bus,Mansour Al Awadhi,MA,Emirates Transport,DXB-B-4429,Jebel Ali,Ibn Battuta Road,,Issue formal warning — 2nd offense,no
TRG000949,2026-05-24T12:22:53,fatigue,Driver Fatigue,high,stafteesh,MNVR,Taxi,Karim Al Qassimi,KQ,Dubai Taxi Corporation,DXB-F-64529,Downtown Dubai,Burj Khalifa Blvd,,Override dispatch — pull from rotation,no
TRG001338,2026-05-24T12:21:56,idling,Idling,medium,acknowledged,MNVR,Public Bus,Mahmoud Al Mazrouei,MM,Emirates Transport,DXB-B-1848,Jumeirah,Jumeirah Beach Road,,Acknowledge — within tolerance,no
TRG002532,2026-05-24T12:20:25,harsh,Harsh Driving,medium,open,MNVR,Hourly Rental,Faisal Al Nuaimi,FN,Careem,DXB-R-55333,JBR,The Beach Promenade,74,Escalate to safety review board,no
TRG001108,2026-05-24T12:18:30,signal,No Signal,low,closed,ETMP,Public Bus,Ahmed Al Tayer,AT,Emirates Transport,DXB-B-4248,Dubai Marina,Sheikh Zayed Rd Junction,,Auto-resolve when signal restored,no
TRG000572,2026-05-24T12:17:52,camera,Camera Disconnection,high,closed,MNVR,School Bus,Adel Al Falasi,AF,Emirates Transport,DXB-S-3392,Mirdif,Algeria Street,,Escalate to fleet maintenance,no
TRG000479,2026-05-24T12:17:11,camera,Camera Disconnection,high,closed,MNVR,Taxi,Salim Al Hammadi,SH,Dubai Taxi Corporation,DXB-T-54341,Jumeirah,Jumeirah Beach Road,,Dispatch field tech — recurring issue,no
TRG002241,2026-05-24T12:16:40,harsh,Harsh Driving,high,open,DS/Teams,Limousine & E-Hail,Ibrahim Al Tayer,IT,Uber Fleet,DXB-R-25423,Business Bay,Bay Avenue,123,Send to Stafteesh for fine assessment,no
TRG000320,2026-05-24T12:16:31,distraction,Driver Distraction,high,closed,ETMP,Limousine & E-Hail,Walid Al Nuaimi,WN,Uber Fleet,DXB-N-76961,Downtown Dubai,Mohammed Bin Rashid Blvd,,Send live coaching prompt to driver,no
TRG001852,2026-05-24T12:16:23,harsh,Harsh Driving,low,open,DS/Teams,Marine,Mohammed Al Hashimi,MH,Dubai Marine Transport,MAR-791,Jebel Ali,Jebel Ali Free Zone,47,Send to Stafteesh for fine assessment,no
TRG002705,2026-05-24T12:14:14,harsh,Harsh Driving,low,closed,MNVR,Marine,Nasser Al Suwaidi,NS,Dubai Marine Transport,MAR-153,Dubai Marina,King Salman Bin Abdulaziz Al Saud St,67,Send to Stafteesh for fine assessment,no
TRG001776,2026-05-24T12:13:43,fatigue,Driver Fatigue,medium,fined,MNVR,Taxi,Nasser Al Qassimi,NQ,Metro Taxi,DXB-P-13226,Business Bay,Business Bay Crossing,,Route to nearest rest stop,no
TRG000590,2026-05-24T12:13:32,distraction,Driver Distraction,high,closed,DS/Teams,Taxi,Ibrahim Al Maktoum,IM,Metro Taxi,DXB-G-41963,Dubai Marina,Al Marsa Street,,Schedule supervisor review,yes
TRG002547,2026-05-24T12:12:32,fatigue,Driver Fatigue,low,investigation,ETMP,Limousine & E-Hail,Mansour Al Suwaidi,MS,Genie Limousine,DXB-Q-58198,Downtown Dubai,Mohammed Bin Rashid Blvd,,Confirm with supervisor & monitor,yes
TRG002769,2026-05-24T12:12:09,fatigue,Driver Fatigue,low,closed,MNVR,Marine,Tariq Al Owais,TO,Dubai Marine Transport,MAR-906,Dubai Marina,Al Marsa Street,,Instruct driver to take mandatory break,no
TRG001818,2026-05-24T12:10:49,harsh,Harsh Driving,high,open,DS/Teams,School Bus,Hamad Al Hashimi,HH,Emirates Transport,DXB-S-2636,Downtown Dubai,Burj Khalifa Blvd,95,Escalate to safety review board,no
TRG002688,2026-05-24T12:10:05,distraction,Driver Distraction,low,open,MNVR,Public Bus,Omar Al Owais,OO,RTA Public Buses,DXB-B-1371,Mirdif,Tripoli Street,,Issue formal warning — 2nd offense,no
TRG001300,2026-05-24T12:08:48,harsh,Harsh Driving,high,stafteesh,MNVR,Taxi,Faisal Al Marri,FM,Metro Taxi,DXB-F-16952,Dubai Marina,Al Marsa Street,105,Escalate to safety review board,no
TRG001685,2026-05-24T12:07:48,distraction,Driver Distraction,high,open,DS/Teams,Limousine & E-Hail,Faisal Al Mansouri,FM,Genie Limousine,DXB-K-62998,Downtown Dubai,Burj Khalifa Blvd,,Schedule supervisor review,no
TRG001698,2026-05-24T12:07:45,signal,No Signal,medium,investigation,MNVR,Taxi,Saeed Al Hashimi,SH,Dubai Taxi Corporation,DXB-E-27348,Dubai Sports City,Els Club Rd,,Re-establish GPS handshake,no
TRG000416,2026-05-24T12:06:47,harsh,Harsh Driving,medium,acknowledged,MNVR,Taxi,Walid Al Maktoum,WM,Citi Taxi,DXB-D-70235,Dubai Investment Park,Schoolzone Rd,76,Escalate to safety review board,no
TRG002797,2026-05-24T12:06:04,fatigue,Driver Fatigue,medium,closed,DS/Teams,Hourly Rental,Tariq Al Marri,TM,Hala Rides,DXB-J-82709,Silicon Oasis,Wadi Al Safa St,,Route to nearest rest stop,no
TRG002783,2026-05-24T12:05:52,distraction,Driver Distraction,medium,open,DS/Teams,Taxi,Hassan Al Tayer,HT,Dubai Taxi Corporation,DXB-C-79210,Al Quoz,Al Meydan Road,,Schedule supervisor review,no
TRG000578,2026-05-24T12:04:41,harsh,Harsh Driving,low,acknowledged,MNVR,Limousine & E-Hail,Salim Al Qassimi,SQ,Genie Limousine,DXB-C-47130,Business Bay,Marasi Drive,67,Send to Stafteesh for fine assessment,no
TRG000126,2026-05-24T12:03:48,fatigue,Driver Fatigue,high,investigation,MNVR,School Bus,Ayman Al Nuaimi,AN,Emirates Transport,DXB-S-5689,Downtown Dubai,Sheikh Mohammed Bin Rashid Blvd,,Instruct driver to take mandatory break,no
TRG002555,2026-05-24T12:03:41,fatigue,Driver Fatigue,high,open,DS/Teams,School Bus,Ayman Al Suwaidi,AS,School Transport Services,DXB-S-3205,Downtown Dubai,Sheikh Mohammed Bin Rashid Blvd,,Confirm with supervisor & monitor,no
TRG001145,2026-05-24T12:03:36,distraction,Driver Distraction,medium,closed,MNVR,Taxi,Ibrahim Al Shamsi,IS,Cars Taxi,DXB-E-59498,JBR,The Beach Promenade,,"Acknowledge — minor, log only",no
TRG001679,2026-05-24T12:03:36,idling,Idling,low,stafteesh,DS/Teams,Taxi,Omar Al Hashimi,OH,Citi Taxi,DXB-C-55501,Al Barsha,Sheikh Zayed Road,,Flag for daily review,no
TRG001186,2026-05-24T12:03:30,signal,No Signal,high,stafteesh,DS/Teams,Limousine & E-Hail,Karim Al Marri,KM,Genie Limousine,DXB-S-13255,Dubai Marina,Marina Walk,,Dispatch tech if persistent >15min,no
TRG001125,2026-05-24T12:03:19,signal,No Signal,medium,closed,ETMP,Taxi,Ziad Al Maktoum,ZM,Cars Taxi,DXB-S-16830,Mirdif,Tripoli Street,,Dispatch tech if persistent >15min,no
TRG001113,2026-05-24T12:01:17,distraction,Driver Distraction,high,closed,DS/Teams,Public Bus,Yousef Al Nuaimi,YN,Emirates Transport,DXB-B-7354,Deira,Al Maktoum Road,,"Acknowledge — minor, log only",no
TRG001264,2026-05-24T12:00:40,fatigue,Driver Fatigue,high,closed,MNVR,Limousine & E-Hail,Hassan Al Owais,HO,Genie Limousine,DXB-Q-89762,Al Rashidiya,Nadd Al Hamar Rd,,Override dispatch — pull from rotation,no
TRG002644,2026-05-24T12:00:26,signal,No Signal,high,acknowledged,MNVR,Taxi,Fadi Al Naqbi,FN,Dubai Taxi Corporation,DXB-C-81511,Dubai Marina,Marina Walk,,Re-establish GPS handshake,yes
TRG000811,2026-05-24T12:00:22,fatigue,Driver Fatigue,high,closed,DS/Teams,Taxi,Sultan Al Suwaidi,SS,Arabia Taxi,DXB-K-51959,Dubai Marina,Al Marsa Street,,Instruct driver to take mandatory break,no
TRG002475,2026-05-24T12:00:09,fatigue,Driver Fatigue,high,closed,MNVR,Taxi,Nasser Al Mazrouei,NM,Dubai Taxi Corporation,DXB-O-63189,Business Bay,Bay Avenue,,Instruct driver to take mandatory break,no
TRG000960,2026-05-24T11:59:16,signal,No Signal,high,stafteesh,DS/Teams,Public Bus,Ibrahim Al Zaabi,IZ,RTA Public Buses,DXB-B-2487,Dubai Marina,Marina Walk,,Acknowledge — temporary blackout zone,no
TRG001062,2026-05-24T11:59:08,harsh,Harsh Driving,high,open,MNVR,Public Bus,Mahmoud Al Hammadi,MH,RTA Public Buses,DXB-B-2739,Dubai Sports City,Hessa Street,109,Issue coaching alert to driver,no
TRG000773,2026-05-24T11:59:00,harsh,Harsh Driving,high,open,MNVR,Taxi,Yousef Al Falasi,YF,Dubai Taxi Corporation,DXB-A-85351,Jumeirah,Al Wasl Road,88,Send to Stafteesh for fine assessment,no
TRG001327,2026-05-24T11:58:30,fatigue,Driver Fatigue,low,closed,DS/Teams,Taxi,Rashid Al Shamsi,RS,National Taxi,DXB-H-15103,JBR,The Walk,,Override dispatch — pull from rotation,no
TRG000310,2026-05-24T11:57:23,harsh,Harsh Driving,high,acknowledged,MNVR,Taxi,Rashid Al Hashimi,RH,Metro Taxi,DXB-N-93337,Dubai Marina,Al Marsa Street,129,Escalate to safety review board,no
TRG000611,2026-05-24T11:56:16,distraction,Driver Distraction,medium,open,ETMP,Public Bus,Bilal Al Falasi,BF,RTA Public Buses,DXB-B-8580,JBR,The Beach Promenade,,Schedule supervisor review,no
TRG001604,2026-05-24T11:55:22,distraction,Driver Distraction,low,acknowledged,DS/Teams,Public Bus,Tariq Al Falasi,TF,RTA Public Buses,DXB-B-7701,Downtown Dubai,Burj Khalifa Blvd,,Issue formal warning — 2nd offense,yes
TRG000529,2026-05-24T11:55:09,idling,Idling,low,fined,DS/Teams,Taxi,Ziad Al Marri,ZM,Arabia Taxi,DXB-B-43628,Jumeirah,Jumeirah Beach Road,,Acknowledge — within tolerance,no
TRG001378,2026-05-24T11:55:03,fatigue,Driver Fatigue,high,acknowledged,MNVR,School Bus,Hassan Al Owais,HO,School Transport Services,DXB-S-5240,Downtown Dubai,Mohammed Bin Rashid Blvd,,Instruct driver to take mandatory break,no
TRG000241,2026-05-24T11:53:47,camera,Camera Disconnection,high,investigation,DS/Teams,Limousine & E-Hail,Mahmoud Al Awadhi,MA,Careem,DXB-I-97334,Al Quoz,Al Meydan Road,,Run firmware reset remotely,no
TRG001539,2026-05-24T11:53:04,signal,No Signal,high,acknowledged,DS/Teams,Taxi,Ayman Al Falasi,AF,Dubai Taxi Corporation,DXB-T-91373,Al Qusais,Al Nahda Road,,Re-establish GPS handshake,no
TRG000530,2026-05-24T11:52:35,distraction,Driver Distraction,low,stafteesh,DS/Teams,Limousine & E-Hail,Sultan Al Hashimi,SH,Hala Rides,DXB-L-57394,Deira,Baniyas Square,,Send live coaching prompt to driver,no
TRG001929,2026-05-24T11:52:26,fatigue,Driver Fatigue,medium,investigation,DS/Teams,Hourly Rental,Khalid Al Suwaidi,KS,Careem,DXB-I-80889,Jebel Ali,Ibn Battuta Road,,Instruct driver to take mandatory break,no
TRG002028,2026-05-24T11:51:54,idling,Idling,low,acknowledged,MNVR,Public Bus,Faisal Al Tayer,FT,Emirates Transport,DXB-B-9318,Dubai Sports City,Sports City Boulevard,,Auto-close — under 5min,no
TRG000026,2026-05-24T11:51:48,camera,Camera Disconnection,medium,acknowledged,MNVR,Public Bus,Marwan Al Suwaidi,MS,RTA Public Buses,DXB-B-9632,Dubai Investment Park,Green Community,,Verify cable connection at next stop,no
TRG000926,2026-05-24T11:51:24,harsh,Harsh Driving,medium,open,ETMP,Marine,Ahmed Al Awadhi,AA,Dubai Marine Transport,MAR-142,Jumeirah,Jumeirah Beach Road,89,Send to Stafteesh for fine assessment,yes
TRG002643,2026-05-24T11:51:08,harsh,Harsh Driving,low,fined,ETMP,Public Bus,Ziad Al Owais,ZO,Emirates Transport,DXB-B-1128,Al Qusais,Al Nahda Road,61,Send to Stafteesh for fine assessment,no
TRG001980,2026-05-24T11:50:01,fatigue,Driver Fatigue,medium,stafteesh,ETMP,Marine,Hamad Al Zaabi,HZ,Dubai Marine Transport,MAR-147,Al Barsha,Al Barsha Road,,Instruct driver to take mandatory break,no
TRG000215,2026-05-24T11:48:58,camera,Camera Disconnection,high,acknowledged,MNVR,School Bus,Omar Al Hammadi,OH,Emirates Transport,DXB-S-8145,Al Quoz,Al Khail Road,,Run firmware reset remotely,no
TRG001856,2026-05-24T11:48:21,distraction,Driver Distraction,high,acknowledged,MNVR,Marine,Sultan Al Mansouri,SM,Dubai Marine Transport,MAR-547,Downtown Dubai,Mohammed Bin Rashid Blvd,,Send live coaching prompt to driver,no
TRG000858,2026-05-24T11:47:57,distraction,Driver Distraction,medium,investigation,MNVR,Taxi,Bilal Al Mazrouei,BM,Arabia Taxi,DXB-F-42380,Business Bay,Marasi Drive,,"Acknowledge — minor, log only",no
TRG002164,2026-05-24T11:47:55,signal,No Signal,high,open,DS/Teams,Limousine & E-Hail,Ahmed Al Owais,AO,Yango Premium,DXB-R-34710,Business Bay,Al Abraj Street,,Acknowledge — temporary blackout zone,no
TRG001386,2026-05-24T11:47:34,camera,Camera Disconnection,low,stafteesh,MNVR,Public Bus,Yousef Al Hammadi,YH,RTA Public Buses,DXB-B-2710,Business Bay,Al Abraj Street,,Dispatch field tech — recurring issue,no
TRG001622,2026-05-24T11:47:17,harsh,Harsh Driving,high,open,DS/Teams,Taxi,Adel Al Awadhi,AA,Cars Taxi,DXB-G-60249,Dubai Marina,Sheikh Zayed Rd Junction,124,Issue coaching alert to driver,no
TRG002663,2026-05-24T11:46:44,fatigue,Driver Fatigue,low,investigation,MNVR,School Bus,Salim Al Hammadi,SH,School Transport Services,DXB-S-8238,Downtown Dubai,Mohammed Bin Rashid Blvd,,Instruct driver to take mandatory break,no
TRG000952,2026-05-24T11:46:41,harsh,Harsh Driving,medium,closed,DS/Teams,Taxi,Ayman Al Maktoum,AM,Metro Taxi,DXB-J-27678,Mirdif,Algeria Street,81,Log for end-of-shift review,no
TRG001702,2026-05-24T11:46:18,idling,Idling,low,closed,ETMP,Limousine & E-Hail,Mohammed Al Suwaidi,MS,Genie Limousine,DXB-O-16512,Downtown Dubai,Sheikh Mohammed Bin Rashid Blvd,,Send efficiency reminder to driver,no
TRG000466,2026-05-24T11:46:11,camera,Camera Disconnection,high,open,ETMP,Public Bus,Yousef Al Maktoum,YM,RTA Public Buses,DXB-B-5480,Dubai Investment Park,Green Community,,Dispatch field tech — recurring issue,no
TRG000283,2026-05-24T11:45:44,distraction,Driver Distraction,high,open,ETMP,Public Bus,Nasser Al Owais,NO,RTA Public Buses,DXB-B-4364,Mirdif,Algeria Street,,Issue formal warning — 2nd offense,no
TRG001426,2026-05-24T11:44:53,harsh,Harsh Driving,medium,open,MNVR,Limousine & E-Hail,Walid Al Marri,WM,Uber Fleet,DXB-D-93744,Business Bay,Marasi Drive,72,Issue coaching alert to driver,no
TRG000061,2026-05-24T11:44:41,fatigue,Driver Fatigue,high,closed,ETMP,Taxi,Bilal Al Nuaimi,BN,Dubai Taxi Corporation,DXB-L-54566,Jumeirah,Umm Suqeim Road,,Route to nearest rest stop,yes
TRG000816,2026-05-24T11:44:28,distraction,Driver Distraction,medium,open,MNVR,Public Bus,Walid Al Marri,WM,RTA Public Buses,DXB-B-2896,Jebel Ali,Ibn Battuta Road,,Schedule supervisor review,no
TRG002141,2026-05-24T11:43:50,harsh,Harsh Driving,high,closed,MNVR,Hourly Rental,Omar Al Owais,OO,Hala Rides,DXB-G-84826,Silicon Oasis,Wadi Al Safa St,137,Send to Stafteesh for fine assessment,no
TRG002513,2026-05-24T11:43:31,fatigue,Driver Fatigue,high,investigation,ETMP,Limousine & E-Hail,Faisal Al Mansouri,FM,Genie Limousine,DXB-N-36221,Downtown Dubai,Mohammed Bin Rashid Blvd,,Confirm with supervisor & monitor,no
TRG000744,2026-05-24T11:43:14,idling,Idling,low,investigation,MNVR,Taxi,Khalid Al Shamsi,KS,Cars Taxi,DXB-Q-77537,Dubai Marina,Al Marsa Street,,Flag for daily review,no
TRG000834,2026-05-24T11:42:30,idling,Idling,low,acknowledged,MNVR,Taxi,Salim Al Qassimi,SQ,Cars Taxi,DXB-K-27428,Jumeirah,Jumeirah Beach Road,,Flag for daily review,no
TRG000519,2026-05-24T11:42:29,distraction,Driver Distraction,medium,investigation,ETMP,School Bus,Sultan Al Suwaidi,SS,School Transport Services,DXB-S-9725,Downtown Dubai,Sheikh Mohammed Bin Rashid Blvd,,Schedule supervisor review,no
TRG000321,2026-05-24T11:42:26,signal,No Signal,low,investigation,MNVR,Taxi,Salim Al Owais,SO,Arabia Taxi,DXB-H-36066,Business Bay,Al Abraj Street,,Acknowledge — temporary blackout zone,no
TRG000842,2026-05-24T11:42:02,signal,No Signal,medium,closed,DS/Teams,Public Bus,Adel Al Maktoum,AM,RTA Public Buses,DXB-B-3438,JBR,Jumeirah Beach Residence,,Dispatch tech if persistent >15min,no
TRG001968,2026-05-24T11:41:27,fatigue,Driver Fatigue,high,open,DS/Teams,Taxi,Hassan Al Hammadi,HH,Metro Taxi,DXB-I-58545,Dubai Marina,Al Marsa Street,,Instruct driver to take mandatory break,no
TRG001248,2026-05-24T11:40:46,fatigue,Driver Fatigue,low,open,MNVR,Limousine & E-Hail,Yousef Al Owais,YO,Uber Fleet,DXB-S-28602,Jebel Ali,Sheikh Zayed Road,,Confirm with supervisor & monitor,no
TRG001620,2026-05-24T11:40:45,distraction,Driver Distraction,medium,closed,ETMP,Taxi,Fadi Al Naqbi,FN,Cars Taxi,DXB-G-37790,Dubai Marina,Marina Walk,,Issue formal warning — 2nd offense,no
TRG002212,2026-05-24T11:40:41,fatigue,Driver Fatigue,low,escalated,DS/Teams,Hourly Rental,Faisal Al Qassimi,FQ,Al Naboodah Transport,DXB-Q-77873,Dubai Marina,Sheikh Zayed Rd Junction,,Route to nearest rest stop,no
TRG002725,2026-05-24T11:39:43,idling,Idling,low,closed,MNVR,Public Bus,Hassan Al Zaabi,HZ,Emirates Transport,DXB-B-4839,Al Barsha,Al Barsha Road,,Acknowledge — within tolerance,no
TRG000899,2026-05-24T11:38:51,signal,No Signal,low,acknowledged,DS/Teams,Hourly Rental,Khalid Al Hashimi,KH,Al Naboodah Transport,DXB-O-22016,Dubai Marina,Sheikh Zayed Rd Junction,,Dispatch tech if persistent >15min,no
TRG002135,2026-05-24T11:38:12,distraction,Driver Distraction,high,closed,MNVR,Taxi,Ziad Al Mansouri,ZM,National Taxi,DXB-G-30543,Silicon Oasis,Wadi Al Safa St,,Schedule supervisor review,no
TRG001194,2026-05-24T11:38:10,distraction,Driver Distraction,medium,stafteesh,MNVR,Limousine & E-Hail,Bilal Al Suwaidi,BS,Uber Fleet,DXB-L-94204,Al Barsha,Mall of the Emirates,,"Acknowledge — minor, log only",no
TRG002408,2026-05-24T11:37:47,idling,Idling,low,closed,MNVR,Public Bus,Ahmed Al Hammadi,AH,Emirates Transport,DXB-B-5962,Dubai Investment Park,Schoolzone Rd,,Auto-close — under 5min,no
TRG000186,2026-05-24T11:37:22,idling,Idling,low,escalated,MNVR,Taxi,Bilal Al Suwaidi,BS,Metro Taxi,DXB-B-83482,Downtown Dubai,Financial Center Rd,,Acknowledge — within tolerance,no
TRG002537,2026-05-24T11:37:17,distraction,Driver Distraction,medium,open,DS/Teams,Taxi,Bilal Al Tayer,BT,Cars Taxi,DXB-Q-99294,Jumeirah,Jumeirah Beach Road,,Issue formal warning — 2nd offense,no
TRG000491,2026-05-24T11:36:27,idling,Idling,low,closed,MNVR,Taxi,Mohammed Al Naqbi,MN,Metro Taxi,DXB-S-86153,Al Qusais,Al Nahda Road,,Flag for daily review,no
TRG002317,2026-05-24T11:35:58,signal,No Signal,medium,acknowledged,DS/Teams,School Bus,Adel Al Falasi,AF,School Transport Services,DXB-S-1638,Deira,Al Rigga Road,,Re-establish GPS handshake,no
TRG001104,2026-05-24T11:34:40,harsh,Harsh Driving,medium,closed,MNVR,Limousine & E-Hail,Hamad Al Marri,HM,Uber Fleet,DXB-H-17767,Business Bay,Business Bay Crossing,61,Escalate to safety review board,no
TRG001377,2026-05-24T11:34:10,fatigue,Driver Fatigue,high,acknowledged,DS/Teams,School Bus,Adel Al Hashimi,AH,School Transport Services,DXB-S-9895,Downtown Dubai,Sheikh Mohammed Bin Rashid Blvd,,Override dispatch — pull from rotation,no
TRG000672,2026-05-24T11:34:06,camera,Camera Disconnection,high,stafteesh,DS/Teams,Taxi,Mahmoud Al Awadhi,MA,Cars Taxi,DXB-D-39942,Dubai Marina,Marina Walk,,Run firmware reset remotely,no
TRG001066,2026-05-24T11:33:56,fatigue,Driver Fatigue,low,open,DS/Teams,Taxi,Hamad Al Falasi,HF,Dubai Taxi Corporation,DXB-Q-15780,Dubai Investment Park,Green Community,,Override dispatch — pull from rotation,no
TRG002312,2026-05-24T11:33:02,idling,Idling,low,acknowledged,MNVR,Taxi,Ibrahim Al Mazrouei,IM,Metro Taxi,DXB-Q-79444,Dubai Investment Park,DIP First Road,,Send efficiency reminder to driver,no
TRG001979,2026-05-24T11:33:01,fatigue,Driver Fatigue,low,acknowledged,MNVR,Taxi,Bilal Al Shamsi,BS,Metro Taxi,DXB-C-24995,Business Bay,Al Abraj Street,,Instruct driver to take mandatory break,no
TRG001746,2026-05-24T11:29:42,distraction,Driver Distraction,medium,stafteesh,MNVR,School Bus,Nasser Al Suwaidi,NS,School Transport Services,DXB-S-2776,Dubai Sports City,Hessa Street,,Schedule supervisor review,no
TRG000709,2026-05-24T11:27:58,idling,Idling,low,open,MNVR,Taxi,Hamad Al Hashimi,HH,National Taxi,DXB-J-13233,Jumeirah,Jumeirah Beach Road,,Auto-close — under 5min,no
TRG001004,2026-05-24T11:27:40,idling,Idling,low,open,ETMP,Taxi,Marwan Al Zaabi,MZ,Citi Taxi,DXB-K-50612,Al Barsha,Al Barsha Road,,Send efficiency reminder to driver,no
TRG001516,2026-05-24T11:27:27,fatigue,Driver Fatigue,high,investigation,ETMP,Limousine & E-Hail,Mansour Al Owais,MO,Yango Premium,DXB-N-28186,Mirdif,Mirdif City Centre Rd,,Route to nearest rest stop,no
TRG002661,2026-05-24T11:26:18,distraction,Driver Distraction,medium,closed,ETMP,School Bus,Walid Al Maktoum,WM,School Transport Services,DXB-S-1088,Downtown Dubai,Sheikh Mohammed Bin Rashid Blvd,,Send live coaching prompt to driver,no
TRG002489,2026-05-24T11:25:47,fatigue,Driver Fatigue,high,acknowledged,DS/Teams,Taxi,Sultan Al Mazrouei,SM,National Taxi,DXB-L-49864,Jumeirah,Umm Suqeim Road,,Instruct driver to take mandatory break,no
TRG001882,2026-05-24T11:25:23,camera,Camera Disconnection,high,investigation,DS/Teams,Limousine & E-Hail,Adel Al Hammadi,AH,Careem,DXB-N-82389,Al Barsha,Sheikh Zayed Road,,Escalate to fleet maintenance,no
TRG001733,2026-05-24T11:24:53,signal,No Signal,medium,open,DS/Teams,Public Bus,Hassan Al Nuaimi,HN,RTA Public Buses,DXB-B-2363,Deira,Baniyas Square,,Auto-resolve when signal restored,no
TRG000752,2026-05-24T11:24:38,harsh,Harsh Driving,low,stafteesh,DS/Teams,School Bus,Omar Al Maktoum,OM,School Transport Services,DXB-S-2480,Mirdif,Mirdif City Centre Rd,62,Send to Stafteesh for fine assessment,yes
TRG002774,2026-05-24T11:23:59,fatigue,Driver Fatigue,high,stafteesh,MNVR,Taxi,Karim Al Shamsi,KS,Arabia Taxi,DXB-D-35986,Deira,Al Maktoum Road,,Instruct driver to take mandatory break,no
TRG001749,2026-05-24T11:23:56,harsh,Harsh Driving,high,acknowledged,MNVR,Taxi,Faisal Al Shamsi,FS,National Taxi,DXB-B-96331,Deira,Al Maktoum Road,127,Send to Stafteesh for fine assessment,no
TRG000749,2026-05-24T11:23:50,distraction,Driver Distraction,medium,closed,MNVR,Limousine & E-Hail,Ziad Al Mansouri,ZM,Genie Limousine,DXB-E-73045,Dubai Marina,King Salman Bin Abdulaziz Al Saud St,,Issue formal warning — 2nd offense,no
TRG002745,2026-05-24T11:23:30,distraction,Driver Distraction,medium,closed,MNVR,Marine,Mahmoud Al Marri,MM,Dubai Marine Transport,MAR-337,Deira,Baniyas Square,,Schedule supervisor review,no
TRG000312,2026-05-24T11:23:15,distraction,Driver Distraction,high,closed,ETMP,Marine,Ayman Al Maktoum,AM,Dubai Marine Transport,MAR-447,Jebel Ali,Ibn Battuta Road,,"Acknowledge — minor, log only",no
TRG001058,2026-05-24T11:22:53,distraction,Driver Distraction,medium,open,DS/Teams,Limousine & E-Hail,Yousef Al Suwaidi,YS,Uber Fleet,DXB-J-83471,Al Rashidiya,Airport Road,,Schedule supervisor review,no
TRG002383,2026-05-24T11:22:22,fatigue,Driver Fatigue,low,open,DS/Teams,Hourly Rental,Salim Al Suwaidi,SS,Al Naboodah Transport,DXB-J-59524,Downtown Dubai,Financial Center Rd,,Confirm with supervisor & monitor,no
TRG001750,2026-05-24T11:20:58,distraction,Driver Distraction,medium,closed,DS/Teams,Taxi,Ziad Al Tayer,ZT,Arabia Taxi,DXB-M-99365,Al Quoz,Al Meydan Road,,Schedule supervisor review,no
TRG002570,2026-05-24T11:20:43,harsh,Harsh Driving,high,open,DS/Teams,Taxi,Ibrahim Al Suwaidi,IS,Citi Taxi,DXB-P-67370,Al Quoz,Al Khail Road,118,Log for end-of-shift review,no
TRG000783,2026-05-24T11:18:25,camera,Camera Disconnection,high,open,DS/Teams,Public Bus,Ahmed Al Owais,AO,RTA Public Buses,DXB-B-8780,Business Bay,Business Bay Crossing,,Dispatch field tech — recurring issue,no
TRG000651,2026-05-24T11:18:05,distraction,Driver Distraction,low,stafteesh,ETMP,School Bus,Sultan Al Hammadi,SH,Emirates Transport,DXB-S-5289,Al Rashidiya,Rashidiya Metro Rd,,"Acknowledge — minor, log only",no
TRG000933,2026-05-24T11:17:50,idling,Idling,low,investigation,MNVR,Limousine & E-Hail,Ziad Al Qassimi,ZQ,Careem,DXB-L-90371,Al Qusais,Al Nahda Road,,Send efficiency reminder to driver,no
TRG001499,2026-05-24T11:17:18,harsh,Harsh Driving,high,open,MNVR,Hourly Rental,Rashid Al Naqbi,RN,Al Naboodah Transport,DXB-H-94959,Business Bay,Marasi Drive,134,Send to Stafteesh for fine assessment,no
TRG001777,2026-05-24T11:17:05,camera,Camera Disconnection,medium,acknowledged,DS/Teams,Taxi,Fadi Al Zaabi,FZ,Dubai Taxi Corporation,DXB-L-69114,Downtown Dubai,Sheikh Mohammed Bin Rashid Blvd,,Dispatch field tech — recurring issue,no
TRG001766,2026-05-24T11:16:32,distraction,Driver Distraction,low,closed,DS/Teams,Taxi,Khalid Al Hammadi,KH,Arabia Taxi,DXB-H-29309,Downtown Dubai,Financial Center Rd,,"Acknowledge — minor, log only",yes
TRG001077,2026-05-24T11:15:45,idling,Idling,low,open,DS/Teams,School Bus,Karim Al Marri,KM,School Transport Services,DXB-S-9315,Deira,Al Rigga Road,,Acknowledge — within tolerance,no
TRG001933,2026-05-24T11:15:00,idling,Idling,low,stafteesh,DS/Teams,Taxi,Mansour Al Qassimi,MQ,Arabia Taxi,DXB-L-58837,Business Bay,Business Bay Crossing,,Send efficiency reminder to driver,yes
TRG000503,2026-05-24T11:14:11,fatigue,Driver Fatigue,high,escalated,MNVR,Hourly Rental,Mahmoud Al Tayer,MT,Hala Rides,DXB-I-97711,JBR,The Beach Promenade,,Confirm with supervisor & monitor,no
TRG002552,2026-05-24T11:13:30,distraction,Driver Distraction,medium,closed,ETMP,Taxi,Adel Al Maktoum,AM,Dubai Taxi Corporation,DXB-I-50413,Jumeirah,Umm Suqeim Road,,Schedule supervisor review,no
TRG000562,2026-05-24T11:13:15,idling,Idling,medium,closed,ETMP,Taxi,Mohammed Al Mansouri,MM,National Taxi,DXB-H-14099,Al Qusais,Beirut Street,,Flag for daily review,no
TRG002097,2026-05-24T11:12:47,signal,No Signal,medium,open,ETMP,Hourly Rental,Omar Al Hashimi,OH,Al Naboodah Transport,DXB-H-66746,Jebel Ali,Sheikh Zayed Road,,Dispatch tech if persistent >15min,no
TRG001615,2026-05-24T11:12:45,signal,No Signal,medium,investigation,ETMP,Public Bus,Mohammed Al Suwaidi,MS,RTA Public Buses,DXB-B-5764,Downtown Dubai,Burj Khalifa Blvd,,Dispatch tech if persistent >15min,no
TRG000740,2026-05-24T11:11:27,camera,Camera Disconnection,high,fined,MNVR,School Bus,Adel Al Shamsi,AS,Emirates Transport,DXB-S-2036,Al Qusais,Al Nahda Road,,Run firmware reset remotely,no
TRG000742,2026-05-24T11:10:04,signal,No Signal,high,open,ETMP,Hourly Rental,Adel Al Qassimi,AQ,Al Naboodah Transport,DXB-H-64371,Deira,Gold Souq Street,,Acknowledge — temporary blackout zone,no
TRG002063,2026-05-24T11:09:41,fatigue,Driver Fatigue,high,investigation,MNVR,Hourly Rental,Hamad Al Awadhi,HA,Al Naboodah Transport,DXB-A-55632,Business Bay,Business Bay Crossing,,Route to nearest rest stop,no
TRG001496,2026-05-24T11:09:19,fatigue,Driver Fatigue,medium,escalated,MNVR,Limousine & E-Hail,Karim Al Maktoum,KM,Uber Fleet,DXB-I-43246,Dubai Investment Park,Schoolzone Rd,,Override dispatch — pull from rotation,no
TRG002696,2026-05-24T11:07:43,signal,No Signal,low,open,MNVR,Marine,Ayman Al Nuaimi,AN,Dubai Marine Transport,MAR-711,Deira,Gold Souq Street,,Auto-resolve when signal restored,no
TRG001605,2026-05-24T11:07:17,signal,No Signal,medium,closed,MNVR,Limousine & E-Hail,Walid Al Mansouri,WM,Yango Premium,DXB-P-14410,JBR,The Walk,,Acknowledge — temporary blackout zone,no
TRG001849,2026-05-24T11:06:42,idling,Idling,low,investigation,MNVR,Taxi,Khalid Al Hammadi,KH,National Taxi,DXB-F-40118,Downtown Dubai,Sheikh Mohammed Bin Rashid Blvd,,Send efficiency reminder to driver,no
TRG000429,2026-05-24T11:06:35,harsh,Harsh Driving,high,open,DS/Teams,Limousine & E-Hail,Khalid Al Zaabi,KZ,Uber Fleet,DXB-B-62824,Business Bay,Marasi Drive,120,Log for end-of-shift review,no
TRG002313,2026-05-24T11:06:13,signal,No Signal,medium,open,MNVR,Taxi,Omar Al Mazrouei,OM,Dubai Taxi Corporation,DXB-A-97190,JBR,Jumeirah Beach Residence,,Dispatch tech if persistent >15min,no
TRG000337,2026-05-24T11:05:56,signal,No Signal,low,acknowledged,DS/Teams,Hourly Rental,Ayman Al Owais,AO,Hala Rides,DXB-P-25545,Mirdif,Tripoli Street,,Re-establish GPS handshake,no
TRG002011,2026-05-24T11:05:38,fatigue,Driver Fatigue,medium,investigation,DS/Teams,Hourly Rental,Marwan Al Zaabi,MZ,Careem,DXB-B-83693,Dubai Marina,Al Marsa Street,,Confirm with supervisor & monitor,no
TRG000490,2026-05-24T11:05:17,idling,Idling,high,acknowledged,MNVR,Taxi,Mohammed Al Naqbi,MN,Dubai Taxi Corporation,DXB-P-21963,Dubai Sports City,Sports City Boulevard,,Acknowledge — within tolerance,no
TRG000690,2026-05-24T11:02:23,harsh,Harsh Driving,medium,acknowledged,MNVR,Taxi,Tariq Al Shamsi,TS,Dubai Taxi Corporation,DXB-E-65419,Deira,Baniyas Square,65,Log for end-of-shift review,no
TRG000378,2026-05-24T11:02:15,idling,Idling,low,closed,MNVR,Limousine & E-Hail,Faisal Al Qassimi,FQ,Uber Fleet,DXB-I-76910,JBR,The Beach Promenade,,Flag for daily review,no
TRG000182,2026-05-24T11:02:02,harsh,Harsh Driving,high,open,MNVR,Hourly Rental,Mohammed Al Zaabi,MZ,Al Naboodah Transport,DXB-C-43871,Jumeirah,Jumeirah Beach Road,91,Escalate to safety review board,no
TRG001799,2026-05-24T11:01:38,signal,No Signal,low,closed,ETMP,Taxi,Khalid Al Zaabi,KZ,Citi Taxi,DXB-F-88304,Business Bay,Business Bay Crossing,,Re-establish GPS handshake,no
TRG002100,2026-05-24T11:01:37,fatigue,Driver Fatigue,high,acknowledged,DS/Teams,Taxi,Khalid Al Falasi,KF,National Taxi,DXB-Q-21003,Downtown Dubai,Sheikh Mohammed Bin Rashid Blvd,,Route to nearest rest stop,yes
TRG000406,2026-05-24T11:00:15,fatigue,Driver Fatigue,high,acknowledged,DS/Teams,School Bus,Sultan Al Naqbi,SN,Emirates Transport,DXB-S-8364,Al Quoz,Al Meydan Road,,Confirm with supervisor & monitor,no
TRG001727,2026-05-24T10:59:01,distraction,Driver Distraction,high,investigation,DS/Teams,School Bus,Rashid Al Suwaidi,RS,Emirates Transport,DXB-S-4100,JBR,Jumeirah Beach Residence,,"Acknowledge — minor, log only",no
TRG001274,2026-05-24T10:58:51,distraction,Driver Distraction,low,open,ETMP,Marine,Hamad Al Mazrouei,HM,Dubai Marine Transport,MAR-273,Jebel Ali,Jebel Ali Free Zone,,"Acknowledge — minor, log only",no
TRG000340,2026-05-24T10:58:45,fatigue,Driver Fatigue,medium,open,ETMP,Taxi,Tariq Al Mansouri,TM,Metro Taxi,DXB-M-79855,Jebel Ali,Ibn Battuta Road,,Confirm with supervisor & monitor,no
TRG000085,2026-05-24T10:58:37,camera,Camera Disconnection,medium,closed,DS/Teams,Limousine & E-Hail,Marwan Al Hashimi,MH,Hala Rides,DXB-A-67206,JBR,The Beach Promenade,,Dispatch field tech — recurring issue,no
TRG000279,2026-05-24T10:58:10,signal,No Signal,medium,investigation,MNVR,Taxi,Bilal Al Mazrouei,BM,Citi Taxi,DXB-D-42544,Mirdif,Tripoli Street,,Acknowledge — temporary blackout zone,no
TRG002491,2026-05-24T10:57:59,distraction,Driver Distraction,high,closed,MNVR,Hourly Rental,Ahmed Al Marri,AM,Careem,DXB-F-26755,Al Barsha,Sheikh Zayed Road,,"Acknowledge — minor, log only",no
TRG000502,2026-05-24T10:54:57,fatigue,Driver Fatigue,low,acknowledged,DS/Teams,Public Bus,Hassan Al Maktoum,HM,Emirates Transport,DXB-B-4353,Jumeirah,Umm Suqeim Road,,Route to nearest rest stop,no
TRG001692,2026-05-24T10:54:53,signal,No Signal,high,acknowledged,DS/Teams,Limousine & E-Hail,Ayman Al Mansouri,AM,Hala Rides,DXB-C-65249,Al Rashidiya,Nadd Al Hamar Rd,,Acknowledge — temporary blackout zone,no
TRG002798,2026-05-24T10:54:41,fatigue,Driver Fatigue,medium,open,MNVR,Public Bus,Walid Al Shamsi,WS,RTA Public Buses,DXB-B-4817,Deira,Al Rigga Road,,Confirm with supervisor & monitor,no
TRG001308,2026-05-24T10:53:01,distraction,Driver Distraction,medium,open,MNVR,Taxi,Ahmed Al Mazrouei,AM,Cars Taxi,DXB-L-82919,Al Qusais,Al Nahda Road,,"Acknowledge — minor, log only",no
TRG000763,2026-05-24T10:52:53,fatigue,Driver Fatigue,medium,open,DS/Teams,Taxi,Omar Al Suwaidi,OS,Metro Taxi,DXB-F-37791,JBR,Jumeirah Beach Residence,,Instruct driver to take mandatory break,no
TRG002366,2026-05-24T10:52:39,idling,Idling,low,investigation,MNVR,Limousine & E-Hail,Mansour Al Shamsi,MS,Yango Premium,DXB-H-35699,Downtown Dubai,Mohammed Bin Rashid Blvd,,Send efficiency reminder to driver,no
TRG000197,2026-05-24T10:51:40,fatigue,Driver Fatigue,high,open,DS/Teams,School Bus,Bilal Al Qassimi,BQ,Emirates Transport,DXB-S-9174,Business Bay,Marasi Drive,,Route to nearest rest stop,no
TRG001649,2026-05-24T10:50:44,harsh,Harsh Driving,high,closed,ETMP,Limousine & E-Hail,Nasser Al Nuaimi,NN,Genie Limousine,DXB-R-84720,JBR,The Walk,102,Escalate to safety review board,no
TRG001529,2026-05-24T10:49:09,camera,Camera Disconnection,medium,acknowledged,ETMP,Marine,Tariq Al Suwaidi,TS,Dubai Marine Transport,MAR-118,Al Quoz,Al Asayel Street,,Dispatch field tech — recurring issue,no
TRG002229,2026-05-24T10:48:42,harsh,Harsh Driving,high,stafteesh,DS/Teams,Hourly Rental,Hassan Al Maktoum,HM,Hala Rides,DXB-A-37614,Jumeirah,Al Wasl Road,88,Log for end-of-shift review,no
TRG002120,2026-05-24T10:48:19,fatigue,Driver Fatigue,high,closed,DS/Teams,Taxi,Mohammed Al Maktoum,MM,Citi Taxi,DXB-J-33503,Al Qusais,Al Nahda Road,,Route to nearest rest stop,no
TRG002185,2026-05-24T10:46:57,idling,Idling,high,closed,DS/Teams,Taxi,Mahmoud Al Owais,MO,Metro Taxi,DXB-D-71779,Dubai Marina,Sheikh Zayed Rd Junction,,Auto-close — under 5min,no
TRG002460,2026-05-24T10:46:19,signal,No Signal,high,investigation,DS/Teams,Hourly Rental,Yousef Al Maktoum,YM,Al Naboodah Transport,DXB-N-64765,Mirdif,Mirdif City Centre Rd,,Dispatch tech if persistent >15min,no
TRG002177,2026-05-24T10:46:10,harsh,Harsh Driving,medium,open,MNVR,Taxi,Walid Al Shamsi,WS,Dubai Taxi Corporation,DXB-C-73269,Al Barsha,Sheikh Zayed Road,71,Issue coaching alert to driver,no
TRG002033,2026-05-24T10:45:36,distraction,Driver Distraction,low,investigation,MNVR,Taxi,Walid Al Awadhi,WA,Cars Taxi,DXB-A-36702,Deira,Baniyas Square,,Send live coaching prompt to driver,no
TRG000113,2026-05-24T10:45:11,harsh,Harsh Driving,medium,open,ETMP,Taxi,Ayman Al Naqbi,AN,Arabia Taxi,DXB-M-69343,Dubai Investment Park,DIP First Road,90,Log for end-of-shift review,no
TRG002465,2026-05-24T10:44:00,fatigue,Driver Fatigue,low,stafteesh,MNVR,Taxi,Khalid Al Shamsi,KS,National Taxi,DXB-Q-88895,Downtown Dubai,Financial Center Rd,,Route to nearest rest stop,no
TRG001559,2026-05-24T10:43:48,camera,Camera Disconnection,high,open,MNVR,School Bus,Ziad Al Qassimi,ZQ,Emirates Transport,DXB-S-3636,Dubai Investment Park,Schoolzone Rd,,Escalate to fleet maintenance,no
TRG002748,2026-05-24T10:43:18,harsh,Harsh Driving,high,acknowledged,DS/Teams,Taxi,Sultan Al Hashimi,SH,Arabia Taxi,DXB-C-64926,Jumeirah,Al Wasl Road,127,Log for end-of-shift review,no
TRG001430,2026-05-24T10:42:10,distraction,Driver Distraction,high,open,MNVR,Taxi,Omar Al Falasi,OF,Cars Taxi,DXB-J-70531,Downtown Dubai,Financial Center Rd,,Send live coaching prompt to driver,no
TRG001020,2026-05-24T10:40:42,fatigue,Driver Fatigue,high,acknowledged,ETMP,Hourly Rental,Ayman Al Shamsi,AS,Al Naboodah Transport,DXB-L-95661,Business Bay,Bay Avenue,,Confirm with supervisor & monitor,no
TRG001298,2026-05-24T10:40:40,fatigue,Driver Fatigue,high,fined,DS/Teams,Taxi,Ziad Al Naqbi,ZN,National Taxi,DXB-E-19248,Downtown Dubai,Mohammed Bin Rashid Blvd,,Override dispatch — pull from rotation,no
TRG002081,2026-05-24T10:40:04,idling,Idling,medium,closed,DS/Teams,Taxi,Bilal Al Hashimi,BH,Citi Taxi,DXB-I-71863,Dubai Marina,Al Marsa Street,,Acknowledge — within tolerance,no
TRG000041,2026-05-24T10:39:51,signal,No Signal,low,stafteesh,ETMP,Marine,Khalid Al Maktoum,KM,Dubai Marine Transport,MAR-561,Al Barsha,Al Barsha Road,,Acknowledge — temporary blackout zone,no
TRG002395,2026-05-24T10:39:03,fatigue,Driver Fatigue,low,open,ETMP,Taxi,Saeed Al Hammadi,SH,Cars Taxi,DXB-P-98538,Dubai Investment Park,Green Community,,Route to nearest rest stop,no
TRG002586,2026-05-24T10:38:22,fatigue,Driver Fatigue,high,closed,MNVR,School Bus,Rashid Al Naqbi,RN,Emirates Transport,DXB-S-3475,Dubai Marina,King Salman Bin Abdulaziz Al Saud St,,Confirm with supervisor & monitor,no
TRG001635,2026-05-24T10:37:45,harsh,Harsh Driving,medium,closed,MNVR,Public Bus,Saeed Al Maktoum,SM,Emirates Transport,DXB-B-7666,Dubai Marina,Al Marsa Street,73,Escalate to safety review board,no
TRG001318,2026-05-24T10:36:35,signal,No Signal,high,open,DS/Teams,Taxi,Nasser Al Maktoum,NM,Arabia Taxi,DXB-O-78445,Business Bay,Marasi Drive,,Acknowledge — temporary blackout zone,no
TRG001039,2026-05-24T10:36:28,harsh,Harsh Driving,medium,open,MNVR,Limousine & E-Hail,Salim Al Falasi,SF,Careem,DXB-K-45615,Al Barsha,Mall of the Emirates,65,Send to Stafteesh for fine assessment,yes
TRG001061,2026-05-24T10:36:20,harsh,Harsh Driving,low,closed,DS/Teams,School Bus,Hassan Al Mazrouei,HM,School Transport Services,DXB-S-5503,Business Bay,Business Bay Crossing,48,Send to Stafteesh for fine assessment,no
TRG001343,2026-05-24T10:35:19,camera,Camera Disconnection,high,closed,ETMP,Public Bus,Saeed Al Awadhi,SA,RTA Public Buses,DXB-B-7407,Jebel Ali,Sheikh Zayed Road,,Escalate to fleet maintenance,no
TRG001136,2026-05-24T10:35:15,idling,Idling,low,escalated,MNVR,Taxi,Sultan Al Qassimi,SQ,Citi Taxi,DXB-F-11730,Dubai Investment Park,Green Community,,Auto-close — under 5min,no
TRG000984,2026-05-24T10:34:34,harsh,Harsh Driving,low,acknowledged,DS/Teams,Hourly Rental,Walid Al Shamsi,WS,Careem,DXB-L-19758,Al Quoz,Al Khail Road,54,Issue coaching alert to driver,no
TRG000679,2026-05-24T10:34:13,signal,No Signal,high,investigation,MNVR,Limousine & E-Hail,Mansour Al Owais,MO,Yango Premium,DXB-M-85123,Business Bay,Business Bay Crossing,,Auto-resolve when signal restored,no
TRG000205,2026-05-24T10:32:32,distraction,Driver Distraction,high,closed,ETMP,Taxi,Ayman Al Hammadi,AH,Citi Taxi,DXB-J-81933,Dubai Marina,Al Marsa Street,,Issue formal warning — 2nd offense,no
TRG000441,2026-05-24T10:32:32,signal,No Signal,medium,investigation,ETMP,Taxi,Rashid Al Falasi,RF,National Taxi,DXB-E-23416,Silicon Oasis,Wadi Al Safa St,,Acknowledge — temporary blackout zone,no
TRG002574,2026-05-24T10:32:32,idling,Idling,low,open,ETMP,Public Bus,Adel Al Naqbi,AN,Emirates Transport,DXB-B-2888,Downtown Dubai,Mohammed Bin Rashid Blvd,,Flag for daily review,no
TRG002439,2026-05-24T10:32:31,idling,Idling,low,acknowledged,MNVR,School Bus,Mahmoud Al Hammadi,MH,School Transport Services,DXB-S-2623,Jebel Ali,Ibn Battuta Road,,Send efficiency reminder to driver,no
TRG000547,2026-05-24T10:32:20,camera,Camera Disconnection,high,acknowledged,MNVR,Public Bus,Faisal Al Zaabi,FZ,RTA Public Buses,DXB-B-4551,Al Rashidiya,Airport Road,,Dispatch field tech — recurring issue,no
TRG001024,2026-05-24T10:31:51,distraction,Driver Distraction,high,closed,MNVR,Hourly Rental,Ayman Al Qassimi,AQ,Al Naboodah Transport,DXB-K-56787,Dubai Sports City,Els Club Rd,,Issue formal warning — 2nd offense,no
TRG000968,2026-05-24T10:30:58,harsh,Harsh Driving,medium,stafteesh,DS/Teams,Taxi,Khalid Al Suwaidi,KS,Citi Taxi,DXB-G-52088,Deira,Al Rigga Road,77,Log for end-of-shift review,no
TRG001808,2026-05-24T10:30:35,harsh,Harsh Driving,high,fined,MNVR,Hourly Rental,Marwan Al Shamsi,MS,Careem,DXB-F-18441,Jebel Ali,Jebel Ali Free Zone,89,Send to Stafteesh for fine assessment,no
TRG000788,2026-05-24T10:29:46,distraction,Driver Distraction,high,open,ETMP,School Bus,Nasser Al Mazrouei,NM,Emirates Transport,DXB-S-9907,Dubai Marina,Sheikh Zayed Rd Junction,,Issue formal warning — 2nd offense,no
TRG001134,2026-05-24T10:29:01,harsh,Harsh Driving,medium,open,MNVR,Taxi,Salim Al Awadhi,SA,Arabia Taxi,DXB-N-16038,Al Quoz,Al Meydan Road,75,Log for end-of-shift review,no
TRG001634,2026-05-24T10:27:59,distraction,Driver Distraction,medium,acknowledged,DS/Teams,Limousine & E-Hail,Yousef Al Suwaidi,YS,Genie Limousine,DXB-H-82180,Al Qusais,Beirut Street,,"Acknowledge — minor, log only",no
TRG000771,2026-05-24T10:27:25,harsh,Harsh Driving,high,closed,DS/Teams,Public Bus,Fadi Al Maktoum,FM,Emirates Transport,DXB-B-5219,Al Rashidiya,Rashidiya Metro Rd,92,Log for end-of-shift review,no
TRG001247,2026-05-24T10:27:08,fatigue,Driver Fatigue,medium,closed,MNVR,Taxi,Walid Al Suwaidi,WS,National Taxi,DXB-P-63859,Al Barsha,Mall of the Emirates,,Route to nearest rest stop,no
TRG000927,2026-05-24T10:25:44,distraction,Driver Distraction,high,closed,ETMP,Taxi,Mohammed Al Hashimi,MH,National Taxi,DXB-I-92306,Al Quoz,Al Asayel Street,,"Acknowledge — minor, log only",no
TRG002563,2026-05-24T10:25:34,harsh,Harsh Driving,medium,stafteesh,DS/Teams,Taxi,Hamad Al Zaabi,HZ,Metro Taxi,DXB-I-79688,Silicon Oasis,Sheikh Mohammed Bin Zayed Rd,62,Escalate to safety review board,no
TRG002722,2026-05-24T10:25:15,distraction,Driver Distraction,medium,closed,ETMP,Taxi,Ayman Al Suwaidi,AS,Arabia Taxi,DXB-M-38907,Dubai Marina,Al Marsa Street,,Schedule supervisor review,no
TRG002323,2026-05-24T10:24:02,fatigue,Driver Fatigue,medium,investigation,MNVR,Taxi,Walid Al Suwaidi,WS,Metro Taxi,DXB-I-18125,JBR,Jumeirah Beach Residence,,Override dispatch — pull from rotation,no
TRG000878,2026-05-24T10:23:40,idling,Idling,low,escalated,MNVR,Limousine & E-Hail,Ayman Al Shamsi,AS,Hala Rides,DXB-M-92369,Mirdif,Algeria Street,,Acknowledge — within tolerance,no
TRG002414,2026-05-24T10:23:16,camera,Camera Disconnection,low,fined,MNVR,Taxi,Saeed Al Marri,SM,Citi Taxi,DXB-Q-18415,Al Quoz,Al Asayel Street,,Run firmware reset remotely,no
TRG001277,2026-05-24T10:22:22,signal,No Signal,medium,open,ETMP,Taxi,Omar Al Tayer,OT,National Taxi,DXB-J-38337,Al Rashidiya,Rashidiya Metro Rd,,Dispatch tech if persistent >15min,no
TRG001930,2026-05-24T10:22:00,camera,Camera Disconnection,medium,closed,DS/Teams,Hourly Rental,Khalid Al Naqbi,KN,Careem,DXB-C-88291,Jumeirah,Jumeirah Beach Road,,Escalate to fleet maintenance,no
TRG002138,2026-05-24T10:21:09,distraction,Driver Distraction,medium,open,DS/Teams,Taxi,Saeed Al Awadhi,SA,Cars Taxi,DXB-J-77373,Al Barsha,Sheikh Zayed Road,,Send live coaching prompt to driver,no
TRG001768,2026-05-24T10:20:55,harsh,Harsh Driving,medium,open,DS/Teams,Taxi,Walid Al Owais,WO,Metro Taxi,DXB-E-68127,Dubai Marina,Sheikh Zayed Rd Junction,69,Send to Stafteesh for fine assessment,no
TRG001232,2026-05-24T10:20:27,distraction,Driver Distraction,high,investigation,MNVR,School Bus,Karim Al Hashimi,KH,Emirates Transport,DXB-S-7079,Al Rashidiya,Airport Road,,Schedule supervisor review,no
TRG000371,2026-05-24T10:19:38,idling,Idling,medium,fined,MNVR,Taxi,Rashid Al Awadhi,RA,Dubai Taxi Corporation,DXB-F-96832,Downtown Dubai,Financial Center Rd,,Flag for daily review,no
TRG001722,2026-05-24T10:18:47,fatigue,Driver Fatigue,high,acknowledged,MNVR,Taxi,Ayman Al Tayer,AT,Cars Taxi,DXB-N-18936,Dubai Investment Park,DIP First Road,,Confirm with supervisor & monitor,no
TRG002703,2026-05-24T10:18:23,camera,Camera Disconnection,high,acknowledged,MNVR,Hourly Rental,Tariq Al Qassimi,TQ,Hala Rides,DXB-Q-92070,Al Qusais,Damascus Street,,Run firmware reset remotely,no
TRG002077,2026-05-24T10:18:14,idling,Idling,low,acknowledged,MNVR,Taxi,Walid Al Hammadi,WH,Cars Taxi,DXB-S-62705,Mirdif,Tripoli Street,,Auto-close — under 5min,no
TRG001017,2026-05-24T10:17:17,signal,No Signal,medium,open,DS/Teams,Limousine & E-Hail,Mohammed Al Shamsi,MS,Genie Limousine,DXB-L-98964,Downtown Dubai,Mohammed Bin Rashid Blvd,,Dispatch tech if persistent >15min,yes
TRG001724,2026-05-24T10:16:48,harsh,Harsh Driving,high,open,MNVR,Limousine & E-Hail,Salim Al Shamsi,SS,Uber Fleet,DXB-K-41088,Mirdif,Mirdif City Centre Rd,105,Escalate to safety review board,yes
TRG000839,2026-05-24T10:15:30,distraction,Driver Distraction,medium,open,DS/Teams,Hourly Rental,Hamad Al Maktoum,HM,Careem,DXB-K-26194,Al Quoz,Al Asayel Street,,"Acknowledge — minor, log only",no
TRG001619,2026-05-24T10:14:48,signal,No Signal,medium,investigation,ETMP,Taxi,Mahmoud Al Mazrouei,MM,Metro Taxi,DXB-I-62820,Al Barsha,Mall of the Emirates,,Acknowledge — temporary blackout zone,no
TRG000864,2026-05-24T10:13:34,fatigue,Driver Fatigue,high,open,MNVR,School Bus,Tariq Al Tayer,TT,School Transport Services,DXB-S-2002,Business Bay,Marasi Drive,,Route to nearest rest stop,no
TRG000617,2026-05-24T10:13:14,distraction,Driver Distraction,low,open,MNVR,Hourly Rental,Yousef Al Zaabi,YZ,Al Naboodah Transport,DXB-E-84399,Al Quoz,Al Meydan Road,,"Acknowledge — minor, log only",no
TRG000658,2026-05-24T10:12:32,harsh,Harsh Driving,high,investigation,DS/Teams,Limousine & E-Hail,Hassan Al Awadhi,HA,Uber Fleet,DXB-O-76502,Deira,Al Rigga Road,130,Send to Stafteesh for fine assessment,no
TRG002601,2026-05-24T10:12:28,distraction,Driver Distraction,low,open,MNVR,School Bus,Bilal Al Falasi,BF,School Transport Services,DXB-S-5973,JBR,Jumeirah Beach Residence,,Schedule supervisor review,no
TRG001699,2026-05-24T10:12:22,signal,No Signal,medium,open,MNVR,Taxi,Mansour Al Hammadi,MH,Dubai Taxi Corporation,DXB-G-98618,Mirdif,Tripoli Street,,Auto-resolve when signal restored,no
TRG002446,2026-05-24T10:12:12,camera,Camera Disconnection,high,investigation,DS/Teams,Taxi,Mansour Al Hashimi,MH,Arabia Taxi,DXB-M-89690,Silicon Oasis,Wadi Al Safa St,,Escalate to fleet maintenance,no
TRG000833,2026-05-24T10:09:33,idling,Idling,medium,acknowledged,MNVR,Taxi,Mahmoud Al Marri,MM,Cars Taxi,DXB-D-76824,Business Bay,Al Abraj Street,,Acknowledge — within tolerance,no
TRG000040,2026-05-24T10:09:10,idling,Idling,low,acknowledged,MNVR,Taxi,Ayman Al Suwaidi,AS,Cars Taxi,DXB-I-67178,Downtown Dubai,Financial Center Rd,,Send efficiency reminder to driver,no
TRG001522,2026-05-24T10:08:48,camera,Camera Disconnection,high,closed,DS/Teams,Taxi,Saeed Al Mansouri,SM,Citi Taxi,DXB-C-53305,JBR,Jumeirah Beach Residence,,Escalate to fleet maintenance,no
TRG001614,2026-05-24T10:07:46,distraction,Driver Distraction,medium,closed,ETMP,Limousine & E-Hail,Faisal Al Qassimi,FQ,Uber Fleet,DXB-J-63871,Downtown Dubai,Sheikh Mohammed Bin Rashid Blvd,,Send live coaching prompt to driver,no
TRG001447,2026-05-24T10:06:21,idling,Idling,low,open,DS/Teams,Taxi,Rashid Al Zaabi,RZ,National Taxi,DXB-B-65878,Dubai Sports City,Els Club Rd,,Auto-close — under 5min,no
TRG001127,2026-05-24T10:04:56,fatigue,Driver Fatigue,high,open,DS/Teams,School Bus,Karim Al Tayer,KT,School Transport Services,DXB-S-2818,Dubai Marina,King Salman Bin Abdulaziz Al Saud St,,Override dispatch — pull from rotation,no
TRG000764,2026-05-24T10:04:45,fatigue,Driver Fatigue,medium,open,DS/Teams,Taxi,Mohammed Al Qassimi,MQ,Citi Taxi,DXB-S-62469,JBR,Jumeirah Beach Residence,,Instruct driver to take mandatory break,no
TRG000635,2026-05-24T09:59:29,idling,Idling,medium,open,MNVR,Taxi,Nasser Al Mazrouei,NM,Dubai Taxi Corporation,DXB-Q-52428,Dubai Marina,Marina Walk,,Acknowledge — within tolerance,no
TRG001291,2026-05-24T09:58:44,fatigue,Driver Fatigue,high,open,ETMP,Limousine & E-Hail,Salim Al Hashimi,SH,Careem,DXB-O-66420,Mirdif,Algeria Street,,Instruct driver to take mandatory break,yes
TRG002080,2026-05-24T09:58:01,idling,Idling,medium,stafteesh,ETMP,School Bus,Fadi Al Tayer,FT,School Transport Services,DXB-S-8247,Business Bay,Al Abraj Street,,Auto-close — under 5min,no
TRG000203,2026-05-24T09:57:14,distraction,Driver Distraction,medium,investigation,DS/Teams,Limousine & E-Hail,Khalid Al Falasi,KF,Genie Limousine,DXB-P-27800,Downtown Dubai,Financial Center Rd,,"Acknowledge — minor, log only",yes
TRG000994,2026-05-24T09:56:56,fatigue,Driver Fatigue,high,open,MNVR,School Bus,Ayman Al Shamsi,AS,School Transport Services,DXB-S-6862,Jumeirah,Al Wasl Road,,Confirm with supervisor & monitor,no
TRG002539,2026-05-24T09:54:37,fatigue,Driver Fatigue,high,investigation,DS/Teams,Hourly Rental,Bilal Al Hammadi,BH,Hala Rides,DXB-D-70701,Dubai Marina,Sheikh Zayed Rd Junction,,Override dispatch — pull from rotation,no
TRG002429,2026-05-24T09:54:07,distraction,Driver Distraction,high,closed,MNVR,Taxi,Nasser Al Owais,NO,Citi Taxi,DXB-Q-29075,Jumeirah,Jumeirah Beach Road,,Schedule supervisor review,no
TRG000017,2026-05-24T09:52:53,harsh,Harsh Driving,medium,open,DS/Teams,Taxi,Faisal Al Hashimi,FH,National Taxi,DXB-G-48399,Dubai Sports City,Hessa Street,76,Escalate to safety review board,no
TRG001261,2026-05-24T09:52:45,signal,No Signal,medium,investigation,MNVR,Limousine & E-Hail,Sultan Al Nuaimi,SN,Yango Premium,DXB-I-32789,Silicon Oasis,Sheikh Mohammed Bin Zayed Rd,,Auto-resolve when signal restored,no
TRG001139,2026-05-24T09:52:31,harsh,Harsh Driving,high,acknowledged,DS/Teams,Taxi,Ahmed Al Owais,AO,National Taxi,DXB-J-46347,Jebel Ali,Sheikh Zayed Road,102,Escalate to safety review board,no
TRG001524,2026-05-24T09:52:10,harsh,Harsh Driving,high,open,MNVR,Marine,Rashid Al Hammadi,RH,Dubai Marine Transport,MAR-668,Mirdif,Mirdif City Centre Rd,104,Send to Stafteesh for fine assessment,no
TRG000331,2026-05-24T09:50:40,harsh,Harsh Driving,low,open,ETMP,Hourly Rental,Ahmed Al Hammadi,AH,Careem,DXB-T-99221,Al Quoz,Al Meydan Road,68,Issue coaching alert to driver,no
TRG002732,2026-05-24T09:50:33,harsh,Harsh Driving,medium,open,MNVR,Public Bus,Ziad Al Naqbi,ZN,Emirates Transport,DXB-B-2341,Business Bay,Al Abraj Street,61,Escalate to safety review board,no
TRG000589,2026-05-24T09:48:57,fatigue,Driver Fatigue,high,investigation,ETMP,Taxi,Sultan Al Naqbi,SN,National Taxi,DXB-Q-82401,Downtown Dubai,Mohammed Bin Rashid Blvd,,Confirm with supervisor & monitor,yes
TRG001846,2026-05-24T09:48:35,fatigue,Driver Fatigue,medium,open,DS/Teams,Taxi,Mansour Al Marri,MM,National Taxi,DXB-K-57137,Deira,Gold Souq Street,,Route to nearest rest stop,no
TRG000660,2026-05-24T09:46:10,distraction,Driver Distraction,medium,acknowledged,ETMP,Hourly Rental,Mohammed Al Tayer,MT,Hala Rides,DXB-S-79940,Al Barsha,Al Barsha Road,,"Acknowledge — minor, log only",yes
TRG001683,2026-05-24T09:44:39,idling,Idling,low,open,DS/Teams,School Bus,Ibrahim Al Zaabi,IZ,Emirates Transport,DXB-S-4581,Al Barsha,Mall of the Emirates,,Acknowledge — within tolerance,no
TRG000583,2026-05-24T09:44:38,idling,Idling,low,acknowledged,MNVR,Taxi,Ziad Al Hammadi,ZH,Cars Taxi,DXB-Q-26448,Deira,Baniyas Square,,Acknowledge — within tolerance,no
TRG000928,2026-05-24T09:42:36,harsh,Harsh Driving,high,fined,MNVR,Marine,Khalid Al Maktoum,KM,Dubai Marine Transport,MAR-919,Business Bay,Al Abraj Street,94,Escalate to safety review board,no
TRG000657,2026-05-24T09:42:26,camera,Camera Disconnection,medium,open,MNVR,Taxi,Faisal Al Naqbi,FN,Metro Taxi,DXB-G-51818,Al Rashidiya,Nadd Al Hamar Rd,,Dispatch field tech — recurring issue,no
TRG001561,2026-05-24T09:40:17,camera,Camera Disconnection,low,closed,ETMP,Limousine & E-Hail,Adel Al Shamsi,AS,Hala Rides,DXB-B-80236,Silicon Oasis,Sheikh Mohammed Bin Zayed Rd,,Verify cable connection at next stop,no
TRG002668,2026-05-24T09:40:08,camera,Camera Disconnection,medium,stafteesh,DS/Teams,Limousine & E-Hail,Rashid Al Nuaimi,RN,Careem,DXB-B-92493,Silicon Oasis,Sheikh Mohammed Bin Zayed Rd,,Verify cable connection at next stop,no
TRG000005,2026-05-24T09:40:04,harsh,Harsh Driving,medium,investigation,ETMP,Taxi,Fadi Al Hammadi,FH,Dubai Taxi Corporation,DXB-C-45381,Al Qusais,Al Nahda Road,75,Issue coaching alert to driver,no
TRG000169,2026-05-24T09:35:28,fatigue,Driver Fatigue,low,investigation,DS/Teams,Taxi,Omar Al Zaabi,OZ,Arabia Taxi,DXB-P-34878,Mirdif,Tripoli Street,,Override dispatch — pull from rotation,yes
TRG000244,2026-05-24T09:34:41,fatigue,Driver Fatigue,medium,stafteesh,MNVR,Hourly Rental,Mansour Al Naqbi,MN,Careem,DXB-C-98669,Deira,Al Maktoum Road,,Confirm with supervisor & monitor,no
TRG002372,2026-05-24T09:34:37,fatigue,Driver Fatigue,low,open,DS/Teams,School Bus,Hassan Al Zaabi,HZ,Emirates Transport,DXB-S-9729,Dubai Marina,Sheikh Zayed Rd Junction,,Instruct driver to take mandatory break,no
TRG000222,2026-05-24T09:33:02,signal,No Signal,high,stafteesh,MNVR,School Bus,Fadi Al Qassimi,FQ,Emirates Transport,DXB-S-4457,Jumeirah,Jumeirah Beach Road,,Acknowledge — temporary blackout zone,no
TRG002240,2026-05-24T09:32:03,camera,Camera Disconnection,high,acknowledged,ETMP,Public Bus,Yousef Al Naqbi,YN,Emirates Transport,DXB-B-7406,Silicon Oasis,Sheikh Mohammed Bin Zayed Rd,,Escalate to fleet maintenance,no
TRG002691,2026-05-24T09:31:41,idling,Idling,high,acknowledged,MNVR,Taxi,Hassan Al Zaabi,HZ,Arabia Taxi,DXB-L-65076,Downtown Dubai,Burj Khalifa Blvd,,Acknowledge — within tolerance,no
TRG002332,2026-05-24T09:31:20,distraction,Driver Distraction,medium,stafteesh,DS/Teams,Public Bus,Mahmoud Al Tayer,MT,RTA Public Buses,DXB-B-5457,Mirdif,Mirdif City Centre Rd,,Issue formal warning — 2nd offense,no
TRG000311,2026-05-24T09:30:42,signal,No Signal,high,open,MNVR,Public Bus,Tariq Al Suwaidi,TS,RTA Public Buses,DXB-B-9832,Dubai Marina,Sheikh Zayed Rd Junction,,Dispatch tech if persistent >15min,no
TRG000568,2026-05-24T09:30:41,idling,Idling,low,stafteesh,MNVR,Marine,Ayman Al Falasi,AF,Dubai Marine Transport,MAR-803,Al Quoz,Al Asayel Street,,Acknowledge — within tolerance,no
TRG001344,2026-05-24T09:30:11,fatigue,Driver Fatigue,high,closed,MNVR,Public Bus,Faisal Al Hashimi,FH,RTA Public Buses,DXB-B-7754,Mirdif,Tripoli Street,,Instruct driver to take mandatory break,no
TRG001195,2026-05-24T09:29:54,distraction,Driver Distraction,high,investigation,MNVR,Taxi,Bilal Al Falasi,BF,National Taxi,DXB-O-85034,Al Barsha,Al Barsha Road,,Send live coaching prompt to driver,no
TRG002736,2026-05-24T09:29:05,fatigue,Driver Fatigue,high,stafteesh,DS/Teams,Limousine & E-Hail,Hamad Al Tayer,HT,Genie Limousine,DXB-D-57863,Downtown Dubai,Mohammed Bin Rashid Blvd,,Confirm with supervisor & monitor,no
TRG001183,2026-05-24T09:27:02,signal,No Signal,medium,closed,ETMP,Limousine & E-Hail,Mahmoud Al Zaabi,MZ,Genie Limousine,DXB-F-66527,JBR,Jumeirah Beach Residence,,Re-establish GPS handshake,no
TRG002271,2026-05-24T09:25:57,distraction,Driver Distraction,high,acknowledged,MNVR,Public Bus,Omar Al Shamsi,OS,Emirates Transport,DXB-B-8893,Downtown Dubai,Financial Center Rd,,Schedule supervisor review,no
TRG002707,2026-05-24T09:25:40,distraction,Driver Distraction,high,open,MNVR,School Bus,Yousef Al Maktoum,YM,Emirates Transport,DXB-S-6234,Downtown Dubai,Sheikh Mohammed Bin Rashid Blvd,,Schedule supervisor review,no
TRG001094,2026-05-24T09:25:07,signal,No Signal,low,acknowledged,DS/Teams,Taxi,Khalid Al Maktoum,KM,Cars Taxi,DXB-J-51391,Al Rashidiya,Nadd Al Hamar Rd,,Auto-resolve when signal restored,no
TRG000905,2026-05-24T09:24:27,distraction,Driver Distraction,high,acknowledged,MNVR,Limousine & E-Hail,Khalid Al Suwaidi,KS,Uber Fleet,DXB-H-33232,Al Qusais,Damascus Street,,Send live coaching prompt to driver,no
TRG000844,2026-05-24T09:23:56,fatigue,Driver Fatigue,medium,closed,MNVR,Limousine & E-Hail,Walid Al Suwaidi,WS,Careem,DXB-H-70530,Downtown Dubai,Burj Khalifa Blvd,,Instruct driver to take mandatory break,no
TRG001288,2026-05-24T09:21:41,distraction,Driver Distraction,medium,open,MNVR,Limousine & E-Hail,Khalid Al Awadhi,KA,Uber Fleet,DXB-A-93559,Business Bay,Marasi Drive,,"Acknowledge — minor, log only",no
TRG001714,2026-05-24T09:21:18,distraction,Driver Distraction,low,open,MNVR,Taxi,Ziad Al Hammadi,ZH,Dubai Taxi Corporation,DXB-O-69838,JBR,The Walk,,"Acknowledge — minor, log only",no
TRG000507,2026-05-24T09:20:18,harsh,Harsh Driving,high,stafteesh,MNVR,School Bus,Hamad Al Qassimi,HQ,School Transport Services,DXB-S-8937,Dubai Marina,King Salman Bin Abdulaziz Al Saud St,97,Escalate to safety review board,no
TRG001115,2026-05-24T09:19:13,fatigue,Driver Fatigue,medium,closed,MNVR,Limousine & E-Hail,Mansour Al Hashimi,MH,Hala Rides,DXB-B-77639,JBR,The Walk,,Override dispatch — pull from rotation,yes
TRG001784,2026-05-24T09:13:51,harsh,Harsh Driving,high,closed,MNVR,Taxi,Sultan Al Falasi,SF,National Taxi,DXB-L-28442,Silicon Oasis,Wadi Al Safa St,130,Log for end-of-shift review,no
TRG002134,2026-05-24T09:12:45,fatigue,Driver Fatigue,medium,fined,MNVR,Taxi,Sultan Al Hashimi,SH,National Taxi,DXB-M-64973,Jebel Ali,Jebel Ali Free Zone,,Instruct driver to take mandatory break,no
TRG001351,2026-05-24T09:11:52,camera,Camera Disconnection,high,open,ETMP,Hourly Rental,Rashid Al Hashimi,RH,Hala Rides,DXB-L-12793,Al Quoz,Al Meydan Road,,Escalate to fleet maintenance,no
TRG001744,2026-05-24T09:08:40,idling,Idling,low,open,DS/Teams,Hourly Rental,Mansour Al Qassimi,MQ,Hala Rides,DXB-C-97221,Al Qusais,Damascus Street,,Flag for daily review,no
TRG002166,2026-05-24T09:08:16,camera,Camera Disconnection,high,fined,DS/Teams,Public Bus,Nasser Al Hammadi,NH,Emirates Transport,DXB-B-5150,JBR,Jumeirah Beach Residence,,Escalate to fleet maintenance,no
TRG000748,2026-05-24T09:07:39,idling,Idling,low,stafteesh,MNVR,Limousine & E-Hail,Mohammed Al Tayer,MT,Yango Premium,DXB-N-33277,Downtown Dubai,Burj Khalifa Blvd,,Send efficiency reminder to driver,no
TRG000032,2026-05-24T09:07:28,signal,No Signal,low,open,ETMP,Hourly Rental,Mahmoud Al Zaabi,MZ,Al Naboodah Transport,DXB-J-91095,Jumeirah,Al Wasl Road,,Acknowledge — temporary blackout zone,yes
TRG000537,2026-05-24T09:06:50,fatigue,Driver Fatigue,high,acknowledged,ETMP,Hourly Rental,Salim Al Suwaidi,SS,Hala Rides,DXB-Q-65250,Al Qusais,Al Nahda Road,,Instruct driver to take mandatory break,no
TRG000100,2026-05-24T09:06:47,signal,No Signal,high,acknowledged,MNVR,Taxi,Saeed Al Marri,SM,Metro Taxi,DXB-S-11964,Jumeirah,Al Wasl Road,,Re-establish GPS handshake,no
TRG000268,2026-05-24T09:06:07,idling,Idling,low,open,MNVR,School Bus,Bilal Al Shamsi,BS,Emirates Transport,DXB-S-6066,Dubai Sports City,Hessa Street,,Send efficiency reminder to driver,no
TRG000238,2026-05-24T09:05:35,harsh,Harsh Driving,medium,acknowledged,DS/Teams,Hourly Rental,Tariq Al Zaabi,TZ,Careem,DXB-A-24496,Al Rashidiya,Airport Road,88,Send to Stafteesh for fine assessment,no
TRG000117,2026-05-24T09:05:09,harsh,Harsh Driving,medium,open,DS/Teams,School Bus,Yousef Al Zaabi,YZ,School Transport Services,DXB-S-4099,Jebel Ali,Ibn Battuta Road,66,Escalate to safety review board,no
TRG000469,2026-05-24T09:03:30,signal,No Signal,high,open,DS/Teams,Limousine & E-Hail,Mohammed Al Qassimi,MQ,Genie Limousine,DXB-H-11395,Al Rashidiya,Nadd Al Hamar Rd,,Acknowledge — temporary blackout zone,no
TRG000070,2026-05-24T09:02:15,fatigue,Driver Fatigue,medium,open,DS/Teams,Taxi,Hamad Al Mansouri,HM,Dubai Taxi Corporation,DXB-Q-59527,Mirdif,Mirdif City Centre Rd,,Route to nearest rest stop,yes
TRG001610,2026-05-24T08:58:28,distraction,Driver Distraction,low,investigation,DS/Teams,School Bus,Rashid Al Hashimi,RH,School Transport Services,DXB-S-3181,Deira,Al Rigga Road,,Send live coaching prompt to driver,no
TRG000411,2026-05-24T08:53:39,camera,Camera Disconnection,medium,investigation,MNVR,Public Bus,Karim Al Tayer,KT,RTA Public Buses,DXB-B-7902,Downtown Dubai,Mohammed Bin Rashid Blvd,,Escalate to fleet maintenance,no
TRG002692,2026-05-24T08:53:36,fatigue,Driver Fatigue,high,closed,DS/Teams,Limousine & E-Hail,Fadi Al Hammadi,FH,Genie Limousine,DXB-K-10808,Dubai Sports City,Sports City Boulevard,,Override dispatch — pull from rotation,no
TRG000528,2026-05-24T08:51:48,camera,Camera Disconnection,high,closed,MNVR,Marine,Fadi Al Nuaimi,FN,Dubai Marine Transport,MAR-175,Dubai Investment Park,Green Community,,Run firmware reset remotely,no
TRG000301,2026-05-24T08:50:36,idling,Idling,medium,open,MNVR,Public Bus,Rashid Al Hashimi,RH,RTA Public Buses,DXB-B-9401,Al Qusais,Damascus Street,,Send efficiency reminder to driver,no
TRG001711,2026-05-24T08:49:12,idling,Idling,low,open,DS/Teams,Limousine & E-Hail,Yousef Al Suwaidi,YS,Yango Premium,DXB-H-95575,Al Quoz,Al Asayel Street,,Acknowledge — within tolerance,no
TRG001173,2026-05-24T08:48:29,fatigue,Driver Fatigue,medium,investigation,MNVR,Taxi,Sultan Al Awadhi,SA,Cars Taxi,DXB-G-43330,Deira,Baniyas Square,,Instruct driver to take mandatory break,no
TRG002587,2026-05-24T08:44:36,signal,No Signal,medium,acknowledged,ETMP,Marine,Faisal Al Shamsi,FS,Dubai Marine Transport,MAR-981,Al Quoz,Al Meydan Road,,Acknowledge — temporary blackout zone,no
TRG000699,2026-05-24T08:44:28,distraction,Driver Distraction,medium,closed,ETMP,Public Bus,Mansour Al Owais,MO,Emirates Transport,DXB-B-5426,Al Rashidiya,Rashidiya Metro Rd,,Schedule supervisor review,no
TRG001012,2026-05-24T08:44:24,harsh,Harsh Driving,high,open,MNVR,Taxi,Ziad Al Shamsi,ZS,Dubai Taxi Corporation,DXB-J-25248,Business Bay,Bay Avenue,102,Issue coaching alert to driver,no
TRG001730,2026-05-24T08:43:38,distraction,Driver Distraction,high,open,MNVR,Hourly Rental,Karim Al Shamsi,KS,Hala Rides,DXB-R-85109,Downtown Dubai,Financial Center Rd,,"Acknowledge — minor, log only",no
TRG002540,2026-05-24T08:43:37,signal,No Signal,high,open,DS/Teams,Taxi,Marwan Al Zaabi,MZ,Cars Taxi,DXB-P-66022,Downtown Dubai,Mohammed Bin Rashid Blvd,,Auto-resolve when signal restored,no
TRG002262,2026-05-24T08:43:01,distraction,Driver Distraction,high,open,DS/Teams,Marine,Walid Al Suwaidi,WS,Dubai Marine Transport,MAR-410,Al Quoz,Al Khail Road,,Schedule supervisor review,no
TRG000037,2026-05-24T08:42:58,signal,No Signal,high,closed,ETMP,Taxi,Nasser Al Shamsi,NS,Arabia Taxi,DXB-G-37618,JBR,Jumeirah Beach Residence,,Re-establish GPS handshake,no
TRG002217,2026-05-24T08:42:12,signal,No Signal,medium,closed,ETMP,Limousine & E-Hail,Adel Al Maktoum,AM,Careem,DXB-H-68365,Business Bay,Marasi Drive,,Dispatch tech if persistent >15min,no
TRG001886,2026-05-24T08:41:43,camera,Camera Disconnection,high,closed,MNVR,Limousine & E-Hail,Mohammed Al Mansouri,MM,Yango Premium,DXB-J-13743,Deira,Al Rigga Road,,Escalate to fleet maintenance,no
TRG001196,2026-05-24T08:41:20,fatigue,Driver Fatigue,medium,fined,ETMP,Limousine & E-Hail,Sultan Al Marri,SM,Yango Premium,DXB-L-65964,Jumeirah,Umm Suqeim Road,,Override dispatch — pull from rotation,no
TRG001287,2026-05-24T08:40:19,idling,Idling,medium,open,MNVR,Public Bus,Salim Al Falasi,SF,RTA Public Buses,DXB-B-3066,Jebel Ali,Ibn Battuta Road,,Acknowledge — within tolerance,no
TRG002061,2026-05-24T08:38:53,distraction,Driver Distraction,medium,escalated,DS/Teams,Taxi,Salim Al Suwaidi,SS,Arabia Taxi,DXB-D-27524,Business Bay,Business Bay Crossing,,Send live coaching prompt to driver,no
TRG000581,2026-05-24T08:37:31,harsh,Harsh Driving,low,acknowledged,DS/Teams,Hourly Rental,Saeed Al Suwaidi,SS,Careem,DXB-B-87531,Al Qusais,Damascus Street,54,Log for end-of-shift review,no
TRG000356,2026-05-24T08:36:49,harsh,Harsh Driving,medium,investigation,ETMP,Taxi,Omar Al Owais,OO,Cars Taxi,DXB-B-38966,Al Qusais,Damascus Street,78,Log for end-of-shift review,no
TRG002004,2026-05-24T08:36:38,distraction,Driver Distraction,medium,acknowledged,MNVR,Public Bus,Nasser Al Naqbi,NN,Emirates Transport,DXB-B-4958,Al Quoz,Al Meydan Road,,Schedule supervisor review,no
TRG002626,2026-05-24T08:34:36,signal,No Signal,medium,open,MNVR,Marine,Ziad Al Marri,ZM,Dubai Marine Transport,MAR-754,Dubai Marina,Marina Walk,,Re-establish GPS handshake,no
TRG002595,2026-05-24T08:34:27,distraction,Driver Distraction,low,investigation,MNVR,Limousine & E-Hail,Mohammed Al Falasi,MF,Genie Limousine,DXB-S-17403,Business Bay,Al Abraj Street,,"Acknowledge — minor, log only",no
TRG001806,2026-05-24T08:31:49,fatigue,Driver Fatigue,high,investigation,MNVR,Public Bus,Bilal Al Nuaimi,BN,Emirates Transport,DXB-B-2041,Jumeirah,Al Wasl Road,,Override dispatch — pull from rotation,no
TRG002493,2026-05-24T08:31:19,signal,No Signal,low,open,MNVR,Taxi,Saeed Al Qassimi,SQ,National Taxi,DXB-N-23796,Dubai Marina,King Salman Bin Abdulaziz Al Saud St,,Auto-resolve when signal restored,no
TRG002036,2026-05-24T08:28:12,distraction,Driver Distraction,medium,open,MNVR,Public Bus,Hassan Al Awadhi,HA,Emirates Transport,DXB-B-1944,Downtown Dubai,Sheikh Mohammed Bin Rashid Blvd,,Schedule supervisor review,no
TRG001490,2026-05-24T08:27:53,idling,Idling,low,stafteesh,ETMP,Taxi,Karim Al Maktoum,KM,Metro Taxi,DXB-T-50144,Al Barsha,Mall of the Emirates,,Flag for daily review,no
TRG000173,2026-05-24T08:26:08,distraction,Driver Distraction,high,stafteesh,MNVR,Marine,Faisal Al Nuaimi,FN,Dubai Marine Transport,MAR-102,Silicon Oasis,Dubai Silicon Oasis Hub,,Send live coaching prompt to driver,no
TRG002264,2026-05-24T08:24:04,camera,Camera Disconnection,low,closed,MNVR,School Bus,Nasser Al Maktoum,NM,School Transport Services,DXB-S-9311,Al Qusais,Damascus Street,,Run firmware reset remotely,no
TRG001938,2026-05-24T08:22:48,harsh,Harsh Driving,high,acknowledged,MNVR,Public Bus,Hassan Al Qassimi,HQ,RTA Public Buses,DXB-B-9490,Dubai Marina,Al Marsa Street,140,Send to Stafteesh for fine assessment,no
TRG001907,2026-05-24T08:17:41,idling,Idling,low,open,MNVR,Public Bus,Faisal Al Maktoum,FM,Emirates Transport,DXB-B-1667,Dubai Sports City,Hessa Street,,Auto-close — under 5min,no
TRG001552,2026-05-24T08:16:15,camera,Camera Disconnection,medium,closed,DS/Teams,Marine,Walid Al Hammadi,WH,Dubai Marine Transport,MAR-488,Jumeirah,Umm Suqeim Road,,Verify cable connection at next stop,no
TRG000200,2026-05-24T08:15:27,signal,No Signal,low,open,DS/Teams,Hourly Rental,Mohammed Al Zaabi,MZ,Al Naboodah Transport,DXB-F-51912,Deira,Al Rigga Road,,Auto-resolve when signal restored,no
TRG002308,2026-05-24T08:14:38,fatigue,Driver Fatigue,high,investigation,MNVR,Limousine & E-Hail,Ziad Al Hammadi,ZH,Uber Fleet,DXB-D-30154,JBR,The Beach Promenade,,Confirm with supervisor & monitor,no
TRG001638,2026-05-24T08:14:37,signal,No Signal,medium,closed,MNVR,Taxi,Yousef Al Falasi,YF,Arabia Taxi,DXB-Q-15107,JBR,Jumeirah Beach Residence,,Auto-resolve when signal restored,no
TRG001820,2026-05-24T08:12:42,harsh,Harsh Driving,high,closed,ETMP,Limousine & E-Hail,Salim Al Maktoum,SM,Genie Limousine,DXB-D-88204,Jebel Ali,Jebel Ali Free Zone,99,Log for end-of-shift review,no
TRG002018,2026-05-24T08:11:48,signal,No Signal,medium,acknowledged,DS/Teams,Limousine & E-Hail,Omar Al Mansouri,OM,Hala Rides,DXB-B-82827,Silicon Oasis,Dubai Silicon Oasis Hub,,Dispatch tech if persistent >15min,no
TRG001971,2026-05-24T08:10:07,distraction,Driver Distraction,low,closed,MNVR,Taxi,Ziad Al Owais,ZO,Metro Taxi,DXB-A-88854,Downtown Dubai,Mohammed Bin Rashid Blvd,,Schedule supervisor review,no
TRG001222,2026-05-24T08:09:35,idling,Idling,low,acknowledged,MNVR,Limousine & E-Hail,Saeed Al Owais,SO,Uber Fleet,DXB-S-29162,Dubai Investment Park,DIP First Road,,Acknowledge — within tolerance,no
TRG001661,2026-05-24T08:05:42,signal,No Signal,medium,open,MNVR,Limousine & E-Hail,Nasser Al Marri,NM,Genie Limousine,DXB-J-83561,Downtown Dubai,Sheikh Mohammed Bin Rashid Blvd,,Dispatch tech if persistent >15min,no
TRG001114,2026-05-24T08:03:00,fatigue,Driver Fatigue,high,open,MNVR,Marine,Karim Al Tayer,KT,Dubai Marine Transport,MAR-356,Downtown Dubai,Sheikh Mohammed Bin Rashid Blvd,,Override dispatch — pull from rotation,no
TRG001402,2026-05-24T08:01:47,fatigue,Driver Fatigue,medium,open,DS/Teams,Taxi,Walid Al Mansouri,WM,Citi Taxi,DXB-O-87989,Downtown Dubai,Financial Center Rd,,Route to nearest rest stop,no
TRG002795,2026-05-24T07:59:24,distraction,Driver Distraction,medium,acknowledged,DS/Teams,Limousine & E-Hail,Omar Al Suwaidi,OS,Yango Premium,DXB-C-83833,Al Barsha,Mall of the Emirates,,"Acknowledge — minor, log only",no
TRG000656,2026-05-24T07:58:00,idling,Idling,low,fined,DS/Teams,Taxi,Ahmed Al Mazrouei,AM,National Taxi,DXB-S-16235,Al Qusais,Damascus Street,,Flag for daily review,no
TRG002119,2026-05-24T07:54:12,fatigue,Driver Fatigue,high,closed,DS/Teams,Public Bus,Mahmoud Al Hashimi,MH,RTA Public Buses,DXB-B-5747,Dubai Marina,King Salman Bin Abdulaziz Al Saud St,,Route to nearest rest stop,no
TRG000630,2026-05-24T07:53:16,idling,Idling,low,open,MNVR,Taxi,Ibrahim Al Hammadi,IH,Metro Taxi,DXB-G-70323,Dubai Marina,King Salman Bin Abdulaziz Al Saud St,,Auto-close — under 5min,no
TRG001816,2026-05-24T07:53:15,harsh,Harsh Driving,medium,acknowledged,MNVR,Taxi,Bilal Al Marri,BM,Arabia Taxi,DXB-C-80091,Al Barsha,Mall of the Emirates,72,Log for end-of-shift review,no
TRG000804,2026-05-24T07:52:09,distraction,Driver Distraction,low,stafteesh,MNVR,Public Bus,Mansour Al Maktoum,MM,Emirates Transport,DXB-B-7625,Al Barsha,Mall of the Emirates,,Issue formal warning — 2nd offense,no
TRG001050,2026-05-24T07:52:07,distraction,Driver Distraction,medium,fined,DS/Teams,Limousine & E-Hail,Fadi Al Owais,FO,Yango Premium,DXB-L-10651,Al Quoz,Al Meydan Road,,Issue formal warning — 2nd offense,no
TRG001670,2026-05-24T07:51:54,distraction,Driver Distraction,low,open,ETMP,Hourly Rental,Tariq Al Naqbi,TN,Careem,DXB-F-90497,Jebel Ali,Sheikh Zayed Road,,Schedule supervisor review,no
TRG002592,2026-05-24T07:49:35,signal,No Signal,medium,acknowledged,DS/Teams,Taxi,Faisal Al Shamsi,FS,Arabia Taxi,DXB-I-60028,JBR,The Beach Promenade,,Re-establish GPS handshake,no
TRG001947,2026-05-24T07:49:24,camera,Camera Disconnection,high,closed,MNVR,Public Bus,Walid Al Owais,WO,Emirates Transport,DXB-B-7377,Al Quoz,Al Meydan Road,,Escalate to fleet maintenance,no
TRG002006,2026-05-24T07:49:07,idling,Idling,low,open,DS/Teams,Public Bus,Marwan Al Qassimi,MQ,RTA Public Buses,DXB-B-4019,Jumeirah,Umm Suqeim Road,,Auto-close — under 5min,no
TRG002743,2026-05-24T07:48:53,fatigue,Driver Fatigue,high,acknowledged,DS/Teams,Public Bus,Rashid Al Mazrouei,RM,RTA Public Buses,DXB-B-6750,Al Rashidiya,Rashidiya Metro Rd,,Route to nearest rest stop,no
TRG002461,2026-05-24T07:47:36,fatigue,Driver Fatigue,high,open,MNVR,Taxi,Hamad Al Zaabi,HZ,Arabia Taxi,DXB-D-54988,Dubai Marina,King Salman Bin Abdulaziz Al Saud St,,Override dispatch — pull from rotation,no
TRG002588,2026-05-24T07:47:08,idling,Idling,low,open,DS/Teams,School Bus,Sultan Al Zaabi,SZ,Emirates Transport,DXB-S-7966,Jebel Ali,Sheikh Zayed Road,,Send efficiency reminder to driver,no
TRG001229,2026-05-24T07:47:03,signal,No Signal,medium,fined,MNVR,Hourly Rental,Hassan Al Falasi,HF,Careem,DXB-Q-77897,Deira,Al Maktoum Road,,Re-establish GPS handshake,no
TRG001588,2026-05-24T07:46:38,fatigue,Driver Fatigue,low,closed,DS/Teams,Hourly Rental,Ibrahim Al Hashimi,IH,Careem,DXB-H-51198,Jumeirah,Umm Suqeim Road,,Route to nearest rest stop,no
TRG000373,2026-05-24T07:46:04,distraction,Driver Distraction,medium,fined,MNVR,Limousine & E-Hail,Ziad Al Owais,ZO,Uber Fleet,DXB-R-80019,Business Bay,Al Abraj Street,,Schedule supervisor review,no
TRG001715,2026-05-24T07:44:56,idling,Idling,low,open,MNVR,Limousine & E-Hail,Hassan Al Falasi,HF,Genie Limousine,DXB-E-81399,Business Bay,Bay Avenue,,Acknowledge — within tolerance,no
TRG001836,2026-05-24T07:44:11,signal,No Signal,medium,open,DS/Teams,Marine,Mohammed Al Falasi,MF,Dubai Marine Transport,MAR-414,Deira,Al Maktoum Road,,Acknowledge — temporary blackout zone,no
TRG001787,2026-05-24T07:43:16,harsh,Harsh Driving,medium,acknowledged,MNVR,Limousine & E-Hail,Saeed Al Mansouri,SM,Yango Premium,DXB-P-34791,Business Bay,Marasi Drive,79,Log for end-of-shift review,no
TRG000552,2026-05-24T07:42:50,distraction,Driver Distraction,medium,open,DS/Teams,Marine,Tariq Al Zaabi,TZ,Dubai Marine Transport,MAR-113,Deira,Gold Souq Street,,"Acknowledge — minor, log only",no
TRG001553,2026-05-24T07:42:43,harsh,Harsh Driving,medium,closed,DS/Teams,Marine,Hamad Al Naqbi,HN,Dubai Marine Transport,MAR-880,Dubai Investment Park,DIP First Road,74,Log for end-of-shift review,no
TRG001211,2026-05-24T07:41:57,distraction,Driver Distraction,high,open,MNVR,Public Bus,Fadi Al Tayer,FT,Emirates Transport,DXB-B-2288,Downtown Dubai,Mohammed Bin Rashid Blvd,,"Acknowledge — minor, log only",no
TRG000157,2026-05-24T07:41:05,signal,No Signal,medium,closed,ETMP,Limousine & E-Hail,Salim Al Qassimi,SQ,Hala Rides,DXB-T-76872,JBR,The Beach Promenade,,Acknowledge — temporary blackout zone,no
TRG000498,2026-05-24T07:40:27,harsh,Harsh Driving,low,open,DS/Teams,Public Bus,Hassan Al Nuaimi,HN,Emirates Transport,DXB-B-9691,Downtown Dubai,Financial Center Rd,42,Issue coaching alert to driver,no
TRG002109,2026-05-24T07:38:30,harsh,Harsh Driving,low,closed,ETMP,Taxi,Yousef Al Hashimi,YH,Metro Taxi,DXB-H-99259,Dubai Marina,King Salman Bin Abdulaziz Al Saud St,55,Issue coaching alert to driver,no
TRG001939,2026-05-24T07:36:39,camera,Camera Disconnection,high,closed,MNVR,Limousine & E-Hail,Tariq Al Zaabi,TZ,Hala Rides,DXB-N-98018,Deira,Baniyas Square,,Run firmware reset remotely,no
TRG000922,2026-05-24T07:34:28,distraction,Driver Distraction,medium,acknowledged,DS/Teams,Limousine & E-Hail,Adel Al Mansouri,AM,Careem,DXB-E-53313,Business Bay,Marasi Drive,,"Acknowledge — minor, log only",no
TRG001334,2026-05-24T07:34:18,harsh,Harsh Driving,medium,fined,ETMP,School Bus,Faisal Al Hammadi,FH,Emirates Transport,DXB-S-1938,Deira,Al Maktoum Road,77,Escalate to safety review board,no
TRG000930,2026-05-24T07:34:10,fatigue,Driver Fatigue,medium,acknowledged,DS/Teams,Taxi,Saeed Al Zaabi,SZ,Metro Taxi,DXB-B-83872,Dubai Marina,King Salman Bin Abdulaziz Al Saud St,,Override dispatch — pull from rotation,no
TRG001574,2026-05-24T07:32:51,signal,No Signal,medium,investigation,ETMP,Hourly Rental,Mohammed Al Tayer,MT,Hala Rides,DXB-R-60634,Al Rashidiya,Rashidiya Metro Rd,,Re-establish GPS handshake,no
TRG002160,2026-05-24T07:32:46,distraction,Driver Distraction,medium,acknowledged,ETMP,Limousine & E-Hail,Mahmoud Al Qassimi,MQ,Uber Fleet,DXB-G-65898,Al Barsha,Mall of the Emirates,,"Acknowledge — minor, log only",no
TRG002145,2026-05-24T07:29:23,fatigue,Driver Fatigue,high,open,DS/Teams,Public Bus,Mahmoud Al Zaabi,MZ,Emirates Transport,DXB-B-5175,Dubai Investment Park,DIP First Road,,Instruct driver to take mandatory break,no
TRG002401,2026-05-24T07:29:16,harsh,Harsh Driving,high,closed,MNVR,Public Bus,Walid Al Hashimi,WH,RTA Public Buses,DXB-B-7223,Jumeirah,Umm Suqeim Road,101,Issue coaching alert to driver,no
TRG000603,2026-05-24T07:28:10,camera,Camera Disconnection,medium,acknowledged,MNVR,Public Bus,Yousef Al Marri,YM,Emirates Transport,DXB-B-5170,Deira,Al Rigga Road,,Run firmware reset remotely,no
TRG001128,2026-05-24T07:25:57,harsh,Harsh Driving,high,closed,MNVR,Taxi,Mohammed Al Naqbi,MN,Dubai Taxi Corporation,DXB-G-15708,Jebel Ali,Ibn Battuta Road,105,Send to Stafteesh for fine assessment,no
TRG002694,2026-05-24T07:25:35,idling,Idling,medium,open,DS/Teams,Limousine & E-Hail,Mahmoud Al Qassimi,MQ,Hala Rides,DXB-K-69559,Business Bay,Bay Avenue,,Send efficiency reminder to driver,no
TRG000840,2026-05-24T07:20:35,signal,No Signal,high,acknowledged,ETMP,Taxi,Salim Al Zaabi,SZ,Dubai Taxi Corporation,DXB-R-65197,Al Barsha,Mall of the Emirates,,Auto-resolve when signal restored,no
TRG002533,2026-05-24T07:18:59,signal,No Signal,medium,stafteesh,MNVR,Taxi,Karim Al Shamsi,KS,Metro Taxi,DXB-M-33028,Al Rashidiya,Nadd Al Hamar Rd,,Re-establish GPS handshake,no
TRG000191,2026-05-24T07:17:43,camera,Camera Disconnection,high,acknowledged,ETMP,Taxi,Faisal Al Qassimi,FQ,Metro Taxi,DXB-B-26910,Al Barsha,Sheikh Zayed Road,,Dispatch field tech — recurring issue,no
TRG000518,2026-05-24T07:16:29,idling,Idling,low,acknowledged,MNVR,Public Bus,Mansour Al Mazrouei,MM,RTA Public Buses,DXB-B-6264,Dubai Sports City,Els Club Rd,,Auto-close — under 5min,yes
TRG002355,2026-05-24T07:16:18,fatigue,Driver Fatigue,medium,fined,ETMP,Taxi,Salim Al Shamsi,SS,Metro Taxi,DXB-T-64135,Al Barsha,Al Barsha Road,,Override dispatch — pull from rotation,no
TRG000427,2026-05-24T07:15:36,idling,Idling,low,closed,MNVR,Taxi,Nasser Al Maktoum,NM,Arabia Taxi,DXB-S-76986,Dubai Sports City,Els Club Rd,,Flag for daily review,no
TRG001106,2026-05-24T07:13:18,idling,Idling,low,closed,MNVR,Hourly Rental,Sultan Al Tayer,ST,Al Naboodah Transport,DXB-Q-59486,Dubai Investment Park,Green Community,,Flag for daily review,no
TRG001570,2026-05-24T07:12:13,signal,No Signal,medium,open,MNVR,Taxi,Salim Al Tayer,ST,Metro Taxi,DXB-R-59507,Al Quoz,Al Asayel Street,,Dispatch tech if persistent >15min,no
TRG000730,2026-05-24T07:11:39,camera,Camera Disconnection,high,open,MNVR,Public Bus,Yousef Al Awadhi,YA,Emirates Transport,DXB-B-6633,Downtown Dubai,Financial Center Rd,,Dispatch field tech — recurring issue,no
TRG002568,2026-05-24T07:09:10,camera,Camera Disconnection,high,closed,ETMP,School Bus,Ayman Al Hammadi,AH,School Transport Services,DXB-S-4365,Deira,Al Rigga Road,,Verify cable connection at next stop,no
TRG002310,2026-05-24T07:08:17,signal,No Signal,medium,closed,DS/Teams,Marine,Fadi Al Marri,FM,Dubai Marine Transport,MAR-560,Downtown Dubai,Financial Center Rd,,Dispatch tech if persistent >15min,no
TRG001785,2026-05-24T07:07:26,distraction,Driver Distraction,medium,investigation,ETMP,Limousine & E-Hail,Rashid Al Awadhi,RA,Uber Fleet,DXB-Q-42591,Downtown Dubai,Mohammed Bin Rashid Blvd,,Schedule supervisor review,no
TRG001466,2026-05-24T07:07:21,signal,No Signal,medium,closed,DS/Teams,School Bus,Ahmed Al Tayer,AT,School Transport Services,DXB-S-1293,Jumeirah,Jumeirah Beach Road,,Acknowledge — temporary blackout zone,no
TRG002514,2026-05-24T07:06:12,distraction,Driver Distraction,high,stafteesh,MNVR,Public Bus,Mahmoud Al Maktoum,MM,Emirates Transport,DXB-B-4880,JBR,The Walk,,Issue formal warning — 2nd offense,no
TRG000807,2026-05-24T07:05:13,harsh,Harsh Driving,medium,closed,MNVR,Limousine & E-Hail,Hassan Al Zaabi,HZ,Genie Limousine,DXB-A-93074,Silicon Oasis,Wadi Al Safa St,61,Issue coaching alert to driver,no
TRG002076,2026-05-24T07:03:06,harsh,Harsh Driving,medium,open,DS/Teams,Marine,Nasser Al Owais,NO,Dubai Marine Transport,MAR-971,Business Bay,Al Abraj Street,79,Log for end-of-shift review,no
TRG001885,2026-05-24T07:01:58,fatigue,Driver Fatigue,low,acknowledged,ETMP,Marine,Khalid Al Tayer,KT,Dubai Marine Transport,MAR-956,Dubai Marina,Al Marsa Street,,Confirm with supervisor & monitor,no
TRG000713,2026-05-24T07:01:20,distraction,Driver Distraction,medium,closed,MNVR,Taxi,Karim Al Hashimi,KH,Arabia Taxi,DXB-H-44419,Deira,Gold Souq Street,,"Acknowledge — minor, log only",no
TRG000738,2026-05-24T06:57:06,harsh,Harsh Driving,medium,acknowledged,MNVR,Taxi,Khalid Al Awadhi,KA,Metro Taxi,DXB-B-14754,Downtown Dubai,Burj Khalifa Blvd,79,Escalate to safety review board,no
TRG000531,2026-05-24T06:56:24,fatigue,Driver Fatigue,medium,acknowledged,MNVR,Taxi,Fadi Al Shamsi,FS,Cars Taxi,DXB-B-54692,Business Bay,Marasi Drive,,Instruct driver to take mandatory break,no
TRG002776,2026-05-24T06:56:01,fatigue,Driver Fatigue,medium,open,ETMP,Public Bus,Omar Al Shamsi,OS,Emirates Transport,DXB-B-9974,Al Qusais,Beirut Street,,Confirm with supervisor & monitor,yes
TRG000953,2026-05-24T06:54:56,fatigue,Driver Fatigue,high,open,DS/Teams,Public Bus,Sultan Al Owais,SO,RTA Public Buses,DXB-B-9831,JBR,The Beach Promenade,,Confirm with supervisor & monitor,no
TRG001786,2026-05-24T06:53:01,camera,Camera Disconnection,high,closed,MNVR,Taxi,Faisal Al Suwaidi,FS,Citi Taxi,DXB-Q-60759,Jumeirah,Jumeirah Beach Road,,Escalate to fleet maintenance,no
TRG000106,2026-05-24T06:52:40,idling,Idling,low,stafteesh,DS/Teams,Taxi,Saeed Al Mansouri,SM,Dubai Taxi Corporation,DXB-M-82652,Deira,Al Rigga Road,,Auto-close — under 5min,no
TRG001738,2026-05-24T06:52:02,idling,Idling,low,open,ETMP,Public Bus,Tariq Al Hashimi,TH,RTA Public Buses,DXB-B-5650,Business Bay,Business Bay Crossing,,Flag for daily review,no
TRG000700,2026-05-24T06:48:57,distraction,Driver Distraction,low,open,MNVR,Taxi,Nasser Al Tayer,NT,Dubai Taxi Corporation,DXB-I-86212,Al Barsha,Al Barsha Road,,"Acknowledge — minor, log only",no
TRG001440,2026-05-24T06:48:43,fatigue,Driver Fatigue,low,open,ETMP,Public Bus,Ahmed Al Owais,AO,RTA Public Buses,DXB-B-8986,Business Bay,Marasi Drive,,Override dispatch — pull from rotation,no
TRG001537,2026-05-24T06:48:42,signal,No Signal,high,closed,DS/Teams,Public Bus,Fadi Al Zaabi,FZ,Emirates Transport,DXB-B-3377,Dubai Marina,Al Marsa Street,,Acknowledge — temporary blackout zone,no
TRG000913,2026-05-24T06:48:13,idling,Idling,medium,open,DS/Teams,Taxi,Mahmoud Al Shamsi,MS,Arabia Taxi,DXB-N-58532,Dubai Investment Park,Green Community,,Auto-close — under 5min,no
TRG001201,2026-05-24T06:47:47,distraction,Driver Distraction,high,investigation,DS/Teams,Limousine & E-Hail,Ziad Al Hammadi,ZH,Uber Fleet,DXB-I-32176,Al Quoz,Al Khail Road,,Schedule supervisor review,no
TRG000134,2026-05-24T06:46:58,distraction,Driver Distraction,medium,open,DS/Teams,School Bus,Mahmoud Al Awadhi,MA,School Transport Services,DXB-S-1303,Business Bay,Bay Avenue,,"Acknowledge — minor, log only",no
TRG001810,2026-05-24T06:45:34,idling,Idling,medium,investigation,MNVR,Taxi,Mahmoud Al Shamsi,MS,Dubai Taxi Corporation,DXB-L-78119,Business Bay,Marasi Drive,,Flag for daily review,no
TRG002270,2026-05-24T06:43:24,idling,Idling,low,open,DS/Teams,Taxi,Marwan Al Nuaimi,MN,Dubai Taxi Corporation,DXB-P-62563,Deira,Al Rigga Road,,Auto-close — under 5min,no
TRG000141,2026-05-24T06:43:13,signal,No Signal,medium,closed,MNVR,Taxi,Ziad Al Maktoum,ZM,Citi Taxi,DXB-M-67658,Jebel Ali,Jebel Ali Free Zone,,Dispatch tech if persistent >15min,no
TRG002220,2026-05-24T06:41:39,idling,Idling,low,open,MNVR,Taxi,Yousef Al Shamsi,YS,National Taxi,DXB-K-15588,Dubai Marina,Marina Walk,,Auto-close — under 5min,no
TRG000424,2026-05-24T06:41:06,fatigue,Driver Fatigue,high,closed,ETMP,School Bus,Saeed Al Mazrouei,SM,Emirates Transport,DXB-S-9196,JBR,Jumeirah Beach Residence,,Instruct driver to take mandatory break,no
TRG002536,2026-05-24T06:40:18,idling,Idling,medium,fined,DS/Teams,Public Bus,Karim Al Qassimi,KQ,Emirates Transport,DXB-B-5820,Deira,Gold Souq Street,,Flag for daily review,yes
TRG001176,2026-05-24T06:39:59,signal,No Signal,high,closed,ETMP,Taxi,Bilal Al Shamsi,BS,Citi Taxi,DXB-T-75574,Dubai Marina,Al Marsa Street,,Acknowledge — temporary blackout zone,no
TRG000114,2026-05-24T06:37:46,camera,Camera Disconnection,low,fined,ETMP,Taxi,Saeed Al Tayer,ST,Citi Taxi,DXB-N-42258,Jumeirah,Jumeirah Beach Road,,Run firmware reset remotely,no
TRG001577,2026-05-24T06:37:16,idling,Idling,medium,open,MNVR,Limousine & E-Hail,Omar Al Qassimi,OQ,Yango Premium,DXB-A-98956,Downtown Dubai,Financial Center Rd,,Flag for daily review,no
TRG000943,2026-05-24T06:35:49,idling,Idling,high,investigation,DS/Teams,Marine,Ibrahim Al Zaabi,IZ,Dubai Marine Transport,MAR-723,Downtown Dubai,Burj Khalifa Blvd,,Send efficiency reminder to driver,no
TRG000024,2026-05-24T06:35:34,signal,No Signal,high,closed,MNVR,School Bus,Ahmed Al Mazrouei,AM,Emirates Transport,DXB-S-3122,Downtown Dubai,Financial Center Rd,,Auto-resolve when signal restored,no
TRG001011,2026-05-24T06:35:06,harsh,Harsh Driving,high,investigation,DS/Teams,Taxi,Faisal Al Hammadi,FH,Arabia Taxi,DXB-D-99440,Dubai Investment Park,Green Community,99,Issue coaching alert to driver,no
TRG001063,2026-05-24T06:34:51,harsh,Harsh Driving,high,open,MNVR,School Bus,Ibrahim Al Naqbi,IN,Emirates Transport,DXB-S-6650,Dubai Marina,King Salman Bin Abdulaziz Al Saud St,134,Log for end-of-shift review,no
TRG001598,2026-05-24T06:29:54,fatigue,Driver Fatigue,medium,open,MNVR,Marine,Marwan Al Awadhi,MA,Dubai Marine Transport,MAR-727,Al Barsha,Sheikh Zayed Road,,Override dispatch — pull from rotation,no
TRG000904,2026-05-24T06:27:04,harsh,Harsh Driving,medium,stafteesh,DS/Teams,Taxi,Adel Al Marri,AM,Arabia Taxi,DXB-B-27641,Al Rashidiya,Airport Road,71,Log for end-of-shift review,no
TRG001052,2026-05-24T06:25:54,idling,Idling,low,acknowledged,DS/Teams,Limousine & E-Hail,Karim Al Falasi,KF,Uber Fleet,DXB-O-11541,Silicon Oasis,Dubai Silicon Oasis Hub,,Auto-close — under 5min,no
TRG000654,2026-05-24T06:25:26,distraction,Driver Distraction,medium,open,MNVR,Limousine & E-Hail,Nasser Al Hammadi,NH,Genie Limousine,DXB-S-21394,Jumeirah,Umm Suqeim Road,,Send live coaching prompt to driver,no
TRG001399,2026-05-24T06:25:02,distraction,Driver Distraction,medium,open,MNVR,School Bus,Sultan Al Awadhi,SA,Emirates Transport,DXB-S-2522,Business Bay,Business Bay Crossing,,Send live coaching prompt to driver,no
TRG000304,2026-05-24T06:24:32,camera,Camera Disconnection,medium,stafteesh,MNVR,Taxi,Rashid Al Hammadi,RH,National Taxi,DXB-P-64840,Al Rashidiya,Nadd Al Hamar Rd,,Escalate to fleet maintenance,no
TRG000146,2026-05-24T06:23:21,idling,Idling,low,closed,DS/Teams,Public Bus,Marwan Al Marri,MM,Emirates Transport,DXB-B-1170,JBR,The Walk,,Acknowledge — within tolerance,no
TRG002652,2026-05-24T06:22:54,camera,Camera Disconnection,medium,closed,MNVR,Limousine & E-Hail,Ahmed Al Nuaimi,AN,Genie Limousine,DXB-D-18396,Dubai Sports City,Els Club Rd,,Run firmware reset remotely,no
TRG000309,2026-05-24T06:22:37,harsh,Harsh Driving,medium,fined,DS/Teams,Taxi,Adel Al Marri,AM,Dubai Taxi Corporation,DXB-I-89498,Downtown Dubai,Burj Khalifa Blvd,61,Issue coaching alert to driver,no
TRG002023,2026-05-24T06:19:02,distraction,Driver Distraction,high,closed,MNVR,Hourly Rental,Omar Al Hammadi,OH,Careem,DXB-N-90826,Downtown Dubai,Financial Center Rd,,"Acknowledge — minor, log only",no
TRG000044,2026-05-24T06:18:24,fatigue,Driver Fatigue,medium,open,MNVR,School Bus,Ibrahim Al Shamsi,IS,Emirates Transport,DXB-S-2016,Dubai Marina,Marina Walk,,Confirm with supervisor & monitor,no
TRG001813,2026-05-24T06:17:33,distraction,Driver Distraction,medium,escalated,MNVR,Public Bus,Tariq Al Mazrouei,TM,Emirates Transport,DXB-B-2139,Al Rashidiya,Airport Road,,Issue formal warning — 2nd offense,no
TRG000862,2026-05-24T06:16:22,distraction,Driver Distraction,low,open,DS/Teams,Taxi,Karim Al Nuaimi,KN,Metro Taxi,DXB-R-44931,Al Quoz,Al Khail Road,,"Acknowledge — minor, log only",no
TRG001774,2026-05-24T06:15:42,idling,Idling,medium,open,MNVR,Public Bus,Hassan Al Tayer,HT,Emirates Transport,DXB-B-8283,Jumeirah,Umm Suqeim Road,,Send efficiency reminder to driver,no
TRG000221,2026-05-24T06:15:20,distraction,Driver Distraction,medium,acknowledged,DS/Teams,Hourly Rental,Ibrahim Al Hammadi,IH,Al Naboodah Transport,DXB-G-17565,Jumeirah,Al Wasl Road,,Schedule supervisor review,no
TRG000588,2026-05-24T06:15:11,distraction,Driver Distraction,medium,open,MNVR,Taxi,Bilal Al Maktoum,BM,Citi Taxi,DXB-F-20278,Jumeirah,Umm Suqeim Road,,Send live coaching prompt to driver,no
TRG001601,2026-05-24T06:14:13,harsh,Harsh Driving,high,acknowledged,ETMP,Limousine & E-Hail,Adel Al Suwaidi,AS,Genie Limousine,DXB-Q-50505,Mirdif,Mirdif City Centre Rd,102,Send to Stafteesh for fine assessment,no
TRG000397,2026-05-24T06:14:03,idling,Idling,low,investigation,MNVR,Public Bus,Omar Al Owais,OO,Emirates Transport,DXB-B-6047,Dubai Marina,King Salman Bin Abdulaziz Al Saud St,,Send efficiency reminder to driver,no
TRG001072,2026-05-24T06:14:02,signal,No Signal,low,investigation,MNVR,Hourly Rental,Sultan Al Maktoum,SM,Careem,DXB-P-20910,JBR,The Beach Promenade,,Re-establish GPS handshake,yes
TRG002482,2026-05-24T06:13:50,fatigue,Driver Fatigue,medium,stafteesh,MNVR,Limousine & E-Hail,Ziad Al Qassimi,ZQ,Yango Premium,DXB-E-44771,Al Quoz,Al Meydan Road,,Confirm with supervisor & monitor,no
TRG000756,2026-05-24T06:13:06,camera,Camera Disconnection,high,closed,ETMP,Hourly Rental,Sultan Al Marri,SM,Al Naboodah Transport,DXB-L-49795,Mirdif,Tripoli Street,,Dispatch field tech — recurring issue,no
TRG001686,2026-05-24T06:12:02,camera,Camera Disconnection,medium,closed,MNVR,Limousine & E-Hail,Hamad Al Suwaidi,HS,Hala Rides,DXB-G-69225,Deira,Al Maktoum Road,,Run firmware reset remotely,no
TRG000659,2026-05-24T06:11:16,harsh,Harsh Driving,high,open,MNVR,Limousine & E-Hail,Mansour Al Mansouri,MM,Uber Fleet,DXB-F-43604,Al Qusais,Beirut Street,122,Send to Stafteesh for fine assessment,no
TRG002415,2026-05-24T06:11:16,harsh,Harsh Driving,medium,closed,DS/Teams,Taxi,Khalid Al Suwaidi,KS,Cars Taxi,DXB-E-68169,Silicon Oasis,Sheikh Mohammed Bin Zayed Rd,90,Send to Stafteesh for fine assessment,no
TRG000228,2026-05-24T06:11:01,fatigue,Driver Fatigue,high,closed,ETMP,Limousine & E-Hail,Salim Al Falasi,SF,Careem,DXB-T-61545,JBR,Jumeirah Beach Residence,,Confirm with supervisor & monitor,yes
TRG000438,2026-05-24T06:11:00,distraction,Driver Distraction,low,stafteesh,MNVR,School Bus,Faisal Al Qassimi,FQ,School Transport Services,DXB-S-9775,Jebel Ali,Sheikh Zayed Road,,"Acknowledge — minor, log only",no
TRG001571,2026-05-24T06:10:55,camera,Camera Disconnection,high,open,MNVR,School Bus,Yousef Al Suwaidi,YS,School Transport Services,DXB-S-8073,Deira,Al Maktoum Road,,Dispatch field tech — recurring issue,no
TRG000195,2026-05-24T06:10:05,harsh,Harsh Driving,high,fined,DS/Teams,Hourly Rental,Salim Al Shamsi,SS,Hala Rides,DXB-Q-79420,Deira,Gold Souq Street,140,Log for end-of-shift review,no
TRG002737,2026-05-24T06:07:29,signal,No Signal,medium,open,ETMP,School Bus,Ziad Al Qassimi,ZQ,Emirates Transport,DXB-S-4121,JBR,Jumeirah Beach Residence,,Auto-resolve when signal restored,no
TRG001760,2026-05-24T06:06:04,camera,Camera Disconnection,high,open,DS/Teams,Limousine & E-Hail,Bilal Al Maktoum,BM,Careem,DXB-L-87013,Al Barsha,Al Barsha Road,,Run firmware reset remotely,no
TRG001673,2026-05-24T06:04:51,signal,No Signal,medium,open,MNVR,Taxi,Mahmoud Al Owais,MO,Dubai Taxi Corporation,DXB-H-40400,Downtown Dubai,Mohammed Bin Rashid Blvd,,Auto-resolve when signal restored,no
TRG001609,2026-05-24T06:04:43,idling,Idling,low,closed,MNVR,Taxi,Fadi Al Marri,FM,Arabia Taxi,DXB-A-74185,JBR,The Walk,,Flag for daily review,no
TRG000272,2026-05-24T06:02:59,idling,Idling,low,closed,MNVR,Hourly Rental,Khalid Al Mazrouei,KM,Al Naboodah Transport,DXB-B-51113,Deira,Al Rigga Road,,Auto-close — under 5min,no
TRG000681,2026-05-24T06:00:50,fatigue,Driver Fatigue,medium,investigation,DS/Teams,Marine,Bilal Al Zaabi,BZ,Dubai Marine Transport,MAR-530,Mirdif,Mirdif City Centre Rd,,Confirm with supervisor & monitor,no
TRG002156,2026-05-24T06:00:37,camera,Camera Disconnection,high,open,ETMP,Taxi,Faisal Al Hashimi,FH,Citi Taxi,DXB-G-84699,Dubai Sports City,Sports City Boulevard,,Dispatch field tech — recurring issue,no
TRG001269,2026-05-24T06:00:00,signal,No Signal,medium,open,DS/Teams,Taxi,Ahmed Al Mansouri,AM,Cars Taxi,DXB-S-33527,Deira,Gold Souq Street,,Re-establish GPS handshake,no
TRG000643,2026-05-24T05:58:28,fatigue,Driver Fatigue,medium,closed,DS/Teams,Public Bus,Marwan Al Mansouri,MM,RTA Public Buses,DXB-B-2919,Al Barsha,Al Barsha Road,,Override dispatch — pull from rotation,no
TRG001630,2026-05-24T05:58:25,signal,No Signal,high,closed,MNVR,Limousine & E-Hail,Omar Al Falasi,OF,Uber Fleet,DXB-D-32904,Dubai Sports City,Hessa Street,,Re-establish GPS handshake,no
TRG000678,2026-05-24T05:58:21,signal,No Signal,low,investigation,ETMP,Marine,Rashid Al Suwaidi,RS,Dubai Marine Transport,MAR-629,Jumeirah,Al Wasl Road,,Auto-resolve when signal restored,no
TRG001916,2026-05-24T05:56:45,distraction,Driver Distraction,medium,acknowledged,DS/Teams,Taxi,Ahmed Al Nuaimi,AN,Dubai Taxi Corporation,DXB-S-26778,JBR,Jumeirah Beach Residence,,Schedule supervisor review,no
TRG000810,2026-05-24T05:56:22,fatigue,Driver Fatigue,medium,stafteesh,ETMP,Hourly Rental,Marwan Al Falasi,MF,Al Naboodah Transport,DXB-A-57667,Dubai Sports City,Els Club Rd,,Confirm with supervisor & monitor,no
TRG001814,2026-05-24T05:55:56,fatigue,Driver Fatigue,low,acknowledged,MNVR,Taxi,Hamad Al Shamsi,HS,National Taxi,DXB-T-47621,Al Rashidiya,Airport Road,,Instruct driver to take mandatory break,no
TRG002719,2026-05-24T05:55:23,fatigue,Driver Fatigue,low,open,MNVR,Taxi,Khalid Al Maktoum,KM,Cars Taxi,DXB-B-89800,Al Barsha,Mall of the Emirates,,Route to nearest rest stop,yes
TRG000817,2026-05-24T05:55:22,harsh,Harsh Driving,medium,open,MNVR,Public Bus,Mansour Al Qassimi,MQ,Emirates Transport,DXB-B-3816,Jumeirah,Umm Suqeim Road,82,Send to Stafteesh for fine assessment,no
TRG000992,2026-05-24T05:53:09,idling,Idling,low,investigation,DS/Teams,Taxi,Yousef Al Tayer,YT,Citi Taxi,DXB-C-40958,Deira,Al Rigga Road,,Send efficiency reminder to driver,no
TRG000295,2026-05-24T05:52:12,harsh,Harsh Driving,high,open,DS/Teams,Taxi,Ibrahim Al Marri,IM,Dubai Taxi Corporation,DXB-J-82120,Al Quoz,Al Khail Road,121,Escalate to safety review board,no
TRG002777,2026-05-24T05:51:33,signal,No Signal,low,closed,MNVR,Hourly Rental,Rashid Al Mazrouei,RM,Al Naboodah Transport,DXB-S-55514,Downtown Dubai,Sheikh Mohammed Bin Rashid Blvd,,Auto-resolve when signal restored,no
TRG001526,2026-05-24T05:50:37,signal,No Signal,medium,fined,DS/Teams,Taxi,Salim Al Falasi,SF,Arabia Taxi,DXB-M-36646,Mirdif,Mirdif City Centre Rd,,Re-establish GPS handshake,no
TRG001717,2026-05-24T05:49:48,distraction,Driver Distraction,high,acknowledged,MNVR,Taxi,Karim Al Naqbi,KN,National Taxi,DXB-B-59853,Al Rashidiya,Rashidiya Metro Rd,,Send live coaching prompt to driver,no
TRG002251,2026-05-24T05:49:19,idling,Idling,medium,acknowledged,MNVR,Taxi,Karim Al Naqbi,KN,Arabia Taxi,DXB-J-94078,Al Quoz,Al Khail Road,,Auto-close — under 5min,no
TRG000468,2026-05-24T05:47:17,distraction,Driver Distraction,low,closed,MNVR,Taxi,Ahmed Al Maktoum,AM,Citi Taxi,DXB-J-82611,Business Bay,Bay Avenue,,Schedule supervisor review,no
TRG002673,2026-05-24T05:46:36,fatigue,Driver Fatigue,medium,escalated,ETMP,Taxi,Adel Al Tayer,AT,Citi Taxi,DXB-A-67583,Downtown Dubai,Sheikh Mohammed Bin Rashid Blvd,,Route to nearest rest stop,no
TRG001151,2026-05-24T05:45:27,fatigue,Driver Fatigue,high,open,ETMP,Taxi,Sultan Al Mansouri,SM,National Taxi,DXB-M-63927,Dubai Marina,King Salman Bin Abdulaziz Al Saud St,,Override dispatch — pull from rotation,no
TRG001772,2026-05-24T05:44:24,fatigue,Driver Fatigue,low,open,MNVR,Taxi,Ibrahim Al Maktoum,IM,Citi Taxi,DXB-C-39866,Business Bay,Marasi Drive,,Override dispatch — pull from rotation,no
TRG000664,2026-05-24T05:43:38,distraction,Driver Distraction,medium,closed,MNVR,Taxi,Mahmoud Al Marri,MM,Metro Taxi,DXB-F-66258,Al Barsha,Al Barsha Road,,"Acknowledge — minor, log only",no
TRG002445,2026-05-24T05:41:46,distraction,Driver Distraction,medium,stafteesh,MNVR,School Bus,Ziad Al Hashimi,ZH,School Transport Services,DXB-S-7394,JBR,The Beach Promenade,,Issue formal warning — 2nd offense,no
TRG002040,2026-05-24T05:40:18,harsh,Harsh Driving,low,closed,MNVR,Taxi,Faisal Al Falasi,FF,Dubai Taxi Corporation,DXB-S-59701,Business Bay,Marasi Drive,61,Send to Stafteesh for fine assessment,no
TRG000883,2026-05-24T05:39:20,distraction,Driver Distraction,medium,closed,MNVR,Hourly Rental,Rashid Al Suwaidi,RS,Al Naboodah Transport,DXB-D-69399,Dubai Investment Park,Green Community,,Schedule supervisor review,no
TRG002296,2026-05-24T05:37:16,harsh,Harsh Driving,medium,escalated,MNVR,Taxi,Bilal Al Suwaidi,BS,National Taxi,DXB-S-87962,Dubai Marina,Marina Walk,75,Issue coaching alert to driver,no
TRG000831,2026-05-24T05:35:32,distraction,Driver Distraction,medium,closed,MNVR,Limousine & E-Hail,Walid Al Awadhi,WA,Genie Limousine,DXB-L-92445,Al Barsha,Al Barsha Road,,Send live coaching prompt to driver,no
TRG001239,2026-05-24T05:34:18,signal,No Signal,medium,closed,ETMP,Limousine & E-Hail,Mansour Al Maktoum,MM,Genie Limousine,DXB-F-38146,Al Quoz,Al Khail Road,,Dispatch tech if persistent >15min,no
TRG002016,2026-05-24T05:34:17,distraction,Driver Distraction,medium,closed,MNVR,Limousine & E-Hail,Hassan Al Suwaidi,HS,Yango Premium,DXB-M-41773,Al Qusais,Al Nahda Road,,Send live coaching prompt to driver,yes
TRG001763,2026-05-24T05:33:12,harsh,Harsh Driving,low,investigation,MNVR,Public Bus,Yousef Al Owais,YO,RTA Public Buses,DXB-B-7552,Deira,Baniyas Square,55,Issue coaching alert to driver,no
TRG001583,2026-05-24T05:32:59,idling,Idling,medium,open,DS/Teams,Public Bus,Sultan Al Suwaidi,SS,RTA Public Buses,DXB-B-3011,Al Barsha,Al Barsha Road,,Auto-close — under 5min,no
TRG002051,2026-05-24T05:31:14,idling,Idling,high,closed,MNVR,Taxi,Hassan Al Hashimi,HH,Arabia Taxi,DXB-R-41804,Al Quoz,Al Khail Road,,Acknowledge — within tolerance,no
TRG000415,2026-05-24T05:30:36,fatigue,Driver Fatigue,medium,open,DS/Teams,Hourly Rental,Hamad Al Shamsi,HS,Hala Rides,DXB-B-26014,Dubai Investment Park,DIP First Road,,Route to nearest rest stop,no
TRG001897,2026-05-24T05:30:02,camera,Camera Disconnection,high,acknowledged,DS/Teams,Taxi,Mahmoud Al Marri,MM,Cars Taxi,DXB-O-70692,Downtown Dubai,Burj Khalifa Blvd,,Dispatch field tech — recurring issue,no
TRG001043,2026-05-24T05:29:28,harsh,Harsh Driving,medium,closed,MNVR,Limousine & E-Hail,Sultan Al Suwaidi,SS,Genie Limousine,DXB-R-33741,Silicon Oasis,Wadi Al Safa St,86,Escalate to safety review board,no
TRG002392,2026-05-24T05:29:16,harsh,Harsh Driving,medium,closed,ETMP,Taxi,Salim Al Qassimi,SQ,Citi Taxi,DXB-L-54151,Dubai Sports City,Els Club Rd,77,Issue coaching alert to driver,no
TRG000505,2026-05-24T05:28:35,distraction,Driver Distraction,high,investigation,ETMP,Taxi,Yousef Al Naqbi,YN,Arabia Taxi,DXB-T-10684,Dubai Marina,King Salman Bin Abdulaziz Al Saud St,,Schedule supervisor review,no
TRG000785,2026-05-24T05:27:48,signal,No Signal,high,open,DS/Teams,Limousine & E-Hail,Karim Al Shamsi,KS,Hala Rides,DXB-K-37827,Al Quoz,Al Meydan Road,,Dispatch tech if persistent >15min,yes
TRG000646,2026-05-24T05:27:01,harsh,Harsh Driving,medium,acknowledged,ETMP,Limousine & E-Hail,Ahmed Al Zaabi,AZ,Yango Premium,DXB-Q-66374,Al Rashidiya,Rashidiya Metro Rd,60,Issue coaching alert to driver,no
TRG002487,2026-05-24T05:24:24,harsh,Harsh Driving,low,open,ETMP,Taxi,Ibrahim Al Maktoum,IM,National Taxi,DXB-S-89773,Dubai Marina,King Salman Bin Abdulaziz Al Saud St,65,Log for end-of-shift review,no
TRG002738,2026-05-24T05:23:50,fatigue,Driver Fatigue,high,closed,DS/Teams,Taxi,Rashid Al Hashimi,RH,Dubai Taxi Corporation,DXB-D-42816,Dubai Marina,Marina Walk,,Route to nearest rest stop,no
TRG002153,2026-05-24T05:23:25,fatigue,Driver Fatigue,low,acknowledged,MNVR,Taxi,Tariq Al Naqbi,TN,Cars Taxi,DXB-I-52224,Dubai Investment Park,Green Community,,Override dispatch — pull from rotation,no
TRG000903,2026-05-24T05:23:17,signal,No Signal,medium,stafteesh,DS/Teams,Taxi,Mansour Al Marri,MM,Dubai Taxi Corporation,DXB-I-33520,Downtown Dubai,Burj Khalifa Blvd,,Re-establish GPS handshake,no
TRG000795,2026-05-24T05:22:57,harsh,Harsh Driving,low,fined,ETMP,Hourly Rental,Rashid Al Falasi,RF,Al Naboodah Transport,DXB-D-81159,Dubai Investment Park,Green Community,50,Escalate to safety review board,no
TRG002476,2026-05-24T05:21:37,distraction,Driver Distraction,high,stafteesh,MNVR,Taxi,Hassan Al Mansouri,HM,Arabia Taxi,DXB-J-36768,Business Bay,Al Abraj Street,,Schedule supervisor review,yes
TRG001388,2026-05-24T05:21:29,camera,Camera Disconnection,high,escalated,DS/Teams,Taxi,Fadi Al Qassimi,FQ,Cars Taxi,DXB-F-25373,Downtown Dubai,Burj Khalifa Blvd,,Dispatch field tech — recurring issue,no
TRG000687,2026-05-24T05:20:43,distraction,Driver Distraction,high,closed,DS/Teams,Taxi,Faisal Al Maktoum,FM,Cars Taxi,DXB-E-62433,JBR,The Walk,,Issue formal warning — 2nd offense,no
TRG002773,2026-05-24T05:18:33,distraction,Driver Distraction,high,closed,MNVR,Taxi,Adel Al Nuaimi,AN,National Taxi,DXB-M-97819,Dubai Marina,Marina Walk,,"Acknowledge — minor, log only",no
TRG000093,2026-05-24T05:16:54,harsh,Harsh Driving,low,acknowledged,DS/Teams,Limousine & E-Hail,Ziad Al Qassimi,ZQ,Careem,DXB-D-69493,JBR,The Walk,53,Log for end-of-shift review,no
TRG000372,2026-05-24T05:16:03,distraction,Driver Distraction,medium,acknowledged,ETMP,Taxi,Ibrahim Al Qassimi,IQ,National Taxi,DXB-M-98565,Mirdif,Algeria Street,,Send live coaching prompt to driver,no
TRG000188,2026-05-24T05:16:00,camera,Camera Disconnection,high,acknowledged,ETMP,Public Bus,Rashid Al Marri,RM,RTA Public Buses,DXB-B-3221,Dubai Marina,Marina Walk,,Verify cable connection at next stop,yes
TRG002653,2026-05-24T05:15:32,fatigue,Driver Fatigue,high,investigation,ETMP,Taxi,Nasser Al Maktoum,NM,Citi Taxi,DXB-F-18602,Dubai Marina,King Salman Bin Abdulaziz Al Saud St,,Route to nearest rest stop,no
TRG002631,2026-05-24T05:13:38,harsh,Harsh Driving,medium,acknowledged,MNVR,Taxi,Karim Al Awadhi,KA,Arabia Taxi,DXB-K-81768,Al Rashidiya,Nadd Al Hamar Rd,84,Send to Stafteesh for fine assessment,no
TRG000551,2026-05-24T05:11:47,harsh,Harsh Driving,high,fined,ETMP,Hourly Rental,Bilal Al Falasi,BF,Careem,DXB-C-79081,Al Barsha,Mall of the Emirates,114,Escalate to safety review board,no
TRG000626,2026-05-24T05:11:32,idling,Idling,low,open,ETMP,Taxi,Omar Al Tayer,OT,National Taxi,DXB-K-79334,Deira,Al Maktoum Road,,Flag for daily review,no
TRG002325,2026-05-24T05:09:21,harsh,Harsh Driving,high,stafteesh,MNVR,Limousine & E-Hail,Mahmoud Al Owais,MO,Careem,DXB-M-74636,Dubai Marina,Al Marsa Street,80,Send to Stafteesh for fine assessment,no
TRG002665,2026-05-24T05:08:11,distraction,Driver Distraction,high,acknowledged,MNVR,Public Bus,Rashid Al Naqbi,RN,RTA Public Buses,DXB-B-3354,Dubai Marina,Marina Walk,,Send live coaching prompt to driver,no
TRG000538,2026-05-24T05:07:07,fatigue,Driver Fatigue,medium,acknowledged,ETMP,Taxi,Faisal Al Marri,FM,Dubai Taxi Corporation,DXB-L-98684,Business Bay,Business Bay Crossing,,Override dispatch — pull from rotation,no
TRG000600,2026-05-24T05:06:18,harsh,Harsh Driving,medium,open,MNVR,Limousine & E-Hail,Mohammed Al Suwaidi,MS,Hala Rides,DXB-G-43334,Dubai Investment Park,Green Community,66,Log for end-of-shift review,no
TRG001159,2026-05-24T05:06:09,idling,Idling,low,open,ETMP,Public Bus,Saeed Al Mazrouei,SM,RTA Public Buses,DXB-B-6651,Deira,Al Rigga Road,,Acknowledge — within tolerance,no
TRG000345,2026-05-24T05:05:32,distraction,Driver Distraction,high,investigation,DS/Teams,Limousine & E-Hail,Ziad Al Tayer,ZT,Genie Limousine,DXB-G-98894,Deira,Al Maktoum Road,,Send live coaching prompt to driver,no
TRG002295,2026-05-24T05:04:33,harsh,Harsh Driving,high,closed,ETMP,Limousine & E-Hail,Yousef Al Naqbi,YN,Uber Fleet,DXB-I-61749,Dubai Marina,King Salman Bin Abdulaziz Al Saud St,131,Escalate to safety review board,no
TRG001056,2026-05-24T05:04:08,fatigue,Driver Fatigue,high,acknowledged,DS/Teams,Limousine & E-Hail,Faisal Al Zaabi,FZ,Hala Rides,DXB-I-12290,Al Qusais,Damascus Street,,Route to nearest rest stop,no
TRG001694,2026-05-24T05:01:08,fatigue,Driver Fatigue,high,acknowledged,DS/Teams,Taxi,Salim Al Qassimi,SQ,Citi Taxi,DXB-L-75556,Jebel Ali,Ibn Battuta Road,,Instruct driver to take mandatory break,no
TRG000460,2026-05-24T04:58:55,distraction,Driver Distraction,low,escalated,MNVR,Taxi,Karim Al Falasi,KF,Arabia Taxi,DXB-L-82485,Dubai Sports City,Sports City Boulevard,,Issue formal warning — 2nd offense,no
TRG001165,2026-05-24T04:58:14,idling,Idling,low,closed,MNVR,Limousine & E-Hail,Hamad Al Hammadi,HH,Uber Fleet,DXB-T-58234,Dubai Marina,Marina Walk,,Flag for daily review,no
TRG002666,2026-05-24T04:57:20,distraction,Driver Distraction,high,fined,DS/Teams,Taxi,Yousef Al Zaabi,YZ,Cars Taxi,DXB-B-61650,Jumeirah,Umm Suqeim Road,,Issue formal warning — 2nd offense,yes
TRG001902,2026-05-24T04:57:09,fatigue,Driver Fatigue,medium,closed,DS/Teams,School Bus,Saeed Al Zaabi,SZ,Emirates Transport,DXB-S-6442,Jumeirah,Jumeirah Beach Road,,Route to nearest rest stop,no
TRG000708,2026-05-24T04:56:38,harsh,Harsh Driving,medium,closed,MNVR,Taxi,Hamad Al Shamsi,HS,Citi Taxi,DXB-T-29056,Business Bay,Marasi Drive,88,Escalate to safety review board,no
TRG000138,2026-05-24T04:56:02,signal,No Signal,medium,acknowledged,DS/Teams,Taxi,Sultan Al Mansouri,SM,Arabia Taxi,DXB-S-79970,Jumeirah,Umm Suqeim Road,,Acknowledge — temporary blackout zone,no
TRG000383,2026-05-24T04:55:48,distraction,Driver Distraction,high,escalated,ETMP,Taxi,Nasser Al Zaabi,NZ,Dubai Taxi Corporation,DXB-A-36114,Jumeirah,Jumeirah Beach Road,,"Acknowledge — minor, log only",yes
TRG001833,2026-05-24T04:55:45,signal,No Signal,medium,stafteesh,MNVR,Marine,Faisal Al Qassimi,FQ,Dubai Marine Transport,MAR-100,Mirdif,Algeria Street,,Auto-resolve when signal restored,no
TRG000694,2026-05-24T04:55:26,distraction,Driver Distraction,medium,fined,DS/Teams,School Bus,Bilal Al Hashimi,BH,Emirates Transport,DXB-S-9861,Al Barsha,Mall of the Emirates,,"Acknowledge — minor, log only",no
TRG002771,2026-05-24T04:54:55,harsh,Harsh Driving,medium,open,MNVR,Public Bus,Ayman Al Awadhi,AA,Emirates Transport,DXB-B-6660,JBR,Jumeirah Beach Residence,66,Send to Stafteesh for fine assessment,no
TRG001316,2026-05-24T04:54:01,signal,No Signal,low,fined,MNVR,Taxi,Hamad Al Mansouri,HM,Cars Taxi,DXB-G-84237,Dubai Marina,Marina Walk,,Re-establish GPS handshake,no
TRG000734,2026-05-24T04:50:42,camera,Camera Disconnection,medium,closed,MNVR,Taxi,Ibrahim Al Hashimi,IH,Metro Taxi,DXB-J-40621,Mirdif,Mirdif City Centre Rd,,Escalate to fleet maintenance,no
TRG000867,2026-05-24T04:50:04,signal,No Signal,high,stafteesh,ETMP,Marine,Salim Al Falasi,SF,Dubai Marine Transport,MAR-732,Al Quoz,Al Asayel Street,,Acknowledge — temporary blackout zone,no
TRG000242,2026-05-24T04:48:33,signal,No Signal,medium,fined,DS/Teams,Taxi,Ahmed Al Zaabi,AZ,Arabia Taxi,DXB-L-12358,Al Barsha,Al Barsha Road,,Re-establish GPS handshake,no
TRG000893,2026-05-24T04:47:35,distraction,Driver Distraction,medium,closed,MNVR,Hourly Rental,Mahmoud Al Hashimi,MH,Al Naboodah Transport,DXB-H-80147,Dubai Marina,Sheikh Zayed Rd Junction,,Schedule supervisor review,no
TRG000729,2026-05-24T04:46:42,camera,Camera Disconnection,high,investigation,MNVR,Limousine & E-Hail,Fadi Al Naqbi,FN,Careem,DXB-H-11083,Al Barsha,Mall of the Emirates,,Run firmware reset remotely,no
TRG002155,2026-05-24T04:45:42,camera,Camera Disconnection,high,closed,ETMP,Marine,Rashid Al Qassimi,RQ,Dubai Marine Transport,MAR-979,Jumeirah,Umm Suqeim Road,,Escalate to fleet maintenance,no
TRG001498,2026-05-24T04:45:34,camera,Camera Disconnection,high,closed,DS/Teams,Taxi,Tariq Al Hashimi,TH,Citi Taxi,DXB-T-72268,Business Bay,Marasi Drive,,Escalate to fleet maintenance,no
TRG000039,2026-05-24T04:43:45,distraction,Driver Distraction,high,acknowledged,MNVR,Hourly Rental,Ibrahim Al Falasi,IF,Al Naboodah Transport,DXB-A-47988,Downtown Dubai,Financial Center Rd,,Issue formal warning — 2nd offense,no
TRG002686,2026-05-24T04:41:47,idling,Idling,low,open,DS/Teams,Limousine & E-Hail,Walid Al Zaabi,WZ,Careem,DXB-T-69642,Jumeirah,Al Wasl Road,,Acknowledge — within tolerance,no
TRG002258,2026-05-24T04:41:28,fatigue,Driver Fatigue,medium,open,DS/Teams,Taxi,Salim Al Awadhi,SA,Metro Taxi,DXB-P-67135,Jumeirah,Jumeirah Beach Road,,Confirm with supervisor & monitor,no
TRG002632,2026-05-24T04:41:18,signal,No Signal,medium,investigation,ETMP,Public Bus,Mahmoud Al Falasi,MF,RTA Public Buses,DXB-B-4382,Silicon Oasis,Wadi Al Safa St,,Re-establish GPS handshake,no
TRG000642,2026-05-24T04:40:11,camera,Camera Disconnection,medium,closed,DS/Teams,School Bus,Mahmoud Al Maktoum,MM,School Transport Services,DXB-S-1525,Deira,Baniyas Square,,Run firmware reset remotely,no
TRG001474,2026-05-24T04:40:02,camera,Camera Disconnection,low,acknowledged,MNVR,Public Bus,Hamad Al Falasi,HF,RTA Public Buses,DXB-B-8566,Deira,Al Rigga Road,,Dispatch field tech — recurring issue,no
TRG000239,2026-05-24T04:38:54,fatigue,Driver Fatigue,high,acknowledged,ETMP,Limousine & E-Hail,Sultan Al Mazrouei,SM,Hala Rides,DXB-N-96638,Deira,Al Maktoum Road,,Route to nearest rest stop,no
TRG000144,2026-05-24T04:38:36,harsh,Harsh Driving,high,acknowledged,DS/Teams,Taxi,Ibrahim Al Hammadi,IH,National Taxi,DXB-F-80369,Dubai Marina,Sheikh Zayed Rd Junction,99,Escalate to safety review board,no
TRG002221,2026-05-24T04:38:30,idling,Idling,medium,investigation,MNVR,Taxi,Omar Al Qassimi,OQ,Citi Taxi,DXB-J-21514,Downtown Dubai,Burj Khalifa Blvd,,Acknowledge — within tolerance,no
TRG002078,2026-05-24T04:37:27,idling,Idling,low,acknowledged,MNVR,Limousine & E-Hail,Mansour Al Tayer,MT,Careem,DXB-T-50561,Dubai Sports City,Sports City Boulevard,,Flag for daily review,no
TRG002597,2026-05-24T04:37:18,idling,Idling,low,closed,DS/Teams,Taxi,Nasser Al Falasi,NF,Metro Taxi,DXB-F-98155,Downtown Dubai,Financial Center Rd,,Auto-close — under 5min,no
TRG002624,2026-05-24T04:35:33,distraction,Driver Distraction,high,acknowledged,ETMP,School Bus,Khalid Al Mansouri,KM,Emirates Transport,DXB-S-4305,Silicon Oasis,Wadi Al Safa St,,Issue formal warning — 2nd offense,no
TRG001631,2026-05-24T04:34:53,fatigue,Driver Fatigue,high,open,DS/Teams,Limousine & E-Hail,Adel Al Hashimi,AH,Careem,DXB-L-98723,Business Bay,Al Abraj Street,,Instruct driver to take mandatory break,no
TRG000726,2026-05-24T04:33:53,distraction,Driver Distraction,high,open,DS/Teams,Limousine & E-Hail,Ibrahim Al Awadhi,IA,Hala Rides,DXB-K-70134,Deira,Gold Souq Street,,"Acknowledge — minor, log only",no
TRG001459,2026-05-24T04:32:52,camera,Camera Disconnection,medium,investigation,MNVR,Taxi,Nasser Al Suwaidi,NS,National Taxi,DXB-B-92223,Al Qusais,Al Nahda Road,,Verify cable connection at next stop,no
TRG002069,2026-05-24T04:32:39,idling,Idling,medium,closed,MNVR,Limousine & E-Hail,Ahmed Al Zaabi,AZ,Yango Premium,DXB-T-63589,Dubai Marina,Al Marsa Street,,Flag for daily review,no
TRG002525,2026-05-24T04:32:22,camera,Camera Disconnection,high,open,DS/Teams,Limousine & E-Hail,Salim Al Owais,SO,Genie Limousine,DXB-K-10557,Al Barsha,Mall of the Emirates,,Escalate to fleet maintenance,no
TRG001672,2026-05-24T04:32:03,distraction,Driver Distraction,high,closed,MNVR,Taxi,Rashid Al Qassimi,RQ,National Taxi,DXB-I-45741,JBR,The Beach Promenade,,Issue formal warning — 2nd offense,no
TRG001775,2026-05-24T04:31:53,fatigue,Driver Fatigue,low,open,MNVR,Public Bus,Ayman Al Mansouri,AM,Emirates Transport,DXB-B-7223,Al Quoz,Al Khail Road,,Route to nearest rest stop,no
TRG001444,2026-05-24T04:31:16,harsh,Harsh Driving,low,fined,ETMP,Public Bus,Ziad Al Falasi,ZF,Emirates Transport,DXB-B-7730,Deira,Baniyas Square,68,Log for end-of-shift review,no
TRG002386,2026-05-24T04:30:35,harsh,Harsh Driving,high,acknowledged,DS/Teams,Public Bus,Hamad Al Falasi,HF,RTA Public Buses,DXB-B-8586,Al Barsha,Mall of the Emirates,125,Log for end-of-shift review,no
TRG000341,2026-05-24T04:30:09,distraction,Driver Distraction,high,acknowledged,DS/Teams,Public Bus,Sultan Al Mazrouei,SM,RTA Public Buses,DXB-B-6214,Al Barsha,Sheikh Zayed Road,,"Acknowledge — minor, log only",no
TRG002293,2026-05-24T04:29:43,harsh,Harsh Driving,medium,open,DS/Teams,Taxi,Mansour Al Hashimi,MH,Citi Taxi,DXB-O-74948,Dubai Investment Park,Green Community,81,Escalate to safety review board,no
TRG002195,2026-05-24T04:28:24,fatigue,Driver Fatigue,high,closed,MNVR,Public Bus,Sultan Al Shamsi,SS,RTA Public Buses,DXB-B-9228,Al Barsha,Mall of the Emirates,,Instruct driver to take mandatory break,no
TRG000208,2026-05-24T04:27:24,idling,Idling,low,acknowledged,DS/Teams,Taxi,Ibrahim Al Marri,IM,Metro Taxi,DXB-C-61579,Al Rashidiya,Nadd Al Hamar Rd,,Send efficiency reminder to driver,no
TRG001454,2026-05-24T04:25:41,harsh,Harsh Driving,medium,investigation,MNVR,Marine,Bilal Al Falasi,BF,Dubai Marine Transport,MAR-465,JBR,The Walk,68,Log for end-of-shift review,no
TRG001480,2026-05-24T04:23:50,fatigue,Driver Fatigue,medium,closed,ETMP,School Bus,Sultan Al Hashimi,SH,Emirates Transport,DXB-S-8110,Al Quoz,Al Khail Road,,Confirm with supervisor & monitor,no
TRG002106,2026-05-24T04:23:32,camera,Camera Disconnection,high,escalated,DS/Teams,Taxi,Saeed Al Nuaimi,SN,Dubai Taxi Corporation,DXB-G-81290,Dubai Investment Park,Green Community,,Dispatch field tech — recurring issue,no
TRG001256,2026-05-24T04:23:31,harsh,Harsh Driving,high,closed,DS/Teams,Limousine & E-Hail,Marwan Al Hashimi,MH,Careem,DXB-O-73923,Jumeirah,Umm Suqeim Road,131,Escalate to safety review board,no
TRG001336,2026-05-24T04:23:23,distraction,Driver Distraction,low,closed,MNVR,Limousine & E-Hail,Ibrahim Al Mansouri,IM,Hala Rides,DXB-K-17698,Al Quoz,Al Khail Road,,Send live coaching prompt to driver,no
TRG001617,2026-05-24T04:23:13,harsh,Harsh Driving,medium,investigation,DS/Teams,Taxi,Saeed Al Tayer,ST,Dubai Taxi Corporation,DXB-A-89022,Business Bay,Al Abraj Street,77,Escalate to safety review board,no
TRG002159,2026-05-24T04:22:45,distraction,Driver Distraction,medium,acknowledged,MNVR,Public Bus,Mahmoud Al Nuaimi,MN,Emirates Transport,DXB-B-5473,Downtown Dubai,Financial Center Rd,,"Acknowledge — minor, log only",no
TRG002225,2026-05-24T04:20:17,harsh,Harsh Driving,medium,closed,DS/Teams,Marine,Salim Al Nuaimi,SN,Dubai Marine Transport,MAR-670,Jebel Ali,Ibn Battuta Road,79,Escalate to safety review board,no
TRG001967,2026-05-24T04:19:48,harsh,Harsh Driving,low,acknowledged,MNVR,Public Bus,Rashid Al Hashimi,RH,RTA Public Buses,DXB-B-2069,Deira,Gold Souq Street,49,Send to Stafteesh for fine assessment,no
TRG001815,2026-05-24T04:19:25,signal,No Signal,high,closed,MNVR,Taxi,Ibrahim Al Suwaidi,IS,Arabia Taxi,DXB-H-98390,Downtown Dubai,Burj Khalifa Blvd,,Re-establish GPS handshake,no
TRG001245,2026-05-24T04:19:10,distraction,Driver Distraction,high,acknowledged,DS/Teams,Limousine & E-Hail,Adel Al Mansouri,AM,Yango Premium,DXB-J-25359,Dubai Sports City,Sports City Boulevard,,Issue formal warning — 2nd offense,no
TRG002184,2026-05-24T04:17:35,idling,Idling,low,open,DS/Teams,Taxi,Omar Al Suwaidi,OS,Dubai Taxi Corporation,DXB-H-44059,Deira,Al Maktoum Road,,Acknowledge — within tolerance,no
TRG001737,2026-05-24T04:16:54,idling,Idling,medium,acknowledged,ETMP,Taxi,Fadi Al Shamsi,FS,Arabia Taxi,DXB-D-72008,Silicon Oasis,Sheikh Mohammed Bin Zayed Rd,,Send efficiency reminder to driver,no
TRG002030,2026-05-24T04:14:31,signal,No Signal,medium,acknowledged,DS/Teams,School Bus,Nasser Al Tayer,NT,School Transport Services,DXB-S-8320,Downtown Dubai,Sheikh Mohammed Bin Rashid Blvd,,Re-establish GPS handshake,no
TRG002298,2026-05-24T04:13:14,camera,Camera Disconnection,low,acknowledged,MNVR,Taxi,Fadi Al Maktoum,FM,National Taxi,DXB-T-65889,Al Barsha,Sheikh Zayed Road,,Run firmware reset remotely,no
TRG000762,2026-05-24T04:12:39,signal,No Signal,medium,open,ETMP,Public Bus,Salim Al Mazrouei,SM,RTA Public Buses,DXB-B-6970,Al Rashidiya,Airport Road,,Auto-resolve when signal restored,no
TRG001647,2026-05-24T04:09:50,camera,Camera Disconnection,medium,investigation,DS/Teams,Taxi,Sultan Al Marri,SM,Metro Taxi,DXB-A-66205,Dubai Marina,Al Marsa Street,,Run firmware reset remotely,no
TRG000433,2026-05-24T04:09:49,fatigue,Driver Fatigue,medium,stafteesh,MNVR,Marine,Yousef Al Zaabi,YZ,Dubai Marine Transport,MAR-811,JBR,The Walk,,Override dispatch — pull from rotation,no
TRG000924,2026-05-24T04:04:37,camera,Camera Disconnection,high,investigation,DS/Teams,Public Bus,Salim Al Nuaimi,SN,Emirates Transport,DXB-B-3815,JBR,Jumeirah Beach Residence,,Run firmware reset remotely,yes
TRG002580,2026-05-24T04:02:13,fatigue,Driver Fatigue,medium,open,ETMP,Marine,Omar Al Hammadi,OH,Dubai Marine Transport,MAR-283,Dubai Investment Park,Schoolzone Rd,,Confirm with supervisor & monitor,no
TRG002207,2026-05-24T04:01:36,signal,No Signal,high,open,MNVR,Taxi,Ibrahim Al Nuaimi,IN,National Taxi,DXB-H-81000,Deira,Al Rigga Road,,Auto-resolve when signal restored,no
TRG000287,2026-05-24T03:59:54,signal,No Signal,medium,closed,DS/Teams,Taxi,Tariq Al Hammadi,TH,National Taxi,DXB-H-52176,Silicon Oasis,Sheikh Mohammed Bin Zayed Rd,,Re-establish GPS handshake,no
TRG001406,2026-05-24T03:59:50,idling,Idling,low,acknowledged,DS/Teams,Marine,Ayman Al Awadhi,AA,Dubai Marine Transport,MAR-772,Business Bay,Marasi Drive,,Send efficiency reminder to driver,no
TRG000706,2026-05-24T03:59:24,fatigue,Driver Fatigue,high,open,MNVR,Taxi,Khalid Al Falasi,KF,Cars Taxi,DXB-Q-69211,Downtown Dubai,Mohammed Bin Rashid Blvd,,Override dispatch — pull from rotation,no
TRG002746,2026-05-24T03:58:55,idling,Idling,low,investigation,MNVR,Limousine & E-Hail,Mahmoud Al Awadhi,MA,Yango Premium,DXB-A-26550,Downtown Dubai,Burj Khalifa Blvd,,Send efficiency reminder to driver,no
TRG000132,2026-05-24T03:58:42,idling,Idling,low,open,ETMP,Taxi,Tariq Al Shamsi,TS,Citi Taxi,DXB-A-12549,Business Bay,Marasi Drive,,Acknowledge — within tolerance,no
TRG001110,2026-05-24T03:58:14,camera,Camera Disconnection,high,investigation,DS/Teams,Taxi,Mahmoud Al Mazrouei,MM,Citi Taxi,DXB-N-96628,Al Quoz,Al Asayel Street,,Run firmware reset remotely,no
TRG002194,2026-05-24T03:58:14,idling,Idling,medium,open,MNVR,Limousine & E-Hail,Omar Al Tayer,OT,Hala Rides,DXB-K-24700,Dubai Marina,Al Marsa Street,,Acknowledge — within tolerance,no
TRG002176,2026-05-24T03:57:51,signal,No Signal,high,closed,DS/Teams,School Bus,Marwan Al Nuaimi,MN,Emirates Transport,DXB-S-1218,Business Bay,Business Bay Crossing,,Dispatch tech if persistent >15min,no
TRG000691,2026-05-24T03:57:29,harsh,Harsh Driving,high,acknowledged,DS/Teams,Taxi,Yousef Al Naqbi,YN,Cars Taxi,DXB-P-84806,Downtown Dubai,Mohammed Bin Rashid Blvd,125,Log for end-of-shift review,no
TRG001757,2026-05-24T03:56:13,harsh,Harsh Driving,high,open,DS/Teams,School Bus,Hassan Al Shamsi,HS,School Transport Services,DXB-S-5102,Dubai Investment Park,Green Community,117,Issue coaching alert to driver,no
TRG000601,2026-05-24T03:55:05,harsh,Harsh Driving,medium,acknowledged,DS/Teams,Marine,Omar Al Suwaidi,OS,Dubai Marine Transport,MAR-541,Downtown Dubai,Mohammed Bin Rashid Blvd,60,Issue coaching alert to driver,no
TRG001765,2026-05-24T03:54:52,fatigue,Driver Fatigue,medium,open,ETMP,Marine,Bilal Al Maktoum,BM,Dubai Marine Transport,MAR-712,Business Bay,Business Bay Crossing,,Instruct driver to take mandatory break,no
TRG000830,2026-05-24T03:53:22,harsh,Harsh Driving,medium,fined,MNVR,Public Bus,Marwan Al Awadhi,MA,Emirates Transport,DXB-B-3133,Mirdif,Mirdif City Centre Rd,80,Issue coaching alert to driver,no
TRG002713,2026-05-24T03:52:51,fatigue,Driver Fatigue,high,closed,MNVR,Limousine & E-Hail,Ahmed Al Mazrouei,AM,Hala Rides,DXB-K-32732,Al Qusais,Damascus Street,,Instruct driver to take mandatory break,no
TRG000818,2026-05-24T03:52:07,fatigue,Driver Fatigue,high,closed,MNVR,Limousine & E-Hail,Nasser Al Shamsi,NS,Genie Limousine,DXB-C-64901,Business Bay,Business Bay Crossing,,Confirm with supervisor & monitor,no
TRG001096,2026-05-24T03:49:03,distraction,Driver Distraction,high,closed,MNVR,Taxi,Ibrahim Al Mansouri,IM,National Taxi,DXB-S-99307,Business Bay,Bay Avenue,,Issue formal warning — 2nd offense,no
TRG002787,2026-05-24T03:48:41,camera,Camera Disconnection,medium,open,DS/Teams,Limousine & E-Hail,Yousef Al Mansouri,YM,Uber Fleet,DXB-E-79314,Dubai Marina,Al Marsa Street,,Dispatch field tech — recurring issue,no
TRG000613,2026-05-24T03:48:04,signal,No Signal,medium,open,MNVR,Public Bus,Bilal Al Hammadi,BH,RTA Public Buses,DXB-B-7889,Business Bay,Al Abraj Street,,Acknowledge — temporary blackout zone,no
TRG000048,2026-05-24T03:47:57,fatigue,Driver Fatigue,medium,open,MNVR,Marine,Rashid Al Hashimi,RH,Dubai Marine Transport,MAR-650,Business Bay,Business Bay Crossing,,Override dispatch — pull from rotation,no
TRG000291,2026-05-24T03:47:08,harsh,Harsh Driving,medium,stafteesh,DS/Teams,Taxi,Hamad Al Nuaimi,HN,Arabia Taxi,DXB-C-87619,Deira,Al Rigga Road,88,Log for end-of-shift review,no
TRG001428,2026-05-24T03:43:55,fatigue,Driver Fatigue,high,investigation,MNVR,Limousine & E-Hail,Sultan Al Zaabi,SZ,Careem,DXB-R-44849,Jumeirah,Al Wasl Road,,Instruct driver to take mandatory break,no
TRG000076,2026-05-24T03:43:44,fatigue,Driver Fatigue,high,open,MNVR,Hourly Rental,Rashid Al Suwaidi,RS,Hala Rides,DXB-D-18345,Business Bay,Marasi Drive,,Route to nearest rest stop,no
TRG000629,2026-05-24T03:43:04,fatigue,Driver Fatigue,high,closed,ETMP,Taxi,Faisal Al Zaabi,FZ,Cars Taxi,DXB-J-24366,Jebel Ali,Ibn Battuta Road,,Route to nearest rest stop,no
TRG000354,2026-05-24T03:42:15,distraction,Driver Distraction,high,open,DS/Teams,Taxi,Walid Al Naqbi,WN,Dubai Taxi Corporation,DXB-E-21119,Downtown Dubai,Mohammed Bin Rashid Blvd,,Send live coaching prompt to driver,yes
TRG001054,2026-05-24T03:41:15,camera,Camera Disconnection,high,stafteesh,DS/Teams,Taxi,Ayman Al Falasi,AF,National Taxi,DXB-R-57685,Deira,Baniyas Square,,Verify cable connection at next stop,no
TRG000941,2026-05-24T03:38:58,distraction,Driver Distraction,medium,closed,MNVR,Marine,Karim Al Hammadi,KH,Dubai Marine Transport,MAR-774,Al Qusais,Damascus Street,,Schedule supervisor review,no
TRG000089,2026-05-24T03:35:56,distraction,Driver Distraction,low,stafteesh,ETMP,Taxi,Karim Al Maktoum,KM,National Taxi,DXB-S-52816,Jumeirah,Umm Suqeim Road,,Schedule supervisor review,no
TRG001476,2026-05-24T03:35:02,camera,Camera Disconnection,high,closed,ETMP,Taxi,Ayman Al Owais,AO,Cars Taxi,DXB-F-99745,Al Quoz,Al Asayel Street,,Verify cable connection at next stop,no
TRG001218,2026-05-24T03:32:09,distraction,Driver Distraction,medium,closed,DS/Teams,School Bus,Ibrahim Al Qassimi,IQ,Emirates Transport,DXB-S-9029,Mirdif,Algeria Street,,"Acknowledge — minor, log only",no
TRG000950,2026-05-24T03:31:27,harsh,Harsh Driving,medium,investigation,ETMP,Taxi,Ibrahim Al Naqbi,IN,Arabia Taxi,DXB-N-49089,Deira,Al Maktoum Road,86,Log for end-of-shift review,no
TRG001460,2026-05-24T03:31:13,distraction,Driver Distraction,high,open,ETMP,Limousine & E-Hail,Adel Al Hammadi,AH,Uber Fleet,DXB-K-76011,Silicon Oasis,Wadi Al Safa St,,Schedule supervisor review,no
TRG001576,2026-05-24T03:30:51,camera,Camera Disconnection,low,acknowledged,DS/Teams,Taxi,Nasser Al Maktoum,NM,Metro Taxi,DXB-E-10842,Dubai Investment Park,Schoolzone Rd,,Run firmware reset remotely,no
TRG000463,2026-05-24T03:29:41,harsh,Harsh Driving,low,investigation,MNVR,Hourly Rental,Saeed Al Hashimi,SH,Careem,DXB-B-34068,Downtown Dubai,Financial Center Rd,44,Log for end-of-shift review,no
TRG000090,2026-05-24T03:29:36,fatigue,Driver Fatigue,high,fined,MNVR,Taxi,Hamad Al Nuaimi,HN,National Taxi,DXB-J-90914,Dubai Marina,Marina Walk,,Route to nearest rest stop,no
TRG000544,2026-05-24T03:28:45,fatigue,Driver Fatigue,high,investigation,DS/Teams,Hourly Rental,Hamad Al Tayer,HT,Al Naboodah Transport,DXB-B-40429,Business Bay,Al Abraj Street,,Route to nearest rest stop,no
TRG000741,2026-05-24T03:28:28,harsh,Harsh Driving,medium,fined,MNVR,Public Bus,Ahmed Al Suwaidi,AS,Emirates Transport,DXB-B-4703,Al Rashidiya,Rashidiya Metro Rd,67,Log for end-of-shift review,no
TRG000912,2026-05-24T03:27:43,distraction,Driver Distraction,high,open,ETMP,Public Bus,Adel Al Awadhi,AA,RTA Public Buses,DXB-B-6380,Deira,Gold Souq Street,,"Acknowledge — minor, log only",no
TRG000248,2026-05-24T03:26:00,harsh,Harsh Driving,medium,open,MNVR,School Bus,Ayman Al Falasi,AF,Emirates Transport,DXB-S-8367,Al Barsha,Mall of the Emirates,84,Issue coaching alert to driver,yes
TRG001863,2026-05-24T03:24:50,fatigue,Driver Fatigue,low,stafteesh,DS/Teams,Limousine & E-Hail,Marwan Al Mansouri,MM,Yango Premium,DXB-C-71096,JBR,The Walk,,Confirm with supervisor & monitor,no
TRG002419,2026-05-24T03:23:01,fatigue,Driver Fatigue,high,open,MNVR,Marine,Yousef Al Awadhi,YA,Dubai Marine Transport,MAR-876,JBR,The Walk,,Confirm with supervisor & monitor,no
TRG002427,2026-05-24T03:22:50,harsh,Harsh Driving,high,closed,DS/Teams,School Bus,Faisal Al Zaabi,FZ,Emirates Transport,DXB-S-4712,Business Bay,Marasi Drive,99,Escalate to safety review board,no
TRG000327,2026-05-24T03:21:17,signal,No Signal,high,closed,MNVR,Hourly Rental,Sultan Al Owais,SO,Hala Rides,DXB-P-31000,Al Quoz,Al Khail Road,,Auto-resolve when signal restored,yes
TRG002234,2026-05-24T03:21:11,idling,Idling,low,closed,ETMP,Public Bus,Mohammed Al Awadhi,MA,Emirates Transport,DXB-B-3477,Business Bay,Business Bay Crossing,,Flag for daily review,no
TRG002154,2026-05-24T03:20:40,distraction,Driver Distraction,low,stafteesh,ETMP,Taxi,Walid Al Tayer,WT,National Taxi,DXB-R-99299,Silicon Oasis,Sheikh Mohammed Bin Zayed Rd,,Send live coaching prompt to driver,no
TRG002374,2026-05-24T03:20:27,signal,No Signal,low,closed,MNVR,Taxi,Adel Al Qassimi,AQ,National Taxi,DXB-P-52558,Dubai Marina,King Salman Bin Abdulaziz Al Saud St,,Dispatch tech if persistent >15min,no
TRG002074,2026-05-24T03:20:20,harsh,Harsh Driving,medium,closed,MNVR,Hourly Rental,Tariq Al Hashimi,TH,Hala Rides,DXB-F-77879,Al Barsha,Mall of the Emirates,60,Escalate to safety review board,no
TRG002007,2026-05-24T03:17:51,signal,No Signal,medium,escalated,MNVR,Taxi,Saeed Al Nuaimi,SN,National Taxi,DXB-J-63933,Jumeirah,Jumeirah Beach Road,,Acknowledge — temporary blackout zone,no
TRG001193,2026-05-24T03:16:14,harsh,Harsh Driving,medium,open,ETMP,School Bus,Yousef Al Suwaidi,YS,School Transport Services,DXB-S-1476,Al Qusais,Al Nahda Road,86,Issue coaching alert to driver,no
TRG002459,2026-05-24T03:13:33,harsh,Harsh Driving,high,closed,DS/Teams,Limousine & E-Hail,Nasser Al Nuaimi,NN,Uber Fleet,DXB-D-96669,Al Barsha,Al Barsha Road,138,Escalate to safety review board,no
TRG000767,2026-05-24T03:09:40,fatigue,Driver Fatigue,medium,stafteesh,MNVR,Taxi,Khalid Al Nuaimi,KN,Citi Taxi,DXB-C-53167,Business Bay,Business Bay Crossing,,Instruct driver to take mandatory break,no
TRG002646,2026-05-24T03:08:05,idling,Idling,medium,open,MNVR,Taxi,Ayman Al Mansouri,AM,Arabia Taxi,DXB-M-65799,Dubai Investment Park,Green Community,,Auto-close — under 5min,no
TRG001788,2026-05-24T03:07:57,idling,Idling,low,closed,ETMP,School Bus,Fadi Al Falasi,FF,School Transport Services,DXB-S-7126,Al Quoz,Al Meydan Road,,Acknowledge — within tolerance,no
TRG002300,2026-05-24T03:04:58,fatigue,Driver Fatigue,medium,stafteesh,MNVR,School Bus,Tariq Al Shamsi,TS,Emirates Transport,DXB-S-7524,Dubai Investment Park,Schoolzone Rd,,Override dispatch — pull from rotation,no
TRG000988,2026-05-24T03:04:33,idling,Idling,medium,open,ETMP,School Bus,Hassan Al Maktoum,HM,School Transport Services,DXB-S-7398,Downtown Dubai,Mohammed Bin Rashid Blvd,,Acknowledge — within tolerance,no
TRG000256,2026-05-24T03:04:23,distraction,Driver Distraction,low,closed,ETMP,Marine,Khalid Al Zaabi,KZ,Dubai Marine Transport,MAR-541,Dubai Marina,King Salman Bin Abdulaziz Al Saud St,,"Acknowledge — minor, log only",no
TRG001191,2026-05-24T03:03:00,idling,Idling,low,closed,ETMP,Taxi,Hamad Al Qassimi,HQ,Cars Taxi,DXB-Q-98789,Downtown Dubai,Burj Khalifa Blvd,,Auto-close — under 5min,no
TRG001365,2026-05-24T03:02:32,signal,No Signal,high,investigation,ETMP,Taxi,Mohammed Al Hashimi,MH,Citi Taxi,DXB-K-47876,Downtown Dubai,Burj Khalifa Blvd,,Auto-resolve when signal restored,no
TRG001972,2026-05-24T03:01:00,signal,No Signal,low,stafteesh,DS/Teams,Hourly Rental,Rashid Al Hammadi,RH,Hala Rides,DXB-K-29904,Dubai Investment Park,Green Community,,Dispatch tech if persistent >15min,no
TRG000797,2026-05-24T03:00:47,distraction,Driver Distraction,high,open,MNVR,School Bus,Omar Al Hammadi,OH,School Transport Services,DXB-S-3524,Jumeirah,Umm Suqeim Road,,Schedule supervisor review,no
TRG001408,2026-05-24T02:58:54,distraction,Driver Distraction,medium,acknowledged,MNVR,Marine,Mohammed Al Naqbi,MN,Dubai Marine Transport,MAR-909,Jebel Ali,Jebel Ali Free Zone,,Issue formal warning — 2nd offense,no
TRG001510,2026-05-24T02:57:29,harsh,Harsh Driving,high,closed,DS/Teams,Taxi,Nasser Al Mansouri,NM,Cars Taxi,DXB-R-74044,JBR,The Beach Promenade,122,Issue coaching alert to driver,no
TRG001696,2026-05-24T02:55:49,harsh,Harsh Driving,high,acknowledged,MNVR,Taxi,Bilal Al Zaabi,BZ,Metro Taxi,DXB-F-63046,Business Bay,Bay Avenue,124,Issue coaching alert to driver,no
TRG000820,2026-05-24T02:55:19,signal,No Signal,low,fined,DS/Teams,School Bus,Tariq Al Falasi,TF,Emirates Transport,DXB-S-4644,Jumeirah,Umm Suqeim Road,,Acknowledge — temporary blackout zone,no
TRG002335,2026-05-24T02:55:11,idling,Idling,medium,open,DS/Teams,Taxi,Walid Al Hammadi,WH,National Taxi,DXB-T-38696,Downtown Dubai,Mohammed Bin Rashid Blvd,,Auto-close — under 5min,no
TRG000135,2026-05-24T02:54:17,camera,Camera Disconnection,low,open,MNVR,Public Bus,Mansour Al Owais,MO,Emirates Transport,DXB-B-1877,Silicon Oasis,Wadi Al Safa St,,Escalate to fleet maintenance,no
TRG002478,2026-05-24T02:53:26,idling,Idling,low,closed,MNVR,Hourly Rental,Saeed Al Zaabi,SZ,Al Naboodah Transport,DXB-H-31818,Al Qusais,Al Nahda Road,,Send efficiency reminder to driver,no
TRG002784,2026-05-24T02:53:20,harsh,Harsh Driving,low,closed,MNVR,Public Bus,Ahmed Al Owais,AO,RTA Public Buses,DXB-B-9885,Dubai Marina,King Salman Bin Abdulaziz Al Saud St,46,Log for end-of-shift review,no
TRG002380,2026-05-24T02:52:58,harsh,Harsh Driving,high,open,MNVR,Taxi,Mahmoud Al Marri,MM,Dubai Taxi Corporation,DXB-R-81635,Dubai Marina,Marina Walk,82,Issue coaching alert to driver,no
TRG001493,2026-05-24T02:51:54,harsh,Harsh Driving,medium,acknowledged,DS/Teams,Hourly Rental,Sultan Al Zaabi,SZ,Al Naboodah Transport,DXB-N-73775,Dubai Marina,Marina Walk,67,Issue coaching alert to driver,no
TRG002442,2026-05-24T02:51:40,camera,Camera Disconnection,low,closed,DS/Teams,Hourly Rental,Fadi Al Tayer,FT,Al Naboodah Transport,DXB-A-22506,Jebel Ali,Jebel Ali Free Zone,,Escalate to fleet maintenance,no
TRG001319,2026-05-24T02:51:00,signal,No Signal,low,closed,DS/Teams,Taxi,Mansour Al Tayer,MT,National Taxi,DXB-G-70996,Dubai Sports City,Els Club Rd,,Dispatch tech if persistent >15min,no
TRG002283,2026-05-24T02:49:27,fatigue,Driver Fatigue,medium,closed,ETMP,Taxi,Mansour Al Hashimi,MH,Metro Taxi,DXB-R-85886,Dubai Sports City,Els Club Rd,,Route to nearest rest stop,yes
TRG000140,2026-05-24T02:47:05,fatigue,Driver Fatigue,high,open,MNVR,Public Bus,Mohammed Al Marri,MM,RTA Public Buses,DXB-B-4908,Dubai Marina,Sheikh Zayed Rd Junction,,Override dispatch — pull from rotation,no
TRG001180,2026-05-24T02:45:09,signal,No Signal,high,closed,DS/Teams,Hourly Rental,Yousef Al Qassimi,YQ,Careem,DXB-N-56007,Business Bay,Al Abraj Street,,Re-establish GPS handshake,no
TRG000900,2026-05-24T02:44:17,distraction,Driver Distraction,high,closed,ETMP,School Bus,Fadi Al Awadhi,FA,Emirates Transport,DXB-S-1432,Jumeirah,Umm Suqeim Road,,"Acknowledge — minor, log only",no
TRG000009,2026-05-24T02:43:37,harsh,Harsh Driving,high,closed,DS/Teams,School Bus,Ibrahim Al Awadhi,IA,Emirates Transport,DXB-S-2696,Al Rashidiya,Rashidiya Metro Rd,110,Send to Stafteesh for fine assessment,no
TRG000322,2026-05-24T02:43:11,distraction,Driver Distraction,high,open,MNVR,Taxi,Hassan Al Naqbi,HN,Arabia Taxi,DXB-O-87601,Deira,Al Rigga Road,,"Acknowledge — minor, log only",no
TRG000543,2026-05-24T02:42:10,fatigue,Driver Fatigue,high,open,DS/Teams,Taxi,Adel Al Tayer,AT,Citi Taxi,DXB-I-15463,Downtown Dubai,Mohammed Bin Rashid Blvd,,Instruct driver to take mandatory break,no
TRG000978,2026-05-24T02:39:52,fatigue,Driver Fatigue,medium,investigation,DS/Teams,Taxi,Faisal Al Marri,FM,Cars Taxi,DXB-G-61931,Al Rashidiya,Rashidiya Metro Rd,,Override dispatch — pull from rotation,no
TRG002233,2026-05-24T02:37:27,distraction,Driver Distraction,medium,open,MNVR,School Bus,Ziad Al Owais,ZO,Emirates Transport,DXB-S-8500,Silicon Oasis,Sheikh Mohammed Bin Zayed Rd,,Issue formal warning — 2nd offense,no
TRG000720,2026-05-24T02:34:42,idling,Idling,medium,open,ETMP,Taxi,Karim Al Tayer,KT,Arabia Taxi,DXB-Q-26520,Downtown Dubai,Mohammed Bin Rashid Blvd,,Auto-close — under 5min,no
TRG001048,2026-05-24T02:30:03,distraction,Driver Distraction,medium,open,MNVR,Limousine & E-Hail,Yousef Al Mansouri,YM,Uber Fleet,DXB-Q-19193,Business Bay,Bay Avenue,,Issue formal warning — 2nd offense,no
TRG001450,2026-05-24T02:29:04,distraction,Driver Distraction,low,investigation,MNVR,Taxi,Omar Al Hashimi,OH,Dubai Taxi Corporation,DXB-D-46830,Al Quoz,Al Asayel Street,,"Acknowledge — minor, log only",no
TRG000096,2026-05-24T02:28:01,harsh,Harsh Driving,medium,acknowledged,ETMP,Taxi,Hamad Al Falasi,HF,Metro Taxi,DXB-T-56592,Al Qusais,Beirut Street,80,Issue coaching alert to driver,no
TRG002321,2026-05-24T02:27:42,distraction,Driver Distraction,medium,closed,MNVR,Limousine & E-Hail,Walid Al Nuaimi,WN,Genie Limousine,DXB-P-60275,Downtown Dubai,Financial Center Rd,,Send live coaching prompt to driver,no
TRG001175,2026-05-24T02:27:41,harsh,Harsh Driving,high,open,DS/Teams,Taxi,Rashid Al Suwaidi,RS,Arabia Taxi,DXB-R-34544,Dubai Investment Park,Green Community,108,Issue coaching alert to driver,no
TRG002721,2026-05-24T02:27:11,camera,Camera Disconnection,high,acknowledged,DS/Teams,Hourly Rental,Sultan Al Naqbi,SN,Hala Rides,DXB-Q-11350,Downtown Dubai,Burj Khalifa Blvd,,Run firmware reset remotely,no
TRG001732,2026-05-24T02:22:22,camera,Camera Disconnection,high,investigation,DS/Teams,School Bus,Walid Al Falasi,WF,School Transport Services,DXB-S-7423,Dubai Investment Park,Green Community,,Verify cable connection at next stop,no
TRG000684,2026-05-24T02:22:16,distraction,Driver Distraction,medium,open,ETMP,Public Bus,Fadi Al Nuaimi,FN,RTA Public Buses,DXB-B-4450,Dubai Investment Park,Schoolzone Rd,,"Acknowledge — minor, log only",no
TRG001131,2026-05-24T02:22:10,harsh,Harsh Driving,medium,open,ETMP,Taxi,Ziad Al Owais,ZO,Arabia Taxi,DXB-K-70698,Business Bay,Bay Avenue,70,Escalate to safety review board,no
TRG001375,2026-05-24T02:22:04,idling,Idling,low,stafteesh,ETMP,Hourly Rental,Ziad Al Mansouri,ZM,Al Naboodah Transport,DXB-G-74874,JBR,The Walk,,Acknowledge — within tolerance,no
TRG000666,2026-05-24T02:21:28,distraction,Driver Distraction,medium,investigation,MNVR,Marine,Omar Al Maktoum,OM,Dubai Marine Transport,MAR-436,Mirdif,Mirdif City Centre Rd,,Send live coaching prompt to driver,no
TRG000982,2026-05-24T02:20:51,harsh,Harsh Driving,high,investigation,MNVR,Taxi,Mansour Al Naqbi,MN,Cars Taxi,DXB-I-33178,Business Bay,Marasi Drive,106,Log for end-of-shift review,no
TRG001367,2026-05-24T02:18:40,fatigue,Driver Fatigue,medium,open,DS/Teams,Public Bus,Omar Al Zaabi,OZ,Emirates Transport,DXB-B-8285,Jebel Ali,Ibn Battuta Road,,Override dispatch — pull from rotation,no
TRG000750,2026-05-24T02:16:34,harsh,Harsh Driving,high,open,DS/Teams,School Bus,Ibrahim Al Suwaidi,IS,School Transport Services,DXB-S-2824,Jumeirah,Umm Suqeim Road,127,Send to Stafteesh for fine assessment,no
TRG001418,2026-05-24T02:16:34,idling,Idling,medium,escalated,DS/Teams,Taxi,Ziad Al Tayer,ZT,Citi Taxi,DXB-D-67501,Dubai Marina,King Salman Bin Abdulaziz Al Saud St,,Acknowledge — within tolerance,no
TRG000449,2026-05-24T02:15:58,idling,Idling,low,escalated,DS/Teams,Taxi,Khalid Al Naqbi,KN,Cars Taxi,DXB-R-78071,JBR,The Beach Promenade,,Send efficiency reminder to driver,no
TRG001851,2026-05-24T02:15:09,harsh,Harsh Driving,low,open,ETMP,Taxi,Ahmed Al Falasi,AF,Cars Taxi,DXB-J-43657,Al Quoz,Al Asayel Street,65,Log for end-of-shift review,no
TRG001411,2026-05-24T02:11:23,harsh,Harsh Driving,high,closed,MNVR,Taxi,Mahmoud Al Falasi,MF,Arabia Taxi,DXB-N-47088,JBR,The Walk,109,Log for end-of-shift review,no
TRG001549,2026-05-24T02:11:02,distraction,Driver Distraction,medium,open,MNVR,School Bus,Mahmoud Al Tayer,MT,School Transport Services,DXB-S-5878,Al Qusais,Al Nahda Road,,Schedule supervisor review,no
TRG000439,2026-05-24T02:09:17,distraction,Driver Distraction,medium,acknowledged,ETMP,Taxi,Khalid Al Shamsi,KS,National Taxi,DXB-D-73622,Al Qusais,Damascus Street,,Schedule supervisor review,no
TRG001060,2026-05-24T02:06:58,idling,Idling,high,acknowledged,MNVR,Public Bus,Rashid Al Qassimi,RQ,RTA Public Buses,DXB-B-9044,Deira,Baniyas Square,,Auto-close — under 5min,no
TRG001660,2026-05-24T02:05:18,harsh,Harsh Driving,medium,investigation,MNVR,Limousine & E-Hail,Omar Al Marri,OM,Genie Limousine,DXB-D-77650,Silicon Oasis,Wadi Al Safa St,85,Escalate to safety review board,no
TRG002683,2026-05-24T02:05:14,distraction,Driver Distraction,high,investigation,DS/Teams,Taxi,Khalid Al Suwaidi,KS,Metro Taxi,DXB-B-18463,Mirdif,Tripoli Street,,"Acknowledge — minor, log only",no
TRG002704,2026-05-24T02:00:50,signal,No Signal,low,investigation,ETMP,Taxi,Bilal Al Marri,BM,Metro Taxi,DXB-Q-76243,Silicon Oasis,Sheikh Mohammed Bin Zayed Rd,,Re-establish GPS handshake,no
TRG000861,2026-05-24T01:58:28,signal,No Signal,low,open,DS/Teams,Limousine & E-Hail,Mahmoud Al Hashimi,MH,Genie Limousine,DXB-P-29696,Jumeirah,Umm Suqeim Road,,Re-establish GPS handshake,yes
TRG001891,2026-05-24T01:58:02,camera,Camera Disconnection,high,stafteesh,ETMP,Public Bus,Hamad Al Mazrouei,HM,RTA Public Buses,DXB-B-3846,JBR,Jumeirah Beach Residence,,Run firmware reset remotely,no
TRG001963,2026-05-24T01:55:09,camera,Camera Disconnection,medium,acknowledged,DS/Teams,Hourly Rental,Mansour Al Zaabi,MZ,Al Naboodah Transport,DXB-A-92988,JBR,Jumeirah Beach Residence,,Verify cable connection at next stop,no
TRG001095,2026-05-24T01:53:41,fatigue,Driver Fatigue,medium,acknowledged,MNVR,School Bus,Salim Al Tayer,ST,Emirates Transport,DXB-S-9487,Jumeirah,Al Wasl Road,,Route to nearest rest stop,no
TRG001080,2026-05-24T01:52:28,fatigue,Driver Fatigue,low,acknowledged,DS/Teams,Marine,Tariq Al Owais,TO,Dubai Marine Transport,MAR-276,Deira,Al Rigga Road,,Route to nearest rest stop,no
TRG001922,2026-05-24T01:52:24,harsh,Harsh Driving,medium,open,DS/Teams,Hourly Rental,Ziad Al Marri,ZM,Careem,DXB-B-74749,Jebel Ali,Sheikh Zayed Road,60,Log for end-of-shift review,no
TRG002735,2026-05-24T01:50:12,fatigue,Driver Fatigue,medium,open,DS/Teams,Taxi,Mansour Al Marri,MM,Arabia Taxi,DXB-P-81963,Dubai Marina,Marina Walk,,Instruct driver to take mandatory break,no
TRG002406,2026-05-24T01:48:47,idling,Idling,low,investigation,DS/Teams,Taxi,Marwan Al Awadhi,MA,National Taxi,DXB-F-66274,Dubai Marina,Sheikh Zayed Rd Junction,,Acknowledge — within tolerance,no
TRG001758,2026-05-24T01:48:25,fatigue,Driver Fatigue,high,open,ETMP,Taxi,Sultan Al Awadhi,SA,Arabia Taxi,DXB-N-96205,Al Barsha,Al Barsha Road,,Confirm with supervisor & monitor,no
TRG000747,2026-05-24T01:47:19,fatigue,Driver Fatigue,high,open,DS/Teams,Public Bus,Bilal Al Hammadi,BH,Emirates Transport,DXB-B-2768,Al Quoz,Al Khail Road,,Override dispatch — pull from rotation,no
TRG001138,2026-05-24T01:46:44,signal,No Signal,high,acknowledged,DS/Teams,Limousine & E-Hail,Omar Al Marri,OM,Genie Limousine,DXB-L-73942,Silicon Oasis,Sheikh Mohammed Bin Zayed Rd,,Auto-resolve when signal restored,no
TRG001182,2026-05-24T01:46:14,distraction,Driver Distraction,medium,stafteesh,DS/Teams,Taxi,Mahmoud Al Naqbi,MN,Cars Taxi,DXB-Q-27744,Al Quoz,Al Meydan Road,,"Acknowledge — minor, log only",no
TRG001294,2026-05-24T01:46:02,distraction,Driver Distraction,low,open,DS/Teams,Taxi,Ibrahim Al Awadhi,IA,Dubai Taxi Corporation,DXB-E-90166,Downtown Dubai,Burj Khalifa Blvd,,"Acknowledge — minor, log only",no
TRG001013,2026-05-24T01:45:32,signal,No Signal,medium,acknowledged,DS/Teams,Taxi,Yousef Al Naqbi,YN,Arabia Taxi,DXB-C-37249,JBR,Jumeirah Beach Residence,,Dispatch tech if persistent >15min,no
TRG002027,2026-05-24T01:43:46,harsh,Harsh Driving,high,open,MNVR,Taxi,Bilal Al Falasi,BF,Metro Taxi,DXB-G-86259,Al Quoz,Al Khail Road,112,Issue coaching alert to driver,no
TRG002667,2026-05-24T01:42:33,distraction,Driver Distraction,high,acknowledged,ETMP,Limousine & E-Hail,Ziad Al Hashimi,ZH,Careem,DXB-D-32532,Business Bay,Al Abraj Street,,Send live coaching prompt to driver,no
TRG002127,2026-05-24T01:39:58,distraction,Driver Distraction,high,stafteesh,ETMP,Taxi,Fadi Al Marri,FM,Dubai Taxi Corporation,DXB-K-77755,Jumeirah,Jumeirah Beach Road,,Schedule supervisor review,no
TRG002492,2026-05-24T01:39:26,harsh,Harsh Driving,high,closed,ETMP,Limousine & E-Hail,Ziad Al Shamsi,ZS,Hala Rides,DXB-Q-42350,JBR,The Walk,124,Send to Stafteesh for fine assessment,no
TRG000587,2026-05-24T01:39:11,signal,No Signal,medium,closed,MNVR,Limousine & E-Hail,Ahmed Al Hashimi,AH,Genie Limousine,DXB-E-34476,Downtown Dubai,Mohammed Bin Rashid Blvd,,Re-establish GPS handshake,no
TRG001796,2026-05-24T01:39:10,harsh,Harsh Driving,high,acknowledged,MNVR,Hourly Rental,Nasser Al Hammadi,NH,Hala Rides,DXB-F-47307,Dubai Investment Park,DIP First Road,119,Escalate to safety review board,no
TRG002099,2026-05-24T01:38:42,distraction,Driver Distraction,medium,closed,DS/Teams,Taxi,Ziad Al Marri,ZM,Dubai Taxi Corporation,DXB-E-52381,Jumeirah,Jumeirah Beach Road,,"Acknowledge — minor, log only",no
TRG000790,2026-05-24T01:38:39,fatigue,Driver Fatigue,high,fined,ETMP,School Bus,Nasser Al Awadhi,NA,Emirates Transport,DXB-S-4358,Al Qusais,Beirut Street,,Override dispatch — pull from rotation,no
TRG001844,2026-05-24T01:37:40,camera,Camera Disconnection,high,acknowledged,ETMP,Taxi,Walid Al Qassimi,WQ,National Taxi,DXB-O-54977,Al Quoz,Al Meydan Road,,Verify cable connection at next stop,no
TRG000799,2026-05-24T01:36:33,idling,Idling,low,open,MNVR,Taxi,Bilal Al Mansouri,BM,Arabia Taxi,DXB-R-27352,Jumeirah,Al Wasl Road,,Flag for daily review,no
TRG002113,2026-05-24T01:34:40,fatigue,Driver Fatigue,high,acknowledged,MNVR,Taxi,Walid Al Zaabi,WZ,Metro Taxi,DXB-G-17933,Deira,Al Rigga Road,,Instruct driver to take mandatory break,no
TRG001409,2026-05-24T01:34:20,camera,Camera Disconnection,low,stafteesh,DS/Teams,Limousine & E-Hail,Hamad Al Awadhi,HA,Uber Fleet,DXB-B-32718,Jumeirah,Al Wasl Road,,Escalate to fleet maintenance,no
TRG000983,2026-05-24T01:33:23,distraction,Driver Distraction,medium,fined,DS/Teams,Taxi,Tariq Al Naqbi,TN,National Taxi,DXB-C-54785,Al Quoz,Al Khail Road,,Schedule supervisor review,no
TRG000316,2026-05-24T01:31:43,fatigue,Driver Fatigue,high,investigation,ETMP,Hourly Rental,Mahmoud Al Maktoum,MM,Al Naboodah Transport,DXB-L-66815,Dubai Marina,Marina Walk,,Route to nearest rest stop,no
TRG001735,2026-05-24T01:31:17,fatigue,Driver Fatigue,high,acknowledged,MNVR,Taxi,Yousef Al Marri,YM,National Taxi,DXB-A-59826,Dubai Marina,Al Marsa Street,,Override dispatch — pull from rotation,no
TRG002796,2026-05-24T01:31:02,camera,Camera Disconnection,medium,acknowledged,ETMP,Taxi,Bilal Al Qassimi,BQ,Cars Taxi,DXB-H-29192,Al Rashidiya,Rashidiya Metro Rd,,Escalate to fleet maintenance,no
TRG000263,2026-05-24T01:30:29,signal,No Signal,high,stafteesh,ETMP,Marine,Walid Al Zaabi,WZ,Dubai Marine Transport,MAR-221,Al Qusais,Beirut Street,,Auto-resolve when signal restored,no
TRG001368,2026-05-24T01:29:19,fatigue,Driver Fatigue,low,fined,DS/Teams,Limousine & E-Hail,Karim Al Mazrouei,KM,Uber Fleet,DXB-C-20409,Silicon Oasis,Dubai Silicon Oasis Hub,,Override dispatch — pull from rotation,no
TRG002579,2026-05-24T01:25:27,camera,Camera Disconnection,medium,open,ETMP,Limousine & E-Hail,Rashid Al Tayer,RT,Yango Premium,DXB-B-56164,Downtown Dubai,Financial Center Rd,,Dispatch field tech — recurring issue,no
TRG001747,2026-05-24T01:24:52,harsh,Harsh Driving,high,acknowledged,DS/Teams,Taxi,Bilal Al Tayer,BT,Cars Taxi,DXB-C-66905,Jumeirah,Umm Suqeim Road,116,Issue coaching alert to driver,yes
TRG000849,2026-05-24T01:24:06,harsh,Harsh Driving,high,investigation,MNVR,Taxi,Mahmoud Al Mazrouei,MM,Dubai Taxi Corporation,DXB-G-22802,Business Bay,Marasi Drive,114,Issue coaching alert to driver,no
TRG001912,2026-05-24T01:24:00,signal,No Signal,high,investigation,ETMP,School Bus,Ibrahim Al Maktoum,IM,Emirates Transport,DXB-S-1395,Deira,Al Rigga Road,,Re-establish GPS handshake,no
TRG002726,2026-05-24T01:22:08,fatigue,Driver Fatigue,medium,stafteesh,MNVR,Taxi,Khalid Al Mazrouei,KM,Dubai Taxi Corporation,DXB-M-60145,Downtown Dubai,Mohammed Bin Rashid Blvd,,Route to nearest rest stop,no
TRG002043,2026-05-24T01:20:40,camera,Camera Disconnection,high,acknowledged,DS/Teams,Limousine & E-Hail,Saeed Al Qassimi,SQ,Careem,DXB-S-58052,Al Qusais,Al Nahda Road,,Escalate to fleet maintenance,no
TRG002730,2026-05-24T01:19:39,camera,Camera Disconnection,high,open,DS/Teams,Limousine & E-Hail,Saeed Al Naqbi,SN,Careem,DXB-G-75863,Al Rashidiya,Nadd Al Hamar Rd,,Verify cable connection at next stop,no
TRG001156,2026-05-24T01:19:34,harsh,Harsh Driving,high,acknowledged,DS/Teams,Public Bus,Fadi Al Hashimi,FH,RTA Public Buses,DXB-B-8280,Dubai Marina,King Salman Bin Abdulaziz Al Saud St,102,Issue coaching alert to driver,no
TRG002480,2026-05-24T01:18:15,fatigue,Driver Fatigue,medium,investigation,ETMP,Public Bus,Hassan Al Mazrouei,HM,RTA Public Buses,DXB-B-6183,Dubai Sports City,Els Club Rd,,Instruct driver to take mandatory break,no
TRG000634,2026-05-24T01:15:14,harsh,Harsh Driving,medium,closed,MNVR,Taxi,Rashid Al Hashimi,RH,Dubai Taxi Corporation,DXB-E-32859,Business Bay,Bay Avenue,77,Log for end-of-shift review,no
TRG000909,2026-05-24T01:14:53,distraction,Driver Distraction,low,closed,MNVR,Public Bus,Marwan Al Hammadi,MH,Emirates Transport,DXB-B-2340,Business Bay,Bay Avenue,,Send live coaching prompt to driver,no
TRG001323,2026-05-24T01:13:24,idling,Idling,medium,closed,MNVR,Public Bus,Hamad Al Hammadi,HH,Emirates Transport,DXB-B-3774,Al Barsha,Sheikh Zayed Road,,Auto-close — under 5min,no
TRG001486,2026-05-24T01:12:29,fatigue,Driver Fatigue,high,acknowledged,MNVR,School Bus,Karim Al Hashimi,KH,School Transport Services,DXB-S-5642,Deira,Al Rigga Road,,Route to nearest rest stop,no
TRG002090,2026-05-24T01:12:02,distraction,Driver Distraction,medium,closed,DS/Teams,Marine,Omar Al Maktoum,OM,Dubai Marine Transport,MAR-525,Al Rashidiya,Airport Road,,Issue formal warning — 2nd offense,no
TRG002612,2026-05-24T01:11:51,signal,No Signal,medium,open,MNVR,School Bus,Adel Al Suwaidi,AS,Emirates Transport,DXB-S-9045,Downtown Dubai,Burj Khalifa Blvd,,Auto-resolve when signal restored,no
TRG000353,2026-05-24T01:09:40,distraction,Driver Distraction,medium,open,MNVR,Taxi,Nasser Al Hashimi,NH,Metro Taxi,DXB-H-96751,JBR,The Walk,,"Acknowledge — minor, log only",no
TRG000598,2026-05-24T01:09:25,idling,Idling,medium,fined,MNVR,Limousine & E-Hail,Mansour Al Nuaimi,MN,Uber Fleet,DXB-P-58125,Jumeirah,Jumeirah Beach Road,,Flag for daily review,no
TRG001551,2026-05-24T01:09:15,distraction,Driver Distraction,low,open,DS/Teams,Taxi,Marwan Al Hammadi,MH,Citi Taxi,DXB-I-30229,Deira,Gold Souq Street,,Send live coaching prompt to driver,no
TRG000929,2026-05-24T01:09:00,fatigue,Driver Fatigue,high,acknowledged,DS/Teams,Taxi,Ayman Al Mansouri,AM,Cars Taxi,DXB-C-56783,Dubai Marina,Al Marsa Street,,Route to nearest rest stop,no
TRG002534,2026-05-24T01:08:43,camera,Camera Disconnection,high,acknowledged,ETMP,School Bus,Ziad Al Awadhi,ZA,Emirates Transport,DXB-S-7913,JBR,The Beach Promenade,,Verify cable connection at next stop,no
TRG001519,2026-05-24T01:07:04,camera,Camera Disconnection,high,closed,DS/Teams,Taxi,Mahmoud Al Tayer,MT,Arabia Taxi,DXB-R-58147,Dubai Marina,Sheikh Zayed Rd Junction,,Run firmware reset remotely,no
TRG002402,2026-05-24T01:06:44,harsh,Harsh Driving,high,open,ETMP,Taxi,Hamad Al Owais,HO,Arabia Taxi,DXB-B-65782,Jumeirah,Jumeirah Beach Road,122,Log for end-of-shift review,no
TRG000585,2026-05-24T01:06:12,distraction,Driver Distraction,low,stafteesh,DS/Teams,Taxi,Fadi Al Tayer,FT,Metro Taxi,DXB-M-21700,Downtown Dubai,Financial Center Rd,,Issue formal warning — 2nd offense,no
TRG002020,2026-05-24T01:05:56,signal,No Signal,low,acknowledged,MNVR,Taxi,Mohammed Al Qassimi,MQ,Citi Taxi,DXB-L-79235,Dubai Marina,Sheikh Zayed Rd Junction,,Acknowledge — temporary blackout zone,no
TRG001432,2026-05-24T01:05:06,harsh,Harsh Driving,medium,closed,DS/Teams,Taxi,Saeed Al Owais,SO,Cars Taxi,DXB-I-71261,Downtown Dubai,Sheikh Mohammed Bin Rashid Blvd,64,Issue coaching alert to driver,no
TRG001800,2026-05-24T01:05:02,harsh,Harsh Driving,low,open,DS/Teams,Taxi,Karim Al Qassimi,KQ,Dubai Taxi Corporation,DXB-M-29358,Al Rashidiya,Rashidiya Metro Rd,69,Escalate to safety review board,no
TRG001224,2026-05-24T01:04:38,fatigue,Driver Fatigue,medium,fined,DS/Teams,Taxi,Yousef Al Nuaimi,YN,Metro Taxi,DXB-H-17732,Downtown Dubai,Sheikh Mohammed Bin Rashid Blvd,,Confirm with supervisor & monitor,no
TRG001958,2026-05-24T01:03:56,harsh,Harsh Driving,high,investigation,ETMP,Taxi,Faisal Al Mazrouei,FM,Dubai Taxi Corporation,DXB-P-37145,Jumeirah,Umm Suqeim Road,123,Issue coaching alert to driver,no
TRG000068,2026-05-24T01:02:55,camera,Camera Disconnection,medium,open,DS/Teams,Public Bus,Ayman Al Naqbi,AN,Emirates Transport,DXB-B-5083,Al Quoz,Al Asayel Street,,Run firmware reset remotely,no
TRG001544,2026-05-24T01:00:25,distraction,Driver Distraction,low,open,MNVR,Limousine & E-Hail,Hassan Al Mazrouei,HM,Genie Limousine,DXB-G-67470,Downtown Dubai,Financial Center Rd,,Schedule supervisor review,no
TRG000227,2026-05-24T00:55:30,harsh,Harsh Driving,low,investigation,MNVR,Limousine & E-Hail,Bilal Al Nuaimi,BN,Careem,DXB-J-16560,Downtown Dubai,Sheikh Mohammed Bin Rashid Blvd,45,Log for end-of-shift review,no
TRG001236,2026-05-24T00:55:16,harsh,Harsh Driving,medium,open,MNVR,Public Bus,Khalid Al Owais,KO,Emirates Transport,DXB-B-5733,Business Bay,Al Abraj Street,78,Escalate to safety review board,no
TRG001716,2026-05-24T00:52:41,harsh,Harsh Driving,high,open,ETMP,Taxi,Fadi Al Falasi,FF,Citi Taxi,DXB-P-71692,Downtown Dubai,Mohammed Bin Rashid Blvd,132,Send to Stafteesh for fine assessment,no
TRG001684,2026-05-24T00:52:18,harsh,Harsh Driving,high,closed,MNVR,Taxi,Mahmoud Al Awadhi,MA,Cars Taxi,DXB-J-51096,JBR,The Beach Promenade,129,Issue coaching alert to driver,no
TRG000513,2026-05-24T00:52:12,fatigue,Driver Fatigue,high,open,ETMP,Taxi,Rashid Al Qassimi,RQ,Dubai Taxi Corporation,DXB-K-21305,Mirdif,Algeria Street,,Instruct driver to take mandatory break,no
TRG002617,2026-05-24T00:50:54,distraction,Driver Distraction,high,closed,MNVR,School Bus,Omar Al Qassimi,OQ,School Transport Services,DXB-S-4111,Downtown Dubai,Financial Center Rd,,Send live coaching prompt to driver,no
TRG000013,2026-05-24T00:47:22,fatigue,Driver Fatigue,high,closed,ETMP,Hourly Rental,Mahmoud Al Qassimi,MQ,Al Naboodah Transport,DXB-Q-74589,Al Rashidiya,Rashidiya Metro Rd,,Override dispatch — pull from rotation,no
TRG002104,2026-05-24T00:46:54,harsh,Harsh Driving,high,investigation,DS/Teams,School Bus,Yousef Al Owais,YO,School Transport Services,DXB-S-1548,Dubai Marina,Al Marsa Street,90,Escalate to safety review board,no
TRG001461,2026-05-24T00:46:45,distraction,Driver Distraction,medium,closed,DS/Teams,Taxi,Yousef Al Hashimi,YH,Metro Taxi,DXB-R-60082,Al Quoz,Al Khail Road,,Issue formal warning — 2nd offense,no
TRG000099,2026-05-24T00:44:06,distraction,Driver Distraction,medium,fined,ETMP,Limousine & E-Hail,Sultan Al Marri,SM,Careem,DXB-J-51985,Al Barsha,Al Barsha Road,,"Acknowledge — minor, log only",no
TRG000575,2026-05-24T00:43:43,harsh,Harsh Driving,high,open,MNVR,Taxi,Nasser Al Qassimi,NQ,Metro Taxi,DXB-J-58651,Al Barsha,Mall of the Emirates,114,Log for end-of-shift review,no
TRG001036,2026-05-24T00:42:06,harsh,Harsh Driving,low,closed,ETMP,Taxi,Ayman Al Shamsi,AS,Dubai Taxi Corporation,DXB-N-66438,Dubai Sports City,Sports City Boulevard,43,Send to Stafteesh for fine assessment,no
TRG000703,2026-05-24T00:42:00,distraction,Driver Distraction,high,acknowledged,DS/Teams,Marine,Ibrahim Al Falasi,IF,Dubai Marine Transport,MAR-714,Dubai Marina,Al Marsa Street,,Issue formal warning — 2nd offense,no
TRG000128,2026-05-24T00:39:48,signal,No Signal,medium,acknowledged,MNVR,Public Bus,Saeed Al Mazrouei,SM,RTA Public Buses,DXB-B-3877,Deira,Baniyas Square,,Acknowledge — temporary blackout zone,no
TRG001642,2026-05-24T00:39:27,idling,Idling,medium,open,MNVR,Limousine & E-Hail,Bilal Al Marri,BM,Hala Rides,DXB-L-38560,Jumeirah,Jumeirah Beach Road,,Send efficiency reminder to driver,no
TRG001675,2026-05-24T00:38:47,fatigue,Driver Fatigue,high,escalated,ETMP,Taxi,Khalid Al Marri,KM,Dubai Taxi Corporation,DXB-I-63892,JBR,Jumeirah Beach Residence,,Override dispatch — pull from rotation,no
TRG002242,2026-05-24T00:38:30,distraction,Driver Distraction,medium,open,ETMP,Taxi,Sultan Al Qassimi,SQ,National Taxi,DXB-C-54653,Dubai Marina,Al Marsa Street,,Send live coaching prompt to driver,no
TRG000777,2026-05-24T00:37:41,fatigue,Driver Fatigue,high,closed,DS/Teams,Limousine & E-Hail,Ibrahim Al Qassimi,IQ,Genie Limousine,DXB-L-49047,Al Barsha,Al Barsha Road,,Confirm with supervisor & monitor,no
TRG002382,2026-05-24T00:37:37,fatigue,Driver Fatigue,medium,acknowledged,ETMP,Limousine & E-Hail,Adel Al Hammadi,AH,Genie Limousine,DXB-S-44271,Downtown Dubai,Financial Center Rd,,Override dispatch — pull from rotation,no
TRG000408,2026-05-24T00:37:15,idling,Idling,medium,closed,MNVR,Taxi,Fadi Al Naqbi,FN,Citi Taxi,DXB-C-64216,JBR,The Walk,,Flag for daily review,no
TRG000707,2026-05-24T00:36:19,harsh,Harsh Driving,high,investigation,MNVR,Limousine & E-Hail,Bilal Al Maktoum,BM,Hala Rides,DXB-D-42952,Dubai Marina,Marina Walk,122,Send to Stafteesh for fine assessment,yes
TRG002687,2026-05-24T00:34:13,distraction,Driver Distraction,high,closed,MNVR,Limousine & E-Hail,Sultan Al Suwaidi,SS,Yango Premium,DXB-T-22228,Jumeirah,Umm Suqeim Road,,Send live coaching prompt to driver,no
TRG002635,2026-05-24T00:33:57,fatigue,Driver Fatigue,medium,acknowledged,MNVR,School Bus,Adel Al Maktoum,AM,School Transport Services,DXB-S-5669,Business Bay,Al Abraj Street,,Override dispatch — pull from rotation,no
TRG001153,2026-05-24T00:32:53,idling,Idling,low,open,DS/Teams,Limousine & E-Hail,Walid Al Shamsi,WS,Genie Limousine,DXB-Q-88236,Mirdif,Algeria Street,,Acknowledge — within tolerance,no
TRG000641,2026-05-24T00:30:00,harsh,Harsh Driving,medium,closed,MNVR,Marine,Yousef Al Mazrouei,YM,Dubai Marine Transport,MAR-413,Al Quoz,Al Khail Road,88,Log for end-of-shift review,no
TRG002571,2026-05-24T00:29:48,camera,Camera Disconnection,medium,escalated,ETMP,Hourly Rental,Omar Al Mazrouei,OM,Hala Rides,DXB-I-81483,Mirdif,Mirdif City Centre Rd,,Run firmware reset remotely,no
TRG002227,2026-05-24T00:29:05,harsh,Harsh Driving,medium,closed,ETMP,Taxi,Ziad Al Owais,ZO,Arabia Taxi,DXB-P-62083,Mirdif,Tripoli Street,86,Log for end-of-shift review,no
TRG001348,2026-05-24T00:28:38,signal,No Signal,medium,acknowledged,MNVR,Taxi,Nasser Al Qassimi,NQ,Dubai Taxi Corporation,DXB-T-39090,Al Qusais,Damascus Street,,Acknowledge — temporary blackout zone,no
TRG002606,2026-05-24T00:28:37,harsh,Harsh Driving,medium,open,MNVR,School Bus,Ayman Al Marri,AM,School Transport Services,DXB-S-1370,Al Quoz,Al Meydan Road,83,Escalate to safety review board,no
TRG001230,2026-05-24T00:27:01,fatigue,Driver Fatigue,high,investigation,ETMP,Taxi,Sultan Al Suwaidi,SS,Arabia Taxi,DXB-D-50144,Jebel Ali,Jebel Ali Free Zone,,Override dispatch — pull from rotation,no
TRG000035,2026-05-24T00:25:39,harsh,Harsh Driving,high,escalated,MNVR,Limousine & E-Hail,Khalid Al Zaabi,KZ,Uber Fleet,DXB-B-90868,JBR,The Beach Promenade,120,Escalate to safety review board,no
TRG001558,2026-05-24T00:25:18,distraction,Driver Distraction,low,closed,MNVR,Taxi,Walid Al Tayer,WT,Dubai Taxi Corporation,DXB-G-99609,Jumeirah,Jumeirah Beach Road,,Send live coaching prompt to driver,no
TRG000497,2026-05-24T00:21:54,harsh,Harsh Driving,low,open,MNVR,Taxi,Mahmoud Al Zaabi,MZ,Metro Taxi,DXB-A-95245,Business Bay,Business Bay Crossing,47,Issue coaching alert to driver,no
TRG000444,2026-05-24T00:21:42,distraction,Driver Distraction,high,closed,MNVR,Taxi,Mahmoud Al Nuaimi,MN,Cars Taxi,DXB-E-13656,Business Bay,Al Abraj Street,,Issue formal warning — 2nd offense,no
TRG001276,2026-05-24T00:16:41,signal,No Signal,high,closed,MNVR,Marine,Adel Al Qassimi,AQ,Dubai Marine Transport,MAR-109,JBR,The Walk,,Acknowledge — temporary blackout zone,yes
TRG002613,2026-05-24T00:15:37,harsh,Harsh Driving,medium,fined,DS/Teams,Hourly Rental,Ayman Al Falasi,AF,Careem,DXB-R-95032,Al Qusais,Al Nahda Road,69,Issue coaching alert to driver,no
TRG001628,2026-05-24T00:12:50,camera,Camera Disconnection,medium,closed,MNVR,Taxi,Mahmoud Al Hammadi,MH,Metro Taxi,DXB-D-52265,Downtown Dubai,Burj Khalifa Blvd,,Escalate to fleet maintenance,no
TRG002384,2026-05-24T00:12:47,fatigue,Driver Fatigue,high,acknowledged,ETMP,School Bus,Walid Al Owais,WO,School Transport Services,DXB-S-3383,Jumeirah,Jumeirah Beach Road,,Override dispatch — pull from rotation,no
TRG000853,2026-05-24T00:11:56,fatigue,Driver Fatigue,high,acknowledged,ETMP,Taxi,Ayman Al Hashimi,AH,Metro Taxi,DXB-G-24397,Al Barsha,Mall of the Emirates,,Instruct driver to take mandatory break,no
TRG001572,2026-05-24T00:10:30,distraction,Driver Distraction,high,closed,MNVR,Taxi,Nasser Al Mansouri,NM,Dubai Taxi Corporation,DXB-O-64743,Business Bay,Business Bay Crossing,,Schedule supervisor review,no
TRG000622,2026-05-24T00:10:20,signal,No Signal,medium,closed,MNVR,Limousine & E-Hail,Mansour Al Tayer,MT,Uber Fleet,DXB-K-30157,Silicon Oasis,Dubai Silicon Oasis Hub,,Auto-resolve when signal restored,no
TRG000890,2026-05-24T00:09:42,harsh,Harsh Driving,high,investigation,MNVR,Taxi,Hassan Al Nuaimi,HN,Citi Taxi,DXB-J-83122,Downtown Dubai,Burj Khalifa Blvd,111,Issue coaching alert to driver,no
TRG002111,2026-05-24T00:07:00,harsh,Harsh Driving,low,open,MNVR,Taxi,Yousef Al Nuaimi,YN,National Taxi,DXB-P-17319,Deira,Baniyas Square,43,Issue coaching alert to driver,no
TRG000868,2026-05-24T00:06:51,fatigue,Driver Fatigue,high,open,DS/Teams,Taxi,Yousef Al Naqbi,YN,Dubai Taxi Corporation,DXB-S-31363,Business Bay,Bay Avenue,,Instruct driver to take mandatory break,no
TRG002594,2026-05-24T00:04:18,fatigue,Driver Fatigue,medium,open,DS/Teams,Taxi,Khalid Al Awadhi,KA,Citi Taxi,DXB-T-51882,Jumeirah,Al Wasl Road,,Instruct driver to take mandatory break,no
TRG000401,2026-05-24T00:04:08,distraction,Driver Distraction,medium,fined,ETMP,Hourly Rental,Nasser Al Zaabi,NZ,Hala Rides,DXB-J-88822,Jebel Ali,Jebel Ali Free Zone,,Issue formal warning — 2nd offense,no
TRG000473,2026-05-23T23:59:57,signal,No Signal,medium,investigation,DS/Teams,Public Bus,Faisal Al Naqbi,FN,RTA Public Buses,DXB-B-7772,Silicon Oasis,Wadi Al Safa St,,Re-establish GPS handshake,no
TRG000499,2026-05-23T23:59:36,distraction,Driver Distraction,low,open,MNVR,Taxi,Sultan Al Nuaimi,SN,National Taxi,DXB-M-85257,Jumeirah,Al Wasl Road,,Send live coaching prompt to driver,no
TRG001483,2026-05-23T23:59:04,distraction,Driver Distraction,medium,open,MNVR,Public Bus,Fadi Al Hashimi,FH,RTA Public Buses,DXB-B-1829,Dubai Marina,King Salman Bin Abdulaziz Al Saud St,,"Acknowledge — minor, log only",no
TRG000481,2026-05-23T23:57:11,distraction,Driver Distraction,low,open,DS/Teams,Public Bus,Yousef Al Mazrouei,YM,Emirates Transport,DXB-B-7743,Business Bay,Bay Avenue,,Issue formal warning — 2nd offense,no
TRG002582,2026-05-23T23:52:43,idling,Idling,low,open,DS/Teams,Taxi,Ibrahim Al Nuaimi,IN,Cars Taxi,DXB-B-64177,Dubai Marina,Marina Walk,,Flag for daily review,no
TRG000616,2026-05-23T23:52:40,fatigue,Driver Fatigue,high,closed,ETMP,Limousine & E-Hail,Mahmoud Al Awadhi,MA,Careem,DXB-A-54881,Al Qusais,Damascus Street,,Override dispatch — pull from rotation,no
TRG002287,2026-05-23T23:52:34,idling,Idling,low,escalated,ETMP,Taxi,Bilal Al Hashimi,BH,National Taxi,DXB-P-13070,Downtown Dubai,Mohammed Bin Rashid Blvd,,Auto-close — under 5min,no
TRG001087,2026-05-23T23:50:37,idling,Idling,low,closed,MNVR,Taxi,Adel Al Shamsi,AS,National Taxi,DXB-P-38235,Business Bay,Bay Avenue,,Send efficiency reminder to driver,no
TRG002421,2026-05-23T23:50:23,idling,Idling,low,acknowledged,MNVR,Taxi,Khalid Al Shamsi,KS,National Taxi,DXB-D-60802,Dubai Marina,Sheikh Zayed Rd Junction,,Acknowledge — within tolerance,no
TRG002781,2026-05-23T23:46:27,fatigue,Driver Fatigue,high,investigation,DS/Teams,Hourly Rental,Adel Al Mansouri,AM,Careem,DXB-S-59293,Business Bay,Bay Avenue,,Confirm with supervisor & monitor,no
TRG000973,2026-05-23T23:45:26,idling,Idling,low,closed,MNVR,Taxi,Yousef Al Nuaimi,YN,National Taxi,DXB-C-39766,Dubai Sports City,Sports City Boulevard,,Auto-close — under 5min,no
TRG000556,2026-05-23T23:40:08,idling,Idling,low,closed,MNVR,Limousine & E-Hail,Khalid Al Suwaidi,KS,Careem,DXB-P-31105,Dubai Marina,Sheikh Zayed Rd Junction,,Acknowledge — within tolerance,no
TRG001935,2026-05-23T23:39:14,idling,Idling,low,open,MNVR,Taxi,Ahmed Al Zaabi,AZ,National Taxi,DXB-B-48683,Deira,Al Maktoum Road,,Acknowledge — within tolerance,no
TRG002286,2026-05-23T23:38:46,fatigue,Driver Fatigue,medium,investigation,DS/Teams,Limousine & E-Hail,Tariq Al Marri,TM,Uber Fleet,DXB-S-26960,Dubai Investment Park,Schoolzone Rd,,Confirm with supervisor & monitor,no
TRG002767,2026-05-23T23:38:42,fatigue,Driver Fatigue,high,closed,DS/Teams,Public Bus,Faisal Al Mansouri,FM,RTA Public Buses,DXB-B-6589,JBR,The Beach Promenade,,Route to nearest rest stop,no
TRG001720,2026-05-23T23:37:59,distraction,Driver Distraction,medium,fined,MNVR,Taxi,Khalid Al Naqbi,KN,Cars Taxi,DXB-M-42024,Downtown Dubai,Financial Center Rd,,Issue formal warning — 2nd offense,no
TRG001320,2026-05-23T23:32:08,fatigue,Driver Fatigue,medium,investigation,ETMP,Hourly Rental,Ziad Al Mansouri,ZM,Hala Rides,DXB-O-28223,Deira,Baniyas Square,,Instruct driver to take mandatory break,no
TRG002363,2026-05-23T23:31:45,distraction,Driver Distraction,low,closed,DS/Teams,Taxi,Rashid Al Nuaimi,RN,Arabia Taxi,DXB-G-55337,JBR,The Beach Promenade,,"Acknowledge — minor, log only",no
TRG000332,2026-05-23T23:31:31,camera,Camera Disconnection,high,open,DS/Teams,Limousine & E-Hail,Ahmed Al Suwaidi,AS,Hala Rides,DXB-F-60241,Al Barsha,Sheikh Zayed Road,,Verify cable connection at next stop,no
TRG002096,2026-05-23T23:31:15,harsh,Harsh Driving,high,acknowledged,DS/Teams,Taxi,Tariq Al Marri,TM,Arabia Taxi,DXB-B-81384,Downtown Dubai,Burj Khalifa Blvd,95,Log for end-of-shift review,no
TRG000139,2026-05-23T23:30:57,signal,No Signal,medium,open,DS/Teams,Limousine & E-Hail,Marwan Al Qassimi,MQ,Hala Rides,DXB-G-81902,Deira,Gold Souq Street,,Dispatch tech if persistent >15min,no
TRG002671,2026-05-23T23:29:56,harsh,Harsh Driving,medium,open,DS/Teams,Taxi,Yousef Al Suwaidi,YS,Metro Taxi,DXB-T-95943,Al Barsha,Al Barsha Road,71,Issue coaching alert to driver,no
TRG002143,2026-05-23T23:29:15,distraction,Driver Distraction,medium,open,MNVR,Taxi,Fadi Al Tayer,FT,National Taxi,DXB-A-27433,JBR,Jumeirah Beach Residence,,Schedule supervisor review,no
TRG002544,2026-05-23T23:26:27,harsh,Harsh Driving,medium,investigation,DS/Teams,Public Bus,Sultan Al Owais,SO,RTA Public Buses,DXB-B-8256,JBR,The Beach Promenade,63,Log for end-of-shift review,no
TRG001237,2026-05-23T23:24:57,signal,No Signal,high,open,ETMP,Limousine & E-Hail,Bilal Al Mazrouei,BM,Hala Rides,DXB-P-13742,Deira,Al Rigga Road,,Acknowledge — temporary blackout zone,no
TRG002598,2026-05-23T23:24:53,distraction,Driver Distraction,medium,open,MNVR,Taxi,Ahmed Al Mansouri,AM,Citi Taxi,DXB-F-23126,Mirdif,Tripoli Street,,Schedule supervisor review,no
TRG001562,2026-05-23T23:24:33,fatigue,Driver Fatigue,high,closed,ETMP,Taxi,Walid Al Mansouri,WM,Citi Taxi,DXB-D-33356,Business Bay,Al Abraj Street,,Route to nearest rest stop,no
TRG000717,2026-05-23T23:23:50,idling,Idling,low,investigation,DS/Teams,Hourly Rental,Tariq Al Marri,TM,Careem,DXB-F-38358,Downtown Dubai,Financial Center Rd,,Send efficiency reminder to driver,no
TRG000171,2026-05-23T23:23:27,harsh,Harsh Driving,high,fined,MNVR,Limousine & E-Hail,Yousef Al Qassimi,YQ,Uber Fleet,DXB-E-82238,Dubai Marina,King Salman Bin Abdulaziz Al Saud St,138,Log for end-of-shift review,no
TRG001542,2026-05-23T23:19:05,idling,Idling,low,closed,DS/Teams,Taxi,Marwan Al Owais,MO,Citi Taxi,DXB-M-13053,Al Qusais,Beirut Street,,Send efficiency reminder to driver,no
TRG000671,2026-05-23T23:16:50,camera,Camera Disconnection,high,open,MNVR,Public Bus,Nasser Al Naqbi,NN,Emirates Transport,DXB-B-3441,JBR,Jumeirah Beach Residence,,Dispatch field tech — recurring issue,no
TRG001754,2026-05-23T23:16:00,fatigue,Driver Fatigue,low,open,MNVR,Limousine & E-Hail,Hassan Al Falasi,HF,Genie Limousine,DXB-R-30540,JBR,Jumeirah Beach Residence,,Route to nearest rest stop,no
TRG000874,2026-05-23T23:15:57,harsh,Harsh Driving,high,open,DS/Teams,Hourly Rental,Nasser Al Marri,NM,Al Naboodah Transport,DXB-M-36408,Dubai Sports City,Hessa Street,119,Send to Stafteesh for fine assessment,no
TRG002685,2026-05-23T23:15:56,idling,Idling,low,open,ETMP,Limousine & E-Hail,Ayman Al Suwaidi,AS,Hala Rides,DXB-P-97318,Al Rashidiya,Nadd Al Hamar Rd,,Auto-close — under 5min,no
TRG002388,2026-05-23T23:14:50,distraction,Driver Distraction,medium,acknowledged,MNVR,School Bus,Yousef Al Qassimi,YQ,School Transport Services,DXB-S-6011,Deira,Al Maktoum Road,,Send live coaching prompt to driver,no
TRG002322,2026-05-23T23:10:55,distraction,Driver Distraction,medium,closed,DS/Teams,Taxi,Walid Al Hammadi,WH,Citi Taxi,DXB-L-11601,Dubai Investment Park,Green Community,,Issue formal warning — 2nd offense,no
TRG000407,2026-05-23T23:05:55,harsh,Harsh Driving,high,open,DS/Teams,Limousine & E-Hail,Saeed Al Nuaimi,SN,Hala Rides,DXB-K-34651,Al Qusais,Damascus Street,140,Log for end-of-shift review,no
TRG001330,2026-05-23T23:04:59,fatigue,Driver Fatigue,medium,fined,ETMP,Taxi,Omar Al Qassimi,OQ,National Taxi,DXB-P-34311,JBR,The Walk,,Route to nearest rest stop,no
TRG001120,2026-05-23T23:02:14,signal,No Signal,high,fined,ETMP,Hourly Rental,Hassan Al Mansouri,HM,Al Naboodah Transport,DXB-I-39164,Jumeirah,Al Wasl Road,,Re-establish GPS handshake,no
TRG000728,2026-05-23T23:00:47,fatigue,Driver Fatigue,medium,stafteesh,MNVR,Public Bus,Ziad Al Owais,ZO,Emirates Transport,DXB-B-8562,JBR,Jumeirah Beach Residence,,Confirm with supervisor & monitor,no
TRG000582,2026-05-23T23:00:31,camera,Camera Disconnection,high,investigation,MNVR,Public Bus,Hamad Al Suwaidi,HS,Emirates Transport,DXB-B-9448,Business Bay,Business Bay Crossing,,Run firmware reset remotely,no
TRG000165,2026-05-23T23:00:02,distraction,Driver Distraction,medium,open,DS/Teams,Hourly Rental,Karim Al Qassimi,KQ,Careem,DXB-I-42727,Deira,Baniyas Square,,Send live coaching prompt to driver,no
TRG001143,2026-05-23T22:58:34,distraction,Driver Distraction,medium,acknowledged,MNVR,Limousine & E-Hail,Hamad Al Hammadi,HH,Hala Rides,DXB-T-21056,Dubai Marina,Marina Walk,,"Acknowledge — minor, log only",no
TRG000800,2026-05-23T22:56:13,harsh,Harsh Driving,medium,investigation,DS/Teams,Taxi,Omar Al Marri,OM,Metro Taxi,DXB-G-14687,Dubai Sports City,Els Club Rd,80,Log for end-of-shift review,no
TRG001582,2026-05-23T22:55:35,signal,No Signal,medium,stafteesh,DS/Teams,Marine,Fadi Al Mansouri,FM,Dubai Marine Transport,MAR-900,Jumeirah,Al Wasl Road,,Dispatch tech if persistent >15min,yes
TRG002469,2026-05-23T22:54:36,idling,Idling,low,open,DS/Teams,Public Bus,Mohammed Al Falasi,MF,RTA Public Buses,DXB-B-3244,Jumeirah,Umm Suqeim Road,,Acknowledge — within tolerance,no
TRG001242,2026-05-23T22:49:07,idling,Idling,low,acknowledged,MNVR,Limousine & E-Hail,Tariq Al Qassimi,TQ,Yango Premium,DXB-S-64769,Jumeirah,Al Wasl Road,,Acknowledge — within tolerance,no
TRG002715,2026-05-23T22:48:53,distraction,Driver Distraction,high,stafteesh,DS/Teams,Taxi,Mahmoud Al Awadhi,MA,Arabia Taxi,DXB-I-42485,Silicon Oasis,Sheikh Mohammed Bin Zayed Rd,,Schedule supervisor review,no
TRG000813,2026-05-23T22:47:38,harsh,Harsh Driving,high,investigation,DS/Teams,Taxi,Ahmed Al Hammadi,AH,Citi Taxi,DXB-G-85980,Mirdif,Tripoli Street,130,Send to Stafteesh for fine assessment,no
TRG002079,2026-05-23T22:46:56,camera,Camera Disconnection,medium,stafteesh,DS/Teams,Taxi,Hassan Al Nuaimi,HN,Citi Taxi,DXB-B-23730,Business Bay,Bay Avenue,,Run firmware reset remotely,no
TRG000445,2026-05-23T22:46:48,camera,Camera Disconnection,high,open,ETMP,Taxi,Ahmed Al Awadhi,AA,Metro Taxi,DXB-E-74615,Dubai Investment Park,Schoolzone Rd,,Run firmware reset remotely,no
TRG000002,2026-05-23T22:46:08,idling,Idling,low,open,DS/Teams,Taxi,Tariq Al Naqbi,TN,Cars Taxi,DXB-R-25439,Business Bay,Al Abraj Street,,Send efficiency reminder to driver,no
TRG002201,2026-05-23T22:43:46,camera,Camera Disconnection,high,open,MNVR,Limousine & E-Hail,Yousef Al Mansouri,YM,Uber Fleet,DXB-H-40529,Dubai Marina,Marina Walk,,Dispatch field tech — recurring issue,no
TRG000704,2026-05-23T22:42:30,signal,No Signal,medium,acknowledged,DS/Teams,Limousine & E-Hail,Faisal Al Awadhi,FA,Genie Limousine,DXB-N-56092,Al Qusais,Al Nahda Road,,Dispatch tech if persistent >15min,no
TRG000525,2026-05-23T22:41:28,idling,Idling,low,open,DS/Teams,Taxi,Nasser Al Maktoum,NM,Metro Taxi,DXB-G-28669,Dubai Marina,Marina Walk,,Acknowledge — within tolerance,no
TRG001888,2026-05-23T22:40:26,distraction,Driver Distraction,medium,open,MNVR,Public Bus,Ziad Al Marri,ZM,RTA Public Buses,DXB-B-9778,Deira,Gold Souq Street,,Issue formal warning — 2nd offense,no
TRG002213,2026-05-23T22:39:42,idling,Idling,high,acknowledged,MNVR,Hourly Rental,Marwan Al Naqbi,MN,Al Naboodah Transport,DXB-G-90348,Downtown Dubai,Financial Center Rd,,Auto-close — under 5min,no
TRG002348,2026-05-23T22:38:37,fatigue,Driver Fatigue,low,escalated,MNVR,Taxi,Hamad Al Awadhi,HA,Cars Taxi,DXB-I-55736,Silicon Oasis,Sheikh Mohammed Bin Zayed Rd,,Route to nearest rest stop,no
TRG001834,2026-05-23T22:38:09,camera,Camera Disconnection,high,closed,MNVR,Limousine & E-Hail,Hamad Al Maktoum,HM,Yango Premium,DXB-T-84432,Downtown Dubai,Mohammed Bin Rashid Blvd,,Dispatch field tech — recurring issue,no
TRG000576,2026-05-23T22:37:58,fatigue,Driver Fatigue,low,closed,MNVR,Taxi,Nasser Al Marri,NM,National Taxi,DXB-O-64296,Al Rashidiya,Rashidiya Metro Rd,,Confirm with supervisor & monitor,no
TRG001689,2026-05-23T22:37:01,camera,Camera Disconnection,high,open,MNVR,Taxi,Bilal Al Qassimi,BQ,Arabia Taxi,DXB-N-87777,Jumeirah,Umm Suqeim Road,,Escalate to fleet maintenance,no
TRG001169,2026-05-23T22:36:32,distraction,Driver Distraction,high,closed,MNVR,Limousine & E-Hail,Mohammed Al Shamsi,MS,Genie Limousine,DXB-R-54142,Dubai Investment Park,Schoolzone Rd,,"Acknowledge — minor, log only",no
TRG000828,2026-05-23T22:36:01,fatigue,Driver Fatigue,high,open,MNVR,Public Bus,Sultan Al Falasi,SF,Emirates Transport,DXB-B-5382,Downtown Dubai,Mohammed Bin Rashid Blvd,,Override dispatch — pull from rotation,no
TRG001977,2026-05-23T22:35:04,camera,Camera Disconnection,high,closed,ETMP,Public Bus,Nasser Al Shamsi,NS,Emirates Transport,DXB-B-7141,Dubai Marina,Sheikh Zayed Rd Junction,,Escalate to fleet maintenance,no
TRG002434,2026-05-23T22:32:08,camera,Camera Disconnection,high,closed,ETMP,School Bus,Bilal Al Hashimi,BH,Emirates Transport,DXB-S-2565,Dubai Investment Park,DIP First Road,,Verify cable connection at next stop,no
TRG000745,2026-05-23T22:30:26,signal,No Signal,medium,acknowledged,DS/Teams,Taxi,Yousef Al Hammadi,YH,Arabia Taxi,DXB-I-58709,JBR,The Walk,,Acknowledge — temporary blackout zone,no
TRG001923,2026-05-23T22:29:35,camera,Camera Disconnection,medium,open,DS/Teams,Taxi,Sultan Al Maktoum,SM,Citi Taxi,DXB-D-29113,Downtown Dubai,Sheikh Mohammed Bin Rashid Blvd,,Verify cable connection at next stop,no
TRG001067,2026-05-23T22:29:20,signal,No Signal,medium,fined,DS/Teams,Hourly Rental,Hassan Al Qassimi,HQ,Careem,DXB-I-62940,Dubai Marina,Marina Walk,,Dispatch tech if persistent >15min,no
TRG001663,2026-05-23T22:28:13,distraction,Driver Distraction,low,closed,MNVR,Taxi,Salim Al Nuaimi,SN,Citi Taxi,DXB-K-84481,Downtown Dubai,Burj Khalifa Blvd,,Send live coaching prompt to driver,no
TRG002297,2026-05-23T22:28:12,idling,Idling,low,investigation,DS/Teams,Public Bus,Saeed Al Falasi,SF,Emirates Transport,DXB-B-8701,Downtown Dubai,Sheikh Mohammed Bin Rashid Blvd,,Auto-close — under 5min,no
TRG002191,2026-05-23T22:27:33,idling,Idling,medium,open,DS/Teams,Taxi,Karim Al Awadhi,KA,National Taxi,DXB-H-13486,Jumeirah,Umm Suqeim Road,,Flag for daily review,no
TRG002365,2026-05-23T22:26:22,harsh,Harsh Driving,high,open,DS/Teams,School Bus,Marwan Al Hashimi,MH,Emirates Transport,DXB-S-4640,JBR,Jumeirah Beach Residence,85,Escalate to safety review board,no
TRG000254,2026-05-23T22:24:39,idling,Idling,low,open,DS/Teams,Public Bus,Ayman Al Owais,AO,Emirates Transport,DXB-B-9694,Al Barsha,Mall of the Emirates,,Flag for daily review,no
TRG000269,2026-05-23T22:23:43,harsh,Harsh Driving,high,open,MNVR,Limousine & E-Hail,Ibrahim Al Hammadi,IH,Hala Rides,DXB-T-85302,Jumeirah,Umm Suqeim Road,121,Escalate to safety review board,no
TRG001992,2026-05-23T22:23:19,distraction,Driver Distraction,medium,acknowledged,ETMP,Limousine & E-Hail,Saeed Al Shamsi,SS,Uber Fleet,DXB-G-48683,Downtown Dubai,Burj Khalifa Blvd,,Send live coaching prompt to driver,no
TRG001084,2026-05-23T22:20:16,idling,Idling,high,acknowledged,DS/Teams,Limousine & E-Hail,Fadi Al Mazrouei,FM,Careem,DXB-J-52867,Downtown Dubai,Mohammed Bin Rashid Blvd,,Auto-close — under 5min,no
TRG002619,2026-05-23T22:19:37,idling,Idling,medium,stafteesh,MNVR,Taxi,Ibrahim Al Mansouri,IM,Dubai Taxi Corporation,DXB-J-37724,Dubai Marina,Al Marsa Street,,Flag for daily review,no
TRG000458,2026-05-23T22:19:15,harsh,Harsh Driving,high,fined,DS/Teams,Taxi,Faisal Al Falasi,FF,National Taxi,DXB-R-75453,Dubai Sports City,Hessa Street,100,Escalate to safety review board,no
TRG001874,2026-05-23T22:18:38,signal,No Signal,medium,investigation,DS/Teams,Public Bus,Ibrahim Al Awadhi,IA,RTA Public Buses,DXB-B-9370,Al Barsha,Mall of the Emirates,,Dispatch tech if persistent >15min,no
TRG002564,2026-05-23T22:16:20,distraction,Driver Distraction,low,acknowledged,MNVR,Limousine & E-Hail,Fadi Al Mazrouei,FM,Hala Rides,DXB-I-59935,Al Qusais,Damascus Street,,"Acknowledge — minor, log only",no
TRG000766,2026-05-23T22:15:02,fatigue,Driver Fatigue,high,closed,DS/Teams,Taxi,Faisal Al Hammadi,FH,Dubai Taxi Corporation,DXB-I-38874,Jebel Ali,Sheikh Zayed Road,,Route to nearest rest stop,no
TRG001074,2026-05-23T22:14:33,harsh,Harsh Driving,medium,investigation,DS/Teams,Limousine & E-Hail,Hassan Al Suwaidi,HS,Careem,DXB-H-57692,Downtown Dubai,Financial Center Rd,70,Send to Stafteesh for fine assessment,no
TRG000413,2026-05-23T22:13:54,camera,Camera Disconnection,high,investigation,DS/Teams,Marine,Tariq Al Maktoum,TM,Dubai Marine Transport,MAR-782,Al Quoz,Al Asayel Street,,Dispatch field tech — recurring issue,no
TRG002589,2026-05-23T22:13:37,fatigue,Driver Fatigue,high,closed,DS/Teams,Taxi,Saeed Al Awadhi,SA,Metro Taxi,DXB-E-22431,Dubai Sports City,Sports City Boulevard,,Override dispatch — pull from rotation,no
TRG000940,2026-05-23T22:13:16,fatigue,Driver Fatigue,medium,stafteesh,MNVR,Taxi,Omar Al Hashimi,OH,Dubai Taxi Corporation,DXB-K-33952,Jumeirah,Umm Suqeim Road,,Route to nearest rest stop,no
TRG000079,2026-05-23T22:12:34,harsh,Harsh Driving,medium,investigation,MNVR,Public Bus,Mahmoud Al Hammadi,MH,RTA Public Buses,DXB-B-4701,Jebel Ali,Sheikh Zayed Road,63,Log for end-of-shift review,no
TRG001893,2026-05-23T22:12:26,distraction,Driver Distraction,high,acknowledged,ETMP,Taxi,Faisal Al Mansouri,FM,Arabia Taxi,DXB-H-96032,Dubai Marina,Sheikh Zayed Rd Junction,,Send live coaching prompt to driver,no
TRG002428,2026-05-23T22:10:58,harsh,Harsh Driving,medium,stafteesh,MNVR,Taxi,Ibrahim Al Shamsi,IS,Dubai Taxi Corporation,DXB-G-25265,Downtown Dubai,Mohammed Bin Rashid Blvd,90,Log for end-of-shift review,no
TRG001272,2026-05-23T21:46:28,signal,No Signal,medium,investigation,DS/Teams,School Bus,Tariq Al Naqbi,TN,Emirates Transport,DXB-S-3001,Al Qusais,Al Nahda Road,,Dispatch tech if persistent >15min,no
TRG001285,2026-05-23T21:13:54,signal,No Signal,low,fined,MNVR,Hourly Rental,Mansour Al Marri,MM,Hala Rides,DXB-J-65570,Al Rashidiya,Rashidiya Metro Rd,,Dispatch tech if persistent >15min,no
TRG002243,2026-05-23T20:38:35,distraction,Driver Distraction,medium,closed,DS/Teams,Limousine & E-Hail,Sultan Al Suwaidi,SS,Uber Fleet,DXB-L-20956,Mirdif,Mirdif City Centre Rd,,Issue formal warning — 2nd offense,no
TRG002466,2026-05-23T20:20:43,distraction,Driver Distraction,medium,closed,DS/Teams,Limousine & E-Hail,Adel Al Falasi,AF,Careem,DXB-M-98431,Jumeirah,Jumeirah Beach Road,,Issue formal warning — 2nd offense,no
TRG000838,2026-05-23T20:00:36,distraction,Driver Distraction,high,open,ETMP,Limousine & E-Hail,Faisal Al Nuaimi,FN,Uber Fleet,DXB-F-30676,Dubai Investment Park,Schoolzone Rd,,Send live coaching prompt to driver,no
TRG001265,2026-05-23T19:51:43,harsh,Harsh Driving,medium,acknowledged,MNVR,Taxi,Yousef Al Mazrouei,YM,Dubai Taxi Corporation,DXB-B-48256,Silicon Oasis,Sheikh Mohammed Bin Zayed Rd,63,Log for end-of-shift review,no
TRG000957,2026-05-23T19:50:11,idling,Idling,low,open,DS/Teams,Public Bus,Fadi Al Mansouri,FM,Emirates Transport,DXB-B-6032,Dubai Marina,Marina Walk,,Auto-close — under 5min,no
TRG001748,2026-05-23T19:12:40,fatigue,Driver Fatigue,high,investigation,ETMP,Taxi,Karim Al Falasi,KF,Citi Taxi,DXB-G-58863,JBR,Jumeirah Beach Residence,,Instruct driver to take mandatory break,no
TRG001595,2026-05-23T18:58:01,harsh,Harsh Driving,medium,open,MNVR,Taxi,Mansour Al Hammadi,MH,Arabia Taxi,DXB-A-99915,Mirdif,Tripoli Street,60,Log for end-of-shift review,no
TRG002497,2026-05-23T18:51:05,harsh,Harsh Driving,medium,acknowledged,MNVR,Taxi,Yousef Al Mansouri,YM,Dubai Taxi Corporation,DXB-A-34674,Downtown Dubai,Burj Khalifa Blvd,89,Issue coaching alert to driver,no
TRG001297,2026-05-23T18:38:26,fatigue,Driver Fatigue,low,investigation,DS/Teams,Public Bus,Tariq Al Suwaidi,TS,RTA Public Buses,DXB-B-2920,Deira,Gold Souq Street,,Instruct driver to take mandatory break,no
TRG002025,2026-05-23T18:36:31,harsh,Harsh Driving,medium,closed,MNVR,Limousine & E-Hail,Omar Al Mazrouei,OM,Yango Premium,DXB-G-10424,Dubai Sports City,Hessa Street,86,Send to Stafteesh for fine assessment,no
TRG001569,2026-05-23T18:08:43,idling,Idling,low,investigation,ETMP,Limousine & E-Hail,Karim Al Hashimi,KH,Uber Fleet,DXB-E-67397,Jumeirah,Al Wasl Road,,Flag for daily review,no
TRG001179,2026-05-23T17:36:57,idling,Idling,low,investigation,ETMP,Taxi,Mansour Al Mazrouei,MM,Dubai Taxi Corporation,DXB-R-42980,Dubai Marina,King Salman Bin Abdulaziz Al Saud St,,Acknowledge — within tolerance,no
TRG001289,2026-05-23T17:25:05,idling,Idling,medium,open,DS/Teams,Taxi,Fadi Al Qassimi,FQ,Dubai Taxi Corporation,DXB-E-21730,Dubai Marina,Sheikh Zayed Rd Junction,,Flag for daily review,no
TRG001415,2026-05-23T17:16:04,camera,Camera Disconnection,low,open,DS/Teams,Hourly Rental,Mohammed Al Zaabi,MZ,Careem,DXB-K-65669,Downtown Dubai,Financial Center Rd,,Dispatch field tech — recurring issue,no
TRG000184,2026-05-23T17:01:56,distraction,Driver Distraction,low,fined,MNVR,Public Bus,Ibrahim Al Qassimi,IQ,RTA Public Buses,DXB-B-6913,Business Bay,Bay Avenue,,Issue formal warning — 2nd offense,no
TRG001337,2026-05-23T16:52:04,harsh,Harsh Driving,medium,open,MNVR,Taxi,Hamad Al Suwaidi,HS,Dubai Taxi Corporation,DXB-A-29414,Business Bay,Bay Avenue,71,Log for end-of-shift review,yes
TRG001071,2026-05-23T16:46:53,idling,Idling,low,stafteesh,DS/Teams,Taxi,Yousef Al Maktoum,YM,Dubai Taxi Corporation,DXB-F-94158,Downtown Dubai,Mohammed Bin Rashid Blvd,,Flag for daily review,no
TRG001593,2026-05-23T16:28:11,signal,No Signal,low,acknowledged,MNVR,Marine,Rashid Al Suwaidi,RS,Dubai Marine Transport,MAR-761,Dubai Sports City,Sports City Boulevard,,Acknowledge — temporary blackout zone,no
TRG001949,2026-05-23T16:18:26,distraction,Driver Distraction,medium,acknowledged,MNVR,Taxi,Ibrahim Al Awadhi,IA,Arabia Taxi,DXB-D-81831,Al Qusais,Al Nahda Road,,Schedule supervisor review,no
TRG001340,2026-05-23T16:15:35,harsh,Harsh Driving,medium,closed,MNVR,Taxi,Tariq Al Maktoum,TM,Metro Taxi,DXB-T-47296,Dubai Sports City,Sports City Boulevard,62,Log for end-of-shift review,no
TRG001862,2026-05-23T16:13:37,distraction,Driver Distraction,high,acknowledged,MNVR,Hourly Rental,Marwan Al Suwaidi,MS,Al Naboodah Transport,DXB-N-51124,Al Qusais,Damascus Street,,"Acknowledge — minor, log only",no
TRG000240,2026-05-23T16:09:33,harsh,Harsh Driving,high,open,ETMP,Taxi,Tariq Al Zaabi,TZ,National Taxi,DXB-Q-89506,Business Bay,Bay Avenue,92,Escalate to safety review board,no
TRG001105,2026-05-23T15:59:45,distraction,Driver Distraction,high,closed,DS/Teams,Public Bus,Ayman Al Mazrouei,AM,RTA Public Buses,DXB-B-4335,Dubai Investment Park,DIP First Road,,Issue formal warning — 2nd offense,no
TRG002450,2026-05-23T15:11:34,distraction,Driver Distraction,medium,open,DS/Teams,Taxi,Omar Al Shamsi,OS,Arabia Taxi,DXB-P-53743,Al Rashidiya,Nadd Al Hamar Rd,,Schedule supervisor review,no
TRG002519,2026-05-23T15:06:31,idling,Idling,low,acknowledged,MNVR,Public Bus,Mansour Al Zaabi,MZ,RTA Public Buses,DXB-B-4989,Downtown Dubai,Burj Khalifa Blvd,,Send efficiency reminder to driver,no
TRG001650,2026-05-23T15:04:03,distraction,Driver Distraction,high,acknowledged,DS/Teams,Public Bus,Ayman Al Marri,AM,Emirates Transport,DXB-B-6317,Jumeirah,Al Wasl Road,,Send live coaching prompt to driver,no
TRG000377,2026-05-23T14:51:08,harsh,Harsh Driving,medium,acknowledged,DS/Teams,Taxi,Marwan Al Shamsi,MS,Citi Taxi,DXB-A-17721,Business Bay,Bay Avenue,83,Log for end-of-shift review,no
TRG001793,2026-05-23T14:10:34,signal,No Signal,low,escalated,DS/Teams,Taxi,Mohammed Al Falasi,MF,Arabia Taxi,DXB-I-87169,Al Rashidiya,Rashidiya Metro Rd,,Auto-resolve when signal restored,no
TRG000303,2026-05-23T14:07:25,idling,Idling,medium,open,DS/Teams,Taxi,Nasser Al Hashimi,NH,Cars Taxi,DXB-K-25674,Dubai Investment Park,DIP First Road,,Send efficiency reminder to driver,no
TRG000428,2026-05-23T14:01:47,distraction,Driver Distraction,high,open,DS/Teams,Taxi,Salim Al Mansouri,SM,Dubai Taxi Corporation,DXB-C-32650,Jebel Ali,Jebel Ali Free Zone,,Schedule supervisor review,no
TRG001691,2026-05-23T13:56:59,camera,Camera Disconnection,low,investigation,MNVR,Taxi,Ayman Al Marri,AM,Arabia Taxi,DXB-O-36772,JBR,The Beach Promenade,,Run firmware reset remotely,yes
TRG002065,2026-05-23T13:44:21,idling,Idling,low,open,DS/Teams,Taxi,Tariq Al Zaabi,TZ,Metro Taxi,DXB-S-98998,Al Quoz,Al Khail Road,,Send efficiency reminder to driver,no
TRG000055,2026-05-23T13:12:35,distraction,Driver Distraction,high,stafteesh,MNVR,Taxi,Sultan Al Owais,SO,National Taxi,DXB-J-10494,Dubai Investment Park,DIP First Road,,Send live coaching prompt to driver,yes
TRG001164,2026-05-23T12:04:52,fatigue,Driver Fatigue,high,open,MNVR,Marine,Yousef Al Zaabi,YZ,Dubai Marine Transport,MAR-461,Downtown Dubai,Financial Center Rd,,Confirm with supervisor & monitor,no
TRG002761,2026-05-23T11:43:38,harsh,Harsh Driving,medium,closed,MNVR,Public Bus,Mansour Al Marri,MM,Emirates Transport,DXB-B-4130,Jumeirah,Al Wasl Road,72,Log for end-of-shift review,no
TRG002095,2026-05-23T11:42:16,distraction,Driver Distraction,medium,escalated,DS/Teams,Taxi,Ibrahim Al Awadhi,IA,Arabia Taxi,DXB-T-39598,Dubai Sports City,Hessa Street,,Send live coaching prompt to driver,no
TRG001568,2026-05-23T11:36:41,distraction,Driver Distraction,high,open,MNVR,Public Bus,Mahmoud Al Owais,MO,Emirates Transport,DXB-B-9630,Al Barsha,Al Barsha Road,,"Acknowledge — minor, log only",no
TRG002407,2026-05-23T11:23:22,fatigue,Driver Fatigue,high,acknowledged,ETMP,Limousine & E-Hail,Mohammed Al Naqbi,MN,Genie Limousine,DXB-K-75470,Jumeirah,Jumeirah Beach Road,,Instruct driver to take mandatory break,no
TRG002458,2026-05-23T11:08:57,harsh,Harsh Driving,low,open,MNVR,Limousine & E-Hail,Sultan Al Naqbi,SN,Genie Limousine,DXB-N-96348,Al Barsha,Sheikh Zayed Road,51,Send to Stafteesh for fine assessment,no
TRG000917,2026-05-23T11:07:54,harsh,Harsh Driving,medium,stafteesh,DS/Teams,Marine,Nasser Al Owais,NO,Dubai Marine Transport,MAR-111,Dubai Marina,Al Marsa Street,74,Escalate to safety review board,no
TRG001653,2026-05-23T10:35:15,idling,Idling,low,closed,DS/Teams,Public Bus,Hamad Al Tayer,HT,Emirates Transport,DXB-B-9634,Jebel Ali,Ibn Battuta Road,,Send efficiency reminder to driver,no
TRG002640,2026-05-23T10:12:16,fatigue,Driver Fatigue,medium,closed,ETMP,Taxi,Yousef Al Falasi,YF,Citi Taxi,DXB-H-42759,Al Rashidiya,Airport Road,,Override dispatch — pull from rotation,no
TRG002680,2026-05-23T09:50:49,distraction,Driver Distraction,high,acknowledged,MNVR,Hourly Rental,Adel Al Awadhi,AA,Al Naboodah Transport,DXB-A-71486,Jebel Ali,Ibn Battuta Road,,Issue formal warning — 2nd offense,no
TRG001117,2026-05-23T09:50:45,signal,No Signal,high,open,DS/Teams,Taxi,Ziad Al Zaabi,ZZ,Citi Taxi,DXB-P-63099,Al Quoz,Al Meydan Road,,Auto-resolve when signal restored,no
TRG000781,2026-05-23T09:42:49,distraction,Driver Distraction,medium,investigation,MNVR,School Bus,Yousef Al Hashimi,YH,Emirates Transport,DXB-S-7345,Al Rashidiya,Nadd Al Hamar Rd,,Send live coaching prompt to driver,no
TRG000121,2026-05-23T09:11:04,distraction,Driver Distraction,high,open,ETMP,Public Bus,Bilal Al Qassimi,BQ,RTA Public Buses,DXB-B-3820,Business Bay,Al Abraj Street,,Send live coaching prompt to driver,no
TRG002009,2026-05-23T09:02:44,signal,No Signal,high,investigation,DS/Teams,Limousine & E-Hail,Marwan Al Owais,MO,Hala Rides,DXB-I-87491,Downtown Dubai,Mohammed Bin Rashid Blvd,,Dispatch tech if persistent >15min,no
TRG000806,2026-05-23T08:56:02,signal,No Signal,high,open,MNVR,Taxi,Bilal Al Awadhi,BA,Metro Taxi,DXB-H-96853,Downtown Dubai,Mohammed Bin Rashid Blvd,,Acknowledge — temporary blackout zone,no
TRG001162,2026-05-23T08:54:56,camera,Camera Disconnection,medium,fined,DS/Teams,Marine,Sultan Al Mazrouei,SM,Dubai Marine Transport,MAR-431,Al Qusais,Al Nahda Road,,Dispatch field tech — recurring issue,no
TRG000300,2026-05-23T08:34:19,idling,Idling,medium,fined,ETMP,Hourly Rental,Ziad Al Zaabi,ZZ,Careem,DXB-N-28115,Deira,Al Maktoum Road,,Acknowledge — within tolerance,no
TRG000277,2026-05-23T08:28:50,signal,No Signal,medium,closed,MNVR,Hourly Rental,Bilal Al Owais,BO,Hala Rides,DXB-T-11285,Business Bay,Al Abraj Street,,Acknowledge — temporary blackout zone,no
TRG001837,2026-05-23T08:11:29,idling,Idling,low,open,DS/Teams,Public Bus,Sultan Al Hammadi,SH,RTA Public Buses,DXB-B-4492,Jumeirah,Jumeirah Beach Road,,Flag for daily review,no
TRG001157,2026-05-23T08:09:40,harsh,Harsh Driving,high,acknowledged,MNVR,Taxi,Mansour Al Nuaimi,MN,Dubai Taxi Corporation,DXB-T-87314,Business Bay,Business Bay Crossing,117,Escalate to safety review board,no
TRG000859,2026-05-23T08:07:33,harsh,Harsh Driving,medium,open,ETMP,Taxi,Yousef Al Owais,YO,Citi Taxi,DXB-B-18608,JBR,Jumeirah Beach Residence,67,Issue coaching alert to driver,no
TRG000003,2026-05-23T07:17:53,idling,Idling,medium,open,DS/Teams,Public Bus,Ziad Al Naqbi,ZN,Emirates Transport,DXB-B-8628,Jumeirah,Al Wasl Road,,Auto-close — under 5min,no
TRG000151,2026-05-23T06:46:52,camera,Camera Disconnection,high,investigation,ETMP,Limousine & E-Hail,Ayman Al Hashimi,AH,Yango Premium,DXB-K-28864,Al Rashidiya,Airport Road,,Verify cable connection at next stop,no
TRG001824,2026-05-23T06:43:30,fatigue,Driver Fatigue,medium,escalated,DS/Teams,Taxi,Ayman Al Marri,AM,Dubai Taxi Corporation,DXB-D-87329,Dubai Marina,Sheikh Zayed Rd Junction,,Confirm with supervisor & monitor,no
TRG000159,2026-05-23T06:26:52,idling,Idling,low,investigation,MNVR,Taxi,Tariq Al Suwaidi,TS,Metro Taxi,DXB-M-47010,Deira,Baniyas Square,,Send efficiency reminder to driver,no
TRG002324,2026-05-23T06:21:41,distraction,Driver Distraction,high,closed,ETMP,Taxi,Ziad Al Suwaidi,ZS,Citi Taxi,DXB-P-27425,Downtown Dubai,Mohammed Bin Rashid Blvd,,Issue formal warning — 2nd offense,no
TRG000374,2026-05-23T06:06:56,distraction,Driver Distraction,high,open,ETMP,Hourly Rental,Ziad Al Hammadi,ZH,Careem,DXB-K-84276,Dubai Investment Park,DIP First Road,,Schedule supervisor review,no
TRG002222,2026-05-23T05:44:46,signal,No Signal,low,closed,DS/Teams,Marine,Bilal Al Nuaimi,BN,Dubai Marine Transport,MAR-835,Downtown Dubai,Burj Khalifa Blvd,,Acknowledge — temporary blackout zone,no
TRG002708,2026-05-23T05:41:10,camera,Camera Disconnection,medium,acknowledged,DS/Teams,Taxi,Bilal Al Hammadi,BH,Dubai Taxi Corporation,DXB-E-41816,Jebel Ali,Jebel Ali Free Zone,,Escalate to fleet maintenance,no
TRG002250,2026-05-23T05:35:09,harsh,Harsh Driving,low,open,DS/Teams,Public Bus,Ibrahim Al Mazrouei,IM,RTA Public Buses,DXB-B-6550,Business Bay,Business Bay Crossing,59,Issue coaching alert to driver,no
TRG001147,2026-05-23T05:25:08,fatigue,Driver Fatigue,medium,acknowledged,MNVR,Public Bus,Mahmoud Al Mazrouei,MM,RTA Public Buses,DXB-B-3270,Jumeirah,Umm Suqeim Road,,Instruct driver to take mandatory break,no
TRG000673,2026-05-23T05:23:30,camera,Camera Disconnection,medium,escalated,MNVR,Limousine & E-Hail,Omar Al Hammadi,OH,Careem,DXB-G-67661,Business Bay,Business Bay Crossing,,Dispatch field tech — recurring issue,no
TRG001921,2026-05-23T05:07:56,distraction,Driver Distraction,high,stafteesh,ETMP,Taxi,Ziad Al Shamsi,ZS,Dubai Taxi Corporation,DXB-N-15123,Business Bay,Marasi Drive,,"Acknowledge — minor, log only",no
TRG001102,2026-05-23T05:02:28,distraction,Driver Distraction,medium,investigation,MNVR,Taxi,Faisal Al Qassimi,FQ,National Taxi,DXB-S-60598,Jumeirah,Al Wasl Road,,Send live coaching prompt to driver,no
TRG001449,2026-05-23T04:45:08,fatigue,Driver Fatigue,medium,escalated,MNVR,Taxi,Yousef Al Hammadi,YH,Citi Taxi,DXB-S-41718,Al Quoz,Al Meydan Road,,Instruct driver to take mandatory break,no
TRG000417,2026-05-23T04:45:06,signal,No Signal,high,acknowledged,ETMP,Taxi,Omar Al Mazrouei,OM,Arabia Taxi,DXB-Q-52962,Jebel Ali,Jebel Ali Free Zone,,Acknowledge — temporary blackout zone,no
TRG000772,2026-05-23T04:26:19,signal,No Signal,high,open,MNVR,Hourly Rental,Yousef Al Mazrouei,YM,Hala Rides,DXB-B-30009,Deira,Al Maktoum Road,,Re-establish GPS handshake,no
TRG002071,2026-05-23T04:20:08,fatigue,Driver Fatigue,high,investigation,MNVR,Hourly Rental,Tariq Al Nuaimi,TN,Hala Rides,DXB-M-50753,Business Bay,Marasi Drive,,Override dispatch — pull from rotation,no
TRG002518,2026-05-23T04:14:34,camera,Camera Disconnection,high,open,MNVR,Limousine & E-Hail,Ziad Al Hashimi,ZH,Hala Rides,DXB-M-25795,Al Quoz,Al Asayel Street,,Dispatch field tech — recurring issue,no
TRG001443,2026-05-23T04:12:23,camera,Camera Disconnection,medium,open,DS/Teams,Public Bus,Omar Al Qassimi,OQ,Emirates Transport,DXB-B-3739,Dubai Investment Park,Green Community,,Run firmware reset remotely,no
TRG002054,2026-05-23T04:07:20,signal,No Signal,high,open,MNVR,Hourly Rental,Hassan Al Mazrouei,HM,Careem,DXB-T-69248,Dubai Investment Park,Green Community,,Acknowledge — temporary blackout zone,no
TRG002215,2026-05-23T03:55:00,harsh,Harsh Driving,medium,investigation,MNVR,Hourly Rental,Adel Al Zaabi,AZ,Careem,DXB-B-49237,Deira,Al Rigga Road,60,Escalate to safety review board,no
TRG002416,2026-05-23T03:50:05,fatigue,Driver Fatigue,high,acknowledged,MNVR,Taxi,Faisal Al Maktoum,FM,Citi Taxi,DXB-R-32112,Jebel Ali,Jebel Ali Free Zone,,Override dispatch — pull from rotation,no
TRG001023,2026-05-23T02:38:42,fatigue,Driver Fatigue,medium,fined,MNVR,Taxi,Walid Al Owais,WO,Metro Taxi,DXB-H-26623,JBR,Jumeirah Beach Residence,,Instruct driver to take mandatory break,no
TRG000434,2026-05-23T02:25:11,harsh,Harsh Driving,medium,stafteesh,ETMP,Taxi,Mahmoud Al Nuaimi,MN,National Taxi,DXB-M-54953,Al Barsha,Sheikh Zayed Road,60,Issue coaching alert to driver,no
TRG002131,2026-05-23T02:04:55,fatigue,Driver Fatigue,medium,open,DS/Teams,Taxi,Mahmoud Al Mansouri,MM,Arabia Taxi,DXB-B-52589,Dubai Sports City,Els Club Rd,,Instruct driver to take mandatory break,no
TRG000285,2026-05-23T02:04:45,fatigue,Driver Fatigue,high,closed,MNVR,Taxi,Ayman Al Mazrouei,AM,Metro Taxi,DXB-H-12051,Silicon Oasis,Wadi Al Safa St,,Confirm with supervisor & monitor,no
TRG001073,2026-05-23T01:24:18,distraction,Driver Distraction,high,closed,ETMP,Public Bus,Mahmoud Al Hashimi,MH,RTA Public Buses,DXB-B-4255,Al Barsha,Sheikh Zayed Road,,"Acknowledge — minor, log only",no
TRG000897,2026-05-23T01:08:42,distraction,Driver Distraction,high,stafteesh,MNVR,Limousine & E-Hail,Marwan Al Shamsi,MS,Yango Premium,DXB-C-39952,Downtown Dubai,Burj Khalifa Blvd,,"Acknowledge — minor, log only",no
TRG000234,2026-05-23T00:49:01,idling,Idling,medium,closed,DS/Teams,Taxi,Yousef Al Mansouri,YM,Dubai Taxi Corporation,DXB-P-14945,Dubai Investment Park,Schoolzone Rd,,Auto-close — under 5min,no
TRG002758,2026-05-23T00:42:48,camera,Camera Disconnection,high,open,MNVR,Public Bus,Khalid Al Marri,KM,RTA Public Buses,DXB-B-4932,JBR,Jumeirah Beach Residence,,Run firmware reset remotely,no
TRG002449,2026-05-23T00:30:16,signal,No Signal,low,open,DS/Teams,Taxi,Mahmoud Al Mansouri,MM,Cars Taxi,DXB-Q-36216,Jebel Ali,Ibn Battuta Road,,Acknowledge — temporary blackout zone,no
TRG002132,2026-05-23T00:18:06,idling,Idling,medium,open,MNVR,Taxi,Marwan Al Zaabi,MZ,Dubai Taxi Corporation,DXB-O-63198,Dubai Marina,Sheikh Zayed Rd Junction,,Flag for daily review,no
TRG000405,2026-05-22T23:54:26,idling,Idling,medium,acknowledged,MNVR,Limousine & E-Hail,Ayman Al Owais,AO,Yango Premium,DXB-N-35396,Jumeirah,Umm Suqeim Road,,Send efficiency reminder to driver,no
TRG000423,2026-05-22T23:35:45,fatigue,Driver Fatigue,low,investigation,MNVR,Hourly Rental,Ayman Al Falasi,AF,Careem,DXB-C-61431,Jebel Ali,Jebel Ali Free Zone,,Route to nearest rest stop,no
TRG001504,2026-05-22T23:21:29,harsh,Harsh Driving,low,acknowledged,MNVR,Limousine & E-Hail,Nasser Al Awadhi,NA,Genie Limousine,DXB-Q-10049,Business Bay,Al Abraj Street,65,Log for end-of-shift review,no
TRG001952,2026-05-22T23:08:51,distraction,Driver Distraction,high,closed,MNVR,Public Bus,Yousef Al Shamsi,YS,RTA Public Buses,DXB-B-1357,Al Qusais,Damascus Street,,"Acknowledge — minor, log only",no
TRG000261,2026-05-22T22:57:38,signal,No Signal,medium,open,MNVR,Limousine & E-Hail,Mohammed Al Mansouri,MM,Hala Rides,DXB-B-36733,Al Barsha,Sheikh Zayed Road,,Re-establish GPS handshake,no
TRG001648,2026-05-22T22:47:22,camera,Camera Disconnection,medium,acknowledged,DS/Teams,Taxi,Bilal Al Shamsi,BS,Cars Taxi,DXB-A-37643,Jumeirah,Umm Suqeim Road,,Dispatch field tech — recurring issue,no
TRG002246,2026-05-22T21:29:42,idling,Idling,medium,open,ETMP,Taxi,Khalid Al Hammadi,KH,Cars Taxi,DXB-L-36575,Jebel Ali,Ibn Battuta Road,,Acknowledge — within tolerance,no
TRG002039,2026-05-22T21:23:41,camera,Camera Disconnection,medium,stafteesh,MNVR,Hourly Rental,Mahmoud Al Maktoum,MM,Hala Rides,DXB-M-48193,Deira,Gold Souq Street,,Run firmware reset remotely,no
TRG001010,2026-05-22T21:04:47,harsh,Harsh Driving,medium,investigation,ETMP,Public Bus,Tariq Al Naqbi,TN,Emirates Transport,DXB-B-9806,Silicon Oasis,Dubai Silicon Oasis Hub,67,Log for end-of-shift review,no
TRG000577,2026-05-22T20:49:27,fatigue,Driver Fatigue,high,open,MNVR,Taxi,Walid Al Naqbi,WN,Cars Taxi,DXB-H-51711,JBR,The Walk,,Instruct driver to take mandatory break,no
TRG002604,2026-05-22T20:32:18,harsh,Harsh Driving,high,escalated,DS/Teams,Public Bus,Adel Al Marri,AM,RTA Public Buses,DXB-B-9995,Dubai Sports City,Els Club Rd,104,Log for end-of-shift review,no
TRG002371,2026-05-22T20:04:24,fatigue,Driver Fatigue,high,closed,MNVR,Public Bus,Tariq Al Qassimi,TQ,RTA Public Buses,DXB-B-2695,Al Qusais,Al Nahda Road,,Override dispatch — pull from rotation,no
TRG002794,2026-05-22T19:58:11,fatigue,Driver Fatigue,high,escalated,ETMP,School Bus,Yousef Al Shamsi,YS,Emirates Transport,DXB-S-1791,Al Qusais,Al Nahda Road,,Route to nearest rest stop,no
TRG000757,2026-05-22T19:55:56,harsh,Harsh Driving,high,acknowledged,ETMP,Taxi,Rashid Al Naqbi,RN,Dubai Taxi Corporation,DXB-H-98744,Jumeirah,Al Wasl Road,138,Log for end-of-shift review,no
TRG000623,2026-05-22T19:49:42,camera,Camera Disconnection,medium,investigation,DS/Teams,Marine,Fadi Al Qassimi,FQ,Dubai Marine Transport,MAR-227,Business Bay,Bay Avenue,,Run firmware reset remotely,no
TRG000087,2026-05-22T19:34:03,fatigue,Driver Fatigue,high,closed,MNVR,Marine,Walid Al Qassimi,WQ,Dubai Marine Transport,MAR-269,Deira,Baniyas Square,,Instruct driver to take mandatory break,no
TRG001961,2026-05-22T19:01:35,distraction,Driver Distraction,high,open,DS/Teams,Taxi,Mahmoud Al Mansouri,MM,Arabia Taxi,DXB-H-70423,Dubai Sports City,Els Club Rd,,Issue formal warning — 2nd offense,no
TRG001038,2026-05-22T18:50:02,idling,Idling,low,open,DS/Teams,Taxi,Karim Al Hammadi,KH,Cars Taxi,DXB-E-19080,Jebel Ali,Ibn Battuta Road,,Flag for daily review,no
TRG001695,2026-05-22T18:47:35,camera,Camera Disconnection,low,investigation,ETMP,Hourly Rental,Hassan Al Zaabi,HZ,Hala Rides,DXB-P-75812,Business Bay,Bay Avenue,,Run firmware reset remotely,no
TRG001035,2026-05-22T18:40:55,distraction,Driver Distraction,medium,open,MNVR,Taxi,Fadi Al Hammadi,FH,Dubai Taxi Corporation,DXB-B-24994,Silicon Oasis,Wadi Al Safa St,,Schedule supervisor review,yes
TRG000934,2026-05-22T18:30:48,distraction,Driver Distraction,high,escalated,MNVR,Taxi,Mohammed Al Shamsi,MS,Metro Taxi,DXB-A-48661,Mirdif,Algeria Street,,Schedule supervisor review,yes
TRG000054,2026-05-22T17:57:18,idling,Idling,low,acknowledged,DS/Teams,Public Bus,Ayman Al Awadhi,AA,RTA Public Buses,DXB-B-7153,Al Quoz,Al Khail Road,,Acknowledge — within tolerance,no
TRG001637,2026-05-22T17:40:43,fatigue,Driver Fatigue,high,closed,DS/Teams,Taxi,Fadi Al Hashimi,FH,Dubai Taxi Corporation,DXB-S-36716,Jebel Ali,Ibn Battuta Road,,Route to nearest rest stop,no
TRG001920,2026-05-22T17:37:25,fatigue,Driver Fatigue,medium,open,DS/Teams,Taxi,Khalid Al Hashimi,KH,Citi Taxi,DXB-N-56331,Silicon Oasis,Sheikh Mohammed Bin Zayed Rd,,Override dispatch — pull from rotation,no
TRG002092,2026-05-22T17:16:37,signal,No Signal,low,open,DS/Teams,Taxi,Omar Al Owais,OO,Dubai Taxi Corporation,DXB-B-51294,Silicon Oasis,Sheikh Mohammed Bin Zayed Rd,,Dispatch tech if persistent >15min,no
TRG001915,2026-05-22T16:58:28,fatigue,Driver Fatigue,medium,stafteesh,MNVR,Public Bus,Nasser Al Nuaimi,NN,RTA Public Buses,DXB-B-1504,Jumeirah,Umm Suqeim Road,,Confirm with supervisor & monitor,no
TRG001286,2026-05-22T16:28:18,idling,Idling,low,closed,MNVR,Taxi,Mahmoud Al Hashimi,MH,National Taxi,DXB-D-64684,JBR,The Walk,,Send efficiency reminder to driver,no
TRG000255,2026-05-22T16:02:41,harsh,Harsh Driving,medium,investigation,MNVR,Hourly Rental,Mansour Al Marri,MM,Al Naboodah Transport,DXB-I-21733,Downtown Dubai,Financial Center Rd,78,Issue coaching alert to driver,no
TRG002026,2026-05-22T15:34:31,idling,Idling,low,closed,MNVR,School Bus,Saeed Al Naqbi,SN,School Transport Services,DXB-S-4747,Jebel Ali,Sheikh Zayed Road,,Flag for daily review,no
TRG000456,2026-05-22T15:30:35,idling,Idling,low,acknowledged,ETMP,Limousine & E-Hail,Ibrahim Al Zaabi,IZ,Hala Rides,DXB-E-57855,Business Bay,Business Bay Crossing,,Acknowledge — within tolerance,no
TRG000361,2026-05-22T15:28:41,fatigue,Driver Fatigue,high,acknowledged,MNVR,Limousine & E-Hail,Rashid Al Naqbi,RN,Uber Fleet,DXB-L-12196,Mirdif,Algeria Street,,Override dispatch — pull from rotation,no
TRG001345,2026-05-22T14:47:44,signal,No Signal,medium,open,MNVR,Limousine & E-Hail,Saeed Al Qassimi,SQ,Genie Limousine,DXB-G-28240,Business Bay,Al Abraj Street,,Re-establish GPS handshake,no
TRG000075,2026-05-22T14:13:21,distraction,Driver Distraction,medium,acknowledged,MNVR,Taxi,Ayman Al Maktoum,AM,Dubai Taxi Corporation,DXB-B-10342,Al Barsha,Al Barsha Road,,Issue formal warning — 2nd offense,no
TRG000023,2026-05-22T13:55:25,harsh,Harsh Driving,low,acknowledged,MNVR,Taxi,Mohammed Al Owais,MO,Citi Taxi,DXB-O-67731,Downtown Dubai,Financial Center Rd,62,Issue coaching alert to driver,no
TRG002681,2026-05-22T13:53:06,distraction,Driver Distraction,high,open,ETMP,Marine,Mahmoud Al Hammadi,MH,Dubai Marine Transport,MAR-938,Deira,Baniyas Square,,Schedule supervisor review,no
TRG000826,2026-05-22T13:13:45,harsh,Harsh Driving,medium,escalated,DS/Teams,Limousine & E-Hail,Walid Al Maktoum,WM,Genie Limousine,DXB-C-24663,Deira,Al Maktoum Road,86,Escalate to safety review board,no
TRG000911,2026-05-22T13:05:14,camera,Camera Disconnection,medium,fined,DS/Teams,Hourly Rental,Ayman Al Qassimi,AQ,Hala Rides,DXB-R-89315,Business Bay,Business Bay Crossing,,Dispatch field tech — recurring issue,no
TRG002314,2026-05-22T12:56:12,signal,No Signal,medium,open,MNVR,Taxi,Faisal Al Tayer,FT,Dubai Taxi Corporation,DXB-R-29960,Al Barsha,Sheikh Zayed Road,,Acknowledge — temporary blackout zone,no
TRG002331,2026-05-22T12:56:10,distraction,Driver Distraction,low,investigation,MNVR,Limousine & E-Hail,Rashid Al Awadhi,RA,Hala Rides,DXB-S-53687,JBR,The Walk,,Schedule supervisor review,no
TRG001693,2026-05-22T12:21:19,camera,Camera Disconnection,high,open,DS/Teams,Taxi,Fadi Al Marri,FM,Dubai Taxi Corporation,DXB-O-35363,Mirdif,Mirdif City Centre Rd,,Dispatch field tech — recurring issue,no
TRG002731,2026-05-22T12:19:51,idling,Idling,low,stafteesh,MNVR,Taxi,Karim Al Mazrouei,KM,National Taxi,DXB-N-28302,Al Qusais,Beirut Street,,Auto-close — under 5min,no
TRG002223,2026-05-22T11:58:14,camera,Camera Disconnection,high,open,MNVR,Taxi,Tariq Al Maktoum,TM,Metro Taxi,DXB-Q-90859,Downtown Dubai,Mohammed Bin Rashid Blvd,,Run firmware reset remotely,no
TRG000986,2026-05-22T11:46:51,idling,Idling,low,investigation,MNVR,Public Bus,Yousef Al Zaabi,YZ,Emirates Transport,DXB-B-8108,Al Quoz,Al Asayel Street,,Flag for daily review,no
TRG000520,2026-05-22T11:37:39,fatigue,Driver Fatigue,high,acknowledged,DS/Teams,Taxi,Mohammed Al Tayer,MT,National Taxi,DXB-T-67858,Deira,Al Maktoum Road,,Override dispatch — pull from rotation,no
TRG001019,2026-05-22T11:37:29,idling,Idling,low,acknowledged,MNVR,Public Bus,Saeed Al Naqbi,SN,RTA Public Buses,DXB-B-1925,Downtown Dubai,Burj Khalifa Blvd,,Flag for daily review,no
TRG002142,2026-05-22T11:36:06,distraction,Driver Distraction,medium,open,DS/Teams,Taxi,Mansour Al Hammadi,MH,Dubai Taxi Corporation,DXB-F-92006,Business Bay,Bay Avenue,,Send live coaching prompt to driver,no
TRG002557,2026-05-22T11:27:22,distraction,Driver Distraction,high,investigation,DS/Teams,Public Bus,Mohammed Al Maktoum,MM,Emirates Transport,DXB-B-8864,Downtown Dubai,Mohammed Bin Rashid Blvd,,"Acknowledge — minor, log only",no
TRG000719,2026-05-22T11:20:58,distraction,Driver Distraction,low,closed,ETMP,Hourly Rental,Omar Al Mansouri,OM,Al Naboodah Transport,DXB-P-87221,Business Bay,Bay Avenue,,Send live coaching prompt to driver,no
TRG000350,2026-05-22T11:18:10,harsh,Harsh Driving,high,open,DS/Teams,Taxi,Rashid Al Maktoum,RM,Arabia Taxi,DXB-Q-41305,Dubai Marina,Al Marsa Street,139,Issue coaching alert to driver,no
TRG001591,2026-05-22T10:12:06,harsh,Harsh Driving,high,open,MNVR,Taxi,Mohammed Al Tayer,MT,Cars Taxi,DXB-P-73023,Al Qusais,Beirut Street,96,Log for end-of-shift review,no
TRG001511,2026-05-22T09:52:32,idling,Idling,high,open,MNVR,School Bus,Faisal Al Suwaidi,FS,Emirates Transport,DXB-S-1771,Business Bay,Marasi Drive,,Acknowledge — within tolerance,no
TRG002082,2026-05-22T09:41:36,distraction,Driver Distraction,high,closed,MNVR,Limousine & E-Hail,Hassan Al Awadhi,HA,Careem,DXB-O-70120,Downtown Dubai,Sheikh Mohammed Bin Rashid Blvd,,Issue formal warning — 2nd offense,no
TRG002712,2026-05-22T09:21:44,fatigue,Driver Fatigue,high,closed,MNVR,Marine,Rashid Al Naqbi,RN,Dubai Marine Transport,MAR-275,Jebel Ali,Jebel Ali Free Zone,,Override dispatch — pull from rotation,no
TRG002118,2026-05-22T09:00:39,idling,Idling,low,acknowledged,ETMP,Taxi,Omar Al Mazrouei,OM,Citi Taxi,DXB-G-83219,Business Bay,Bay Avenue,,Flag for daily review,no
TRG000133,2026-05-22T08:29:38,harsh,Harsh Driving,medium,investigation,MNVR,Public Bus,Walid Al Mazrouei,WM,RTA Public Buses,DXB-B-5473,Dubai Marina,Al Marsa Street,63,Send to Stafteesh for fine assessment,no
TRG002750,2026-05-22T08:23:20,distraction,Driver Distraction,low,acknowledged,MNVR,Taxi,Salim Al Hashimi,SH,Dubai Taxi Corporation,DXB-D-93694,Dubai Marina,King Salman Bin Abdulaziz Al Saud St,,Send live coaching prompt to driver,no
TRG001491,2026-05-22T08:07:28,distraction,Driver Distraction,medium,closed,MNVR,Limousine & E-Hail,Karim Al Mansouri,KM,Hala Rides,DXB-F-52815,Business Bay,Marasi Drive,,Schedule supervisor review,no
TRG002727,2026-05-22T07:56:29,signal,No Signal,high,stafteesh,DS/Teams,School Bus,Omar Al Shamsi,OS,Emirates Transport,DXB-S-4568,Jumeirah,Umm Suqeim Road,,Auto-resolve when signal restored,yes
TRG002245,2026-05-22T07:41:30,idling,Idling,low,escalated,MNVR,Hourly Rental,Bilal Al Hashimi,BH,Hala Rides,DXB-M-99970,Dubai Marina,Al Marsa Street,,Auto-close — under 5min,no
TRG002150,2026-05-22T07:15:18,harsh,Harsh Driving,medium,closed,ETMP,School Bus,Ahmed Al Qassimi,AQ,School Transport Services,DXB-S-8444,Dubai Marina,Sheikh Zayed Rd Junction,68,Escalate to safety review board,no
TRG001178,2026-05-22T07:05:50,fatigue,Driver Fatigue,medium,fined,MNVR,Taxi,Salim Al Suwaidi,SS,Arabia Taxi,DXB-Q-99631,Al Quoz,Al Khail Road,,Override dispatch — pull from rotation,no
TRG001434,2026-05-22T06:50:22,harsh,Harsh Driving,high,acknowledged,MNVR,School Bus,Sultan Al Zaabi,SZ,School Transport Services,DXB-S-7443,Deira,Gold Souq Street,137,Send to Stafteesh for fine assessment,no
TRG001372,2026-05-22T06:37:16,camera,Camera Disconnection,medium,closed,DS/Teams,Public Bus,Rashid Al Naqbi,RN,Emirates Transport,DXB-B-7200,Jumeirah,Jumeirah Beach Road,,Verify cable connection at next stop,no
TRG002273,2026-05-22T05:53:14,distraction,Driver Distraction,high,acknowledged,MNVR,Public Bus,Fadi Al Mansouri,FM,Emirates Transport,DXB-B-7024,JBR,Jumeirah Beach Residence,,"Acknowledge — minor, log only",no
TRG001331,2026-05-22T05:34:08,distraction,Driver Distraction,low,investigation,ETMP,Taxi,Walid Al Mazrouei,WM,Citi Taxi,DXB-D-32933,Al Qusais,Al Nahda Road,,Issue formal warning — 2nd offense,no
TRG000030,2026-05-22T05:32:23,distraction,Driver Distraction,high,acknowledged,MNVR,Public Bus,Salim Al Owais,SO,RTA Public Buses,DXB-B-1564,Deira,Al Rigga Road,,Issue formal warning — 2nd offense,no
TRG002107,2026-05-22T05:02:58,harsh,Harsh Driving,high,closed,MNVR,Taxi,Karim Al Marri,KM,Citi Taxi,DXB-B-75344,JBR,Jumeirah Beach Residence,102,Escalate to safety review board,no
TRG001659,2026-05-22T05:01:09,distraction,Driver Distraction,high,open,MNVR,Taxi,Sultan Al Mansouri,SM,Dubai Taxi Corporation,DXB-D-29066,Dubai Marina,Sheikh Zayed Rd Junction,,Schedule supervisor review,no
TRG002337,2026-05-22T04:33:23,idling,Idling,medium,closed,ETMP,Public Bus,Ziad Al Naqbi,ZN,RTA Public Buses,DXB-B-3076,Deira,Al Rigga Road,,Acknowledge — within tolerance,no
TRG001407,2026-05-22T04:32:16,fatigue,Driver Fatigue,medium,closed,MNVR,Taxi,Mahmoud Al Marri,MM,Dubai Taxi Corporation,DXB-M-22934,Al Qusais,Damascus Street,,Confirm with supervisor & monitor,no
TRG000118,2026-05-22T04:24:27,idling,Idling,low,closed,ETMP,Taxi,Bilal Al Falasi,BF,National Taxi,DXB-O-20713,Dubai Investment Park,Green Community,,Flag for daily review,no
TRG000962,2026-05-22T04:18:57,distraction,Driver Distraction,high,closed,DS/Teams,Taxi,Faisal Al Owais,FO,Dubai Taxi Corporation,DXB-Q-53542,Al Qusais,Beirut Street,,Schedule supervisor review,no
TRG002247,2026-05-22T04:14:29,camera,Camera Disconnection,medium,escalated,MNVR,Taxi,Fadi Al Qassimi,FQ,Dubai Taxi Corporation,DXB-L-37550,Al Quoz,Al Khail Road,,Verify cable connection at next stop,no
TRG002168,2026-05-22T04:05:25,idling,Idling,medium,open,DS/Teams,Taxi,Fadi Al Shamsi,FS,Citi Taxi,DXB-N-96883,Business Bay,Al Abraj Street,,Flag for daily review,no
TRG000701,2026-05-22T04:04:33,harsh,Harsh Driving,high,fined,MNVR,Taxi,Ibrahim Al Owais,IO,Cars Taxi,DXB-L-81140,Al Qusais,Al Nahda Road,80,Issue coaching alert to driver,no
TRG002248,2026-05-22T03:47:17,idling,Idling,medium,fined,MNVR,Limousine & E-Hail,Karim Al Hashimi,KH,Careem,DXB-M-62672,Jumeirah,Al Wasl Road,,Flag for daily review,no
TRG000937,2026-05-22T03:33:29,distraction,Driver Distraction,high,closed,DS/Teams,Limousine & E-Hail,Khalid Al Mazrouei,KM,Yango Premium,DXB-C-62352,Jebel Ali,Jebel Ali Free Zone,,Schedule supervisor review,no
TRG000432,2026-05-22T03:07:54,harsh,Harsh Driving,high,closed,DS/Teams,Hourly Rental,Khalid Al Hashimi,KH,Careem,DXB-A-87227,Dubai Sports City,Sports City Boulevard,114,Send to Stafteesh for fine assessment,no
TRG000123,2026-05-22T03:06:43,idling,Idling,low,open,MNVR,Taxi,Ibrahim Al Mazrouei,IM,Arabia Taxi,DXB-H-28762,Downtown Dubai,Mohammed Bin Rashid Blvd,,Acknowledge — within tolerance,no
TRG002121,2026-05-22T02:48:14,fatigue,Driver Fatigue,high,open,MNVR,Taxi,Sultan Al Zaabi,SZ,Metro Taxi,DXB-O-18407,Jebel Ali,Jebel Ali Free Zone,,Confirm with supervisor & monitor,no
TRG002272,2026-05-22T02:34:26,camera,Camera Disconnection,high,open,DS/Teams,Limousine & E-Hail,Nasser Al Tayer,NT,Uber Fleet,DXB-T-75017,Deira,Al Maktoum Road,,Verify cable connection at next stop,no
TRG001721,2026-05-22T02:34:14,camera,Camera Disconnection,medium,acknowledged,DS/Teams,Limousine & E-Hail,Walid Al Zaabi,WZ,Uber Fleet,DXB-L-87869,Al Barsha,Sheikh Zayed Road,,Escalate to fleet maintenance,no
TRG001356,2026-05-22T02:11:46,harsh,Harsh Driving,high,open,MNVR,Public Bus,Faisal Al Awadhi,FA,Emirates Transport,DXB-B-2207,Dubai Marina,King Salman Bin Abdulaziz Al Saud St,121,Send to Stafteesh for fine assessment,no
TRG001599,2026-05-22T02:10:33,camera,Camera Disconnection,medium,closed,DS/Teams,Limousine & E-Hail,Adel Al Owais,AO,Hala Rides,DXB-O-77052,Al Qusais,Al Nahda Road,,Run firmware reset remotely,no
TRG002022,2026-05-22T01:47:41,distraction,Driver Distraction,high,open,DS/Teams,Hourly Rental,Walid Al Zaabi,WZ,Al Naboodah Transport,DXB-H-12099,Al Qusais,Damascus Street,,Send live coaching prompt to driver,no
TRG001321,2026-05-22T01:43:32,harsh,Harsh Driving,medium,open,MNVR,Taxi,Mohammed Al Mansouri,MM,Arabia Taxi,DXB-L-92716,Business Bay,Business Bay Crossing,61,Escalate to safety review board,no
TRG001053,2026-05-22T01:26:40,idling,Idling,low,closed,DS/Teams,Public Bus,Sultan Al Falasi,SF,Emirates Transport,DXB-B-2118,Al Barsha,Al Barsha Road,,Send efficiency reminder to driver,no
TRG000920,2026-05-22T01:25:57,idling,Idling,low,open,DS/Teams,Taxi,Hassan Al Maktoum,HM,Cars Taxi,DXB-K-37255,Business Bay,Business Bay Crossing,,Auto-close — under 5min,no
TRG002288,2026-05-22T00:40:49,idling,Idling,low,open,DS/Teams,Limousine & E-Hail,Adel Al Suwaidi,AS,Yango Premium,DXB-H-91453,Jebel Ali,Sheikh Zayed Road,,Flag for daily review,no
TRG002174,2026-05-22T00:26:58,distraction,Driver Distraction,medium,open,DS/Teams,Limousine & E-Hail,Faisal Al Mazrouei,FM,Genie Limousine,DXB-R-50784,Dubai Investment Park,DIP First Road,,Schedule supervisor review,no
TRG000442,2026-05-22T00:25:58,harsh,Harsh Driving,high,escalated,MNVR,School Bus,Fadi Al Shamsi,FS,Emirates Transport,DXB-S-5934,Dubai Marina,Sheikh Zayed Rd Junction,132,Issue coaching alert to driver,no
TRG001293,2026-05-21T23:51:58,fatigue,Driver Fatigue,low,stafteesh,MNVR,Limousine & E-Hail,Khalid Al Qassimi,KQ,Genie Limousine,DXB-S-69320,Downtown Dubai,Mohammed Bin Rashid Blvd,,Confirm with supervisor & monitor,no
TRG000209,2026-05-21T23:45:02,idling,Idling,low,open,DS/Teams,Taxi,Mahmoud Al Marri,MM,Citi Taxi,DXB-S-72471,Jebel Ali,Jebel Ali Free Zone,,Flag for daily review,no
TRG002098,2026-05-21T23:42:04,fatigue,Driver Fatigue,medium,closed,MNVR,Taxi,Nasser Al Maktoum,NM,Arabia Taxi,DXB-B-73398,Business Bay,Al Abraj Street,,Confirm with supervisor & monitor,no
TRG002675,2026-05-21T23:26:57,fatigue,Driver Fatigue,medium,acknowledged,MNVR,Marine,Hassan Al Shamsi,HS,Dubai Marine Transport,MAR-196,Dubai Investment Park,DIP First Road,,Route to nearest rest stop,no
TRG002648,2026-05-21T23:14:01,distraction,Driver Distraction,high,acknowledged,DS/Teams,Public Bus,Walid Al Awadhi,WA,Emirates Transport,DXB-B-5713,Dubai Marina,Sheikh Zayed Rd Junction,,Issue formal warning — 2nd offense,no
TRG001329,2026-05-21T22:53:07,idling,Idling,medium,stafteesh,DS/Teams,Taxi,Ahmed Al Hashimi,AH,National Taxi,DXB-Q-51403,Dubai Marina,Marina Walk,,Send efficiency reminder to driver,no
TRG002326,2026-05-21T22:36:59,harsh,Harsh Driving,medium,open,MNVR,Public Bus,Saeed Al Hammadi,SH,RTA Public Buses,DXB-B-8785,Downtown Dubai,Mohammed Bin Rashid Blvd,78,Log for end-of-shift review,no
TRG001942,2026-05-21T22:28:05,camera,Camera Disconnection,high,open,MNVR,Hourly Rental,Saeed Al Naqbi,SN,Careem,DXB-M-92543,Mirdif,Tripoli Street,,Verify cable connection at next stop,no
TRG000193,2026-05-21T21:29:55,camera,Camera Disconnection,high,open,DS/Teams,Taxi,Ibrahim Al Shamsi,IS,Arabia Taxi,DXB-A-13373,Al Barsha,Al Barsha Road,,Escalate to fleet maintenance,no
TRG000462,2026-05-21T21:13:14,distraction,Driver Distraction,medium,closed,ETMP,Public Bus,Salim Al Mazrouei,SM,RTA Public Buses,DXB-B-4961,Deira,Al Maktoum Road,,Issue formal warning — 2nd offense,no
TRG000306,2026-05-21T21:03:47,idling,Idling,medium,fined,DS/Teams,Limousine & E-Hail,Hamad Al Falasi,HF,Genie Limousine,DXB-K-31493,Downtown Dubai,Burj Khalifa Blvd,,Auto-close — under 5min,no
TRG002244,2026-05-21T21:02:57,idling,Idling,low,open,DS/Teams,Public Bus,Nasser Al Shamsi,NS,Emirates Transport,DXB-B-9575,Al Qusais,Damascus Street,,Acknowledge — within tolerance,no
TRG002591,2026-05-21T20:37:18,distraction,Driver Distraction,low,acknowledged,MNVR,Limousine & E-Hail,Yousef Al Mansouri,YM,Uber Fleet,DXB-N-65833,Jebel Ali,Jebel Ali Free Zone,,Send live coaching prompt to driver,no
TRG000999,2026-05-21T20:03:42,distraction,Driver Distraction,medium,fined,DS/Teams,School Bus,Rashid Al Owais,RO,School Transport Services,DXB-S-9594,Dubai Marina,Sheikh Zayed Rd Junction,,Issue formal warning — 2nd offense,no
TRG002473,2026-05-21T19:49:56,fatigue,Driver Fatigue,high,open,MNVR,Taxi,Faisal Al Maktoum,FM,Metro Taxi,DXB-B-37321,Jebel Ali,Sheikh Zayed Road,,Override dispatch — pull from rotation,no
TRG000161,2026-05-21T19:26:02,idling,Idling,medium,open,ETMP,Limousine & E-Hail,Ibrahim Al Maktoum,IM,Yango Premium,DXB-F-66453,Al Qusais,Damascus Street,,Flag for daily review,no
TRG001865,2026-05-21T19:20:20,fatigue,Driver Fatigue,high,investigation,DS/Teams,Taxi,Fadi Al Qassimi,FQ,National Taxi,DXB-J-92573,JBR,The Beach Promenade,,Override dispatch — pull from rotation,no
TRG001393,2026-05-21T18:55:24,distraction,Driver Distraction,medium,stafteesh,MNVR,Public Bus,Rashid Al Falasi,RF,Emirates Transport,DXB-B-6699,Business Bay,Business Bay Crossing,,Schedule supervisor review,no
TRG002512,2026-05-21T18:28:11,signal,No Signal,medium,open,ETMP,Taxi,Ayman Al Mansouri,AM,Citi Taxi,DXB-E-90487,Al Barsha,Mall of the Emirates,,Re-establish GPS handshake,no
TRG002500,2026-05-21T18:26:48,distraction,Driver Distraction,low,acknowledged,DS/Teams,Limousine & E-Hail,Yousef Al Tayer,YT,Genie Limousine,DXB-A-89575,Silicon Oasis,Wadi Al Safa St,,Schedule supervisor review,no
TRG002000,2026-05-21T18:23:11,idling,Idling,low,open,MNVR,Taxi,Faisal Al Falasi,FF,National Taxi,DXB-N-81408,Downtown Dubai,Burj Khalifa Blvd,,Auto-close — under 5min,no
TRG000399,2026-05-21T18:14:46,harsh,Harsh Driving,low,acknowledged,MNVR,Limousine & E-Hail,Hassan Al Zaabi,HZ,Yango Premium,DXB-N-15652,Deira,Al Maktoum Road,68,Escalate to safety review board,no
TRG002133,2026-05-21T18:00:30,distraction,Driver Distraction,medium,investigation,MNVR,Hourly Rental,Saeed Al Qassimi,SQ,Careem,DXB-O-87911,Al Rashidiya,Airport Road,,Send live coaching prompt to driver,no
TRG002062,2026-05-21T17:52:12,distraction,Driver Distraction,high,open,MNVR,Taxi,Ibrahim Al Zaabi,IZ,Cars Taxi,DXB-O-63815,Al Qusais,Al Nahda Road,,Issue formal warning — 2nd offense,no
TRG001044,2026-05-21T17:42:48,signal,No Signal,low,open,ETMP,Limousine & E-Hail,Yousef Al Zaabi,YZ,Yango Premium,DXB-E-74839,Dubai Marina,Marina Walk,,Re-establish GPS handshake,no
TRG000357,2026-05-21T17:19:50,harsh,Harsh Driving,high,closed,MNVR,Taxi,Rashid Al Suwaidi,RS,Metro Taxi,DXB-I-25333,Downtown Dubai,Mohammed Bin Rashid Blvd,87,Send to Stafteesh for fine assessment,no
TRG000786,2026-05-21T17:11:55,distraction,Driver Distraction,high,open,ETMP,Public Bus,Rashid Al Mazrouei,RM,RTA Public Buses,DXB-B-3795,Silicon Oasis,Dubai Silicon Oasis Hub,,Schedule supervisor review,yes
TRG002084,2026-05-21T16:19:24,harsh,Harsh Driving,medium,closed,MNVR,Limousine & E-Hail,Hassan Al Mansouri,HM,Genie Limousine,DXB-K-25187,Dubai Marina,Marina Walk,66,Send to Stafteesh for fine assessment,no
TRG000214,2026-05-21T16:02:01,camera,Camera Disconnection,medium,closed,MNVR,Limousine & E-Hail,Ibrahim Al Suwaidi,IS,Yango Premium,DXB-G-86049,Deira,Baniyas Square,,Escalate to fleet maintenance,no
TRG000053,2026-05-21T15:37:01,fatigue,Driver Fatigue,high,open,MNVR,Taxi,Salim Al Nuaimi,SN,Arabia Taxi,DXB-L-50461,Dubai Marina,Al Marsa Street,,Confirm with supervisor & monitor,no
TRG000792,2026-05-21T15:11:02,harsh,Harsh Driving,medium,open,MNVR,Limousine & E-Hail,Saeed Al Shamsi,SS,Uber Fleet,DXB-D-29018,Silicon Oasis,Wadi Al Safa St,66,Issue coaching alert to driver,no
TRG002600,2026-05-21T14:53:05,distraction,Driver Distraction,medium,acknowledged,DS/Teams,Limousine & E-Hail,Mansour Al Suwaidi,MS,Genie Limousine,DXB-O-26405,Silicon Oasis,Dubai Silicon Oasis Hub,,Schedule supervisor review,no
TRG001514,2026-05-21T14:47:13,signal,No Signal,low,investigation,DS/Teams,Public Bus,Adel Al Hashimi,AH,RTA Public Buses,DXB-B-7198,Deira,Gold Souq Street,,Auto-resolve when signal restored,no
TRG002343,2026-05-21T12:59:32,harsh,Harsh Driving,high,stafteesh,DS/Teams,Taxi,Saeed Al Awadhi,SA,Arabia Taxi,DXB-G-56217,Downtown Dubai,Mohammed Bin Rashid Blvd,122,Log for end-of-shift review,no
TRG001100,2026-05-21T12:56:48,distraction,Driver Distraction,high,acknowledged,DS/Teams,Public Bus,Ibrahim Al Nuaimi,IN,RTA Public Buses,DXB-B-2442,Al Rashidiya,Airport Road,,Send live coaching prompt to driver,no
TRG001040,2026-05-21T12:56:32,harsh,Harsh Driving,high,stafteesh,DS/Teams,Taxi,Ziad Al Qassimi,ZQ,Dubai Taxi Corporation,DXB-J-50726,Al Rashidiya,Nadd Al Hamar Rd,96,Issue coaching alert to driver,no
TRG002420,2026-05-21T12:53:40,distraction,Driver Distraction,low,closed,DS/Teams,Limousine & E-Hail,Bilal Al Zaabi,BZ,Careem,DXB-S-62217,Mirdif,Algeria Street,,Schedule supervisor review,no
TRG000814,2026-05-21T12:37:18,harsh,Harsh Driving,low,open,DS/Teams,Taxi,Karim Al Tayer,KT,Dubai Taxi Corporation,DXB-I-77317,Dubai Sports City,Sports City Boulevard,68,Issue coaching alert to driver,yes
TRG000945,2026-05-21T12:16:49,fatigue,Driver Fatigue,low,open,DS/Teams,Public Bus,Tariq Al Nuaimi,TN,Emirates Transport,DXB-B-3116,Al Barsha,Mall of the Emirates,,Instruct driver to take mandatory break,no
TRG000077,2026-05-21T12:15:25,distraction,Driver Distraction,high,stafteesh,DS/Teams,Taxi,Marwan Al Zaabi,MZ,Cars Taxi,DXB-F-10052,Al Quoz,Al Asayel Street,,Send live coaching prompt to driver,no
TRG000668,2026-05-21T11:59:04,camera,Camera Disconnection,high,acknowledged,DS/Teams,Limousine & E-Hail,Walid Al Hashimi,WH,Hala Rides,DXB-B-74226,Deira,Al Maktoum Road,,Escalate to fleet maintenance,no
TRG000446,2026-05-21T11:58:03,signal,No Signal,medium,closed,MNVR,Taxi,Adel Al Falasi,AF,Citi Taxi,DXB-R-77189,Downtown Dubai,Financial Center Rd,,Acknowledge — temporary blackout zone,no
TRG002089,2026-05-21T11:53:59,harsh,Harsh Driving,medium,closed,MNVR,Taxi,Hamad Al Tayer,HT,National Taxi,DXB-E-80147,JBR,The Beach Promenade,76,Send to Stafteesh for fine assessment,yes
TRG002393,2026-05-21T11:35:02,idling,Idling,medium,stafteesh,MNVR,Taxi,Tariq Al Nuaimi,TN,Citi Taxi,DXB-B-45618,Dubai Sports City,Els Club Rd,,Acknowledge — within tolerance,no
TRG001664,2026-05-21T11:21:36,harsh,Harsh Driving,high,acknowledged,DS/Teams,Public Bus,Karim Al Maktoum,KM,Emirates Transport,DXB-B-9250,Mirdif,Mirdif City Centre Rd,138,Log for end-of-shift review,no
TRG001830,2026-05-21T11:07:26,camera,Camera Disconnection,medium,closed,MNVR,Taxi,Hassan Al Hashimi,HH,Dubai Taxi Corporation,DXB-F-87866,Al Qusais,Al Nahda Road,,Verify cable connection at next stop,no
TRG002546,2026-05-21T11:07:22,harsh,Harsh Driving,high,fined,MNVR,Hourly Rental,Yousef Al Mazrouei,YM,Al Naboodah Transport,DXB-T-93564,Downtown Dubai,Sheikh Mohammed Bin Rashid Blvd,107,Issue coaching alert to driver,no
TRG001845,2026-05-21T10:57:37,distraction,Driver Distraction,high,stafteesh,DS/Teams,Public Bus,Salim Al Mansouri,SM,Emirates Transport,DXB-B-2982,JBR,The Walk,,"Acknowledge — minor, log only",no
TRG000595,2026-05-21T10:36:50,fatigue,Driver Fatigue,high,open,DS/Teams,Limousine & E-Hail,Walid Al Suwaidi,WS,Hala Rides,DXB-L-17864,Downtown Dubai,Mohammed Bin Rashid Blvd,,Override dispatch — pull from rotation,no
TRG001557,2026-05-21T10:20:24,idling,Idling,low,stafteesh,MNVR,School Bus,Sultan Al Mansouri,SM,School Transport Services,DXB-S-9246,Downtown Dubai,Financial Center Rd,,Send efficiency reminder to driver,no
TRG001655,2026-05-21T10:10:51,harsh,Harsh Driving,high,open,DS/Teams,Hourly Rental,Mansour Al Hammadi,MH,Al Naboodah Transport,DXB-C-38982,Dubai Marina,King Salman Bin Abdulaziz Al Saud St,87,Log for end-of-shift review,no
TRG001278,2026-05-21T09:59:56,fatigue,Driver Fatigue,medium,closed,MNVR,Limousine & E-Hail,Omar Al Naqbi,ON,Genie Limousine,DXB-E-64827,Dubai Sports City,Sports City Boulevard,,Confirm with supervisor & monitor,no
TRG001592,2026-05-21T09:31:02,fatigue,Driver Fatigue,medium,acknowledged,ETMP,Marine,Omar Al Naqbi,ON,Dubai Marine Transport,MAR-724,Jumeirah,Jumeirah Beach Road,,Confirm with supervisor & monitor,no
TRG000848,2026-05-21T09:20:14,fatigue,Driver Fatigue,high,investigation,MNVR,Hourly Rental,Rashid Al Zaabi,RZ,Careem,DXB-I-70607,Al Rashidiya,Nadd Al Hamar Rd,,Override dispatch — pull from rotation,yes
TRG000319,2026-05-21T09:06:13,idling,Idling,medium,open,MNVR,Public Bus,Karim Al Hashimi,KH,Emirates Transport,DXB-B-3710,JBR,The Walk,,Flag for daily review,no
TRG001859,2026-05-21T08:50:17,fatigue,Driver Fatigue,high,acknowledged,DS/Teams,Public Bus,Ayman Al Mazrouei,AM,RTA Public Buses,DXB-B-8573,Downtown Dubai,Financial Center Rd,,Instruct driver to take mandatory break,no
TRG000541,2026-05-21T08:24:37,idling,Idling,low,acknowledged,MNVR,Taxi,Omar Al Mansouri,OM,Dubai Taxi Corporation,DXB-M-18193,Dubai Investment Park,Green Community,,Send efficiency reminder to driver,no
TRG001228,2026-05-21T08:11:17,distraction,Driver Distraction,high,open,DS/Teams,Taxi,Mansour Al Marri,MM,National Taxi,DXB-R-91573,Al Rashidiya,Airport Road,,Send live coaching prompt to driver,no
TRG002764,2026-05-21T07:51:37,camera,Camera Disconnection,low,closed,MNVR,Taxi,Salim Al Qassimi,SQ,Metro Taxi,DXB-C-59537,Downtown Dubai,Sheikh Mohammed Bin Rashid Blvd,,Verify cable connection at next stop,yes
TRG000667,2026-05-21T07:31:26,idling,Idling,high,closed,ETMP,Limousine & E-Hail,Mohammed Al Zaabi,MZ,Hala Rides,DXB-I-66691,JBR,The Walk,,Send efficiency reminder to driver,no
TRG000092,2026-05-21T07:30:33,distraction,Driver Distraction,medium,open,MNVR,Taxi,Mansour Al Qassimi,MQ,Citi Taxi,DXB-J-70722,Downtown Dubai,Mohammed Bin Rashid Blvd,,Send live coaching prompt to driver,no
TRG002050,2026-05-21T06:39:41,distraction,Driver Distraction,high,stafteesh,ETMP,Taxi,Salim Al Hashimi,SH,National Taxi,DXB-K-62298,Jumeirah,Umm Suqeim Road,,Issue formal warning — 2nd offense,no
TRG002175,2026-05-21T06:11:55,harsh,Harsh Driving,high,closed,MNVR,Taxi,Ayman Al Hashimi,AH,Cars Taxi,DXB-F-71397,JBR,Jumeirah Beach Residence,106,Log for end-of-shift review,no
TRG002230,2026-05-21T05:13:38,signal,No Signal,medium,investigation,MNVR,Hourly Rental,Fadi Al Suwaidi,FS,Al Naboodah Transport,DXB-A-35562,Deira,Al Rigga Road,,Dispatch tech if persistent >15min,no
TRG002364,2026-05-21T05:09:10,fatigue,Driver Fatigue,high,closed,MNVR,Taxi,Nasser Al Mazrouei,NM,National Taxi,DXB-D-86056,Jumeirah,Jumeirah Beach Road,,Confirm with supervisor & monitor,no
TRG001501,2026-05-21T04:48:36,signal,No Signal,low,fined,ETMP,Taxi,Karim Al Zaabi,KZ,Metro Taxi,DXB-F-47535,Jebel Ali,Ibn Battuta Road,,Auto-resolve when signal restored,no
TRG000302,2026-05-21T04:43:39,distraction,Driver Distraction,high,closed,ETMP,School Bus,Rashid Al Hammadi,RH,Emirates Transport,DXB-S-6073,Business Bay,Marasi Drive,,"Acknowledge — minor, log only",no
TRG000574,2026-05-21T04:13:20,fatigue,Driver Fatigue,medium,closed,MNVR,Public Bus,Adel Al Maktoum,AM,Emirates Transport,DXB-B-9346,Al Qusais,Al Nahda Road,,Confirm with supervisor & monitor,no
TRG000108,2026-05-21T04:12:13,harsh,Harsh Driving,high,open,MNVR,Hourly Rental,Mohammed Al Marri,MM,Al Naboodah Transport,DXB-J-83675,Jebel Ali,Ibn Battuta Road,125,Log for end-of-shift review,no
TRG001456,2026-05-21T04:10:07,camera,Camera Disconnection,medium,open,DS/Teams,School Bus,Faisal Al Naqbi,FN,School Transport Services,DXB-S-4187,Deira,Al Rigga Road,,Verify cable connection at next stop,no
TRG001137,2026-05-21T04:07:40,fatigue,Driver Fatigue,low,acknowledged,DS/Teams,Limousine & E-Hail,Saeed Al Awadhi,SA,Careem,DXB-N-96033,Dubai Marina,Sheikh Zayed Rd Junction,,Instruct driver to take mandatory break,no
TRG002342,2026-05-21T04:05:06,distraction,Driver Distraction,high,stafteesh,DS/Teams,Taxi,Ayman Al Owais,AO,Citi Taxi,DXB-A-37019,Al Qusais,Damascus Street,,Issue formal warning — 2nd offense,no
TRG000527,2026-05-21T03:53:02,distraction,Driver Distraction,medium,fined,MNVR,Taxi,Ibrahim Al Mansouri,IM,National Taxi,DXB-P-17783,Al Barsha,Al Barsha Road,,Issue formal warning — 2nd offense,no
TRG000727,2026-05-21T03:35:56,distraction,Driver Distraction,medium,closed,MNVR,Public Bus,Ziad Al Mansouri,ZM,Emirates Transport,DXB-B-6377,Al Barsha,Mall of the Emirates,,"Acknowledge — minor, log only",no
TRG000448,2026-05-21T03:21:24,fatigue,Driver Fatigue,high,investigation,MNVR,Taxi,Faisal Al Hammadi,FH,Dubai Taxi Corporation,DXB-D-53815,Jebel Ali,Ibn Battuta Road,,Route to nearest rest stop,no
TRG002647,2026-05-21T03:01:56,fatigue,Driver Fatigue,medium,closed,MNVR,Limousine & E-Hail,Adel Al Awadhi,AA,Careem,DXB-F-48778,Al Quoz,Al Meydan Road,,Confirm with supervisor & monitor,no
TRG002754,2026-05-21T02:54:56,harsh,Harsh Driving,medium,open,MNVR,Marine,Marwan Al Zaabi,MZ,Dubai Marine Transport,MAR-432,JBR,The Walk,85,Escalate to safety review board,no
TRG001594,2026-05-21T02:53:56,harsh,Harsh Driving,high,stafteesh,MNVR,Public Bus,Omar Al Suwaidi,OS,RTA Public Buses,DXB-B-1476,Jebel Ali,Sheikh Zayed Road,129,Log for end-of-shift review,yes
TRG001703,2026-05-21T02:32:26,idling,Idling,low,open,MNVR,Marine,Faisal Al Owais,FO,Dubai Marine Transport,MAR-623,Al Barsha,Al Barsha Road,,Flag for daily review,no
TRG000484,2026-05-21T02:18:58,distraction,Driver Distraction,high,acknowledged,DS/Teams,Limousine & E-Hail,Omar Al Mansouri,OM,Careem,DXB-L-26817,Downtown Dubai,Mohammed Bin Rashid Blvd,,Send live coaching prompt to driver,no
TRG001271,2026-05-21T02:15:38,distraction,Driver Distraction,medium,open,DS/Teams,Marine,Omar Al Qassimi,OQ,Dubai Marine Transport,MAR-214,Deira,Baniyas Square,,Schedule supervisor review,no
TRG000485,2026-05-21T02:04:43,fatigue,Driver Fatigue,medium,stafteesh,MNVR,Taxi,Omar Al Mazrouei,OM,National Taxi,DXB-L-39194,JBR,Jumeirah Beach Residence,,Route to nearest rest stop,no
TRG001536,2026-05-21T01:44:24,camera,Camera Disconnection,high,open,MNVR,Hourly Rental,Adel Al Mazrouei,AM,Al Naboodah Transport,DXB-H-60033,Deira,Gold Souq Street,,Escalate to fleet maintenance,no
TRG001756,2026-05-21T01:42:16,signal,No Signal,high,open,DS/Teams,Public Bus,Sultan Al Awadhi,SA,Emirates Transport,DXB-B-7576,Al Barsha,Mall of the Emirates,,Dispatch tech if persistent >15min,no
TRG000260,2026-05-21T01:33:33,harsh,Harsh Driving,high,open,DS/Teams,Public Bus,Ziad Al Hashimi,ZH,RTA Public Buses,DXB-B-5559,Business Bay,Business Bay Crossing,140,Send to Stafteesh for fine assessment,no
TRG001441,2026-05-21T01:20:24,fatigue,Driver Fatigue,high,stafteesh,MNVR,Marine,Rashid Al Hashimi,RH,Dubai Marine Transport,MAR-452,JBR,Jumeirah Beach Residence,,Instruct driver to take mandatory break,no
TRG000368,2026-05-21T01:08:27,signal,No Signal,high,acknowledged,MNVR,Limousine & E-Hail,Salim Al Awadhi,SA,Careem,DXB-D-44077,Mirdif,Tripoli Street,,Auto-resolve when signal restored,no
TRG001391,2026-05-21T00:44:53,camera,Camera Disconnection,low,acknowledged,MNVR,Taxi,Hamad Al Falasi,HF,Arabia Taxi,DXB-G-33369,Business Bay,Marasi Drive,,Verify cable connection at next stop,no
TRG001505,2026-05-21T00:30:09,camera,Camera Disconnection,medium,open,DS/Teams,Taxi,Tariq Al Awadhi,TA,Arabia Taxi,DXB-L-55230,Jumeirah,Umm Suqeim Road,,Run firmware reset remotely,no
TRG001332,2026-05-20T23:46:39,fatigue,Driver Fatigue,high,open,ETMP,Limousine & E-Hail,Nasser Al Falasi,NF,Uber Fleet,DXB-B-25378,Al Rashidiya,Nadd Al Hamar Rd,,Confirm with supervisor & monitor,no
TRG001991,2026-05-20T23:41:08,fatigue,Driver Fatigue,medium,closed,DS/Teams,Taxi,Fadi Al Zaabi,FZ,Cars Taxi,DXB-T-81364,JBR,The Walk,,Override dispatch — pull from rotation,no
TRG000088,2026-05-20T23:32:10,signal,No Signal,medium,open,MNVR,Taxi,Khalid Al Naqbi,KN,Metro Taxi,DXB-A-58752,Dubai Investment Park,Schoolzone Rd,,Acknowledge — temporary blackout zone,no
TRG001431,2026-05-20T23:23:30,distraction,Driver Distraction,high,acknowledged,DS/Teams,Taxi,Adel Al Mazrouei,AM,Cars Taxi,DXB-H-13889,Al Quoz,Al Meydan Road,,"Acknowledge — minor, log only",no
TRG001779,2026-05-20T22:35:05,harsh,Harsh Driving,high,investigation,DS/Teams,Taxi,Ahmed Al Mansouri,AM,Cars Taxi,DXB-G-77638,Downtown Dubai,Financial Center Rd,114,Escalate to safety review board,no
TRG000993,2026-05-20T22:22:37,fatigue,Driver Fatigue,medium,fined,MNVR,School Bus,Yousef Al Zaabi,YZ,School Transport Services,DXB-S-3800,Dubai Marina,Sheikh Zayed Rd Junction,,Instruct driver to take mandatory break,no
TRG001978,2026-05-20T22:15:35,camera,Camera Disconnection,medium,acknowledged,MNVR,Marine,Bilal Al Falasi,BF,Dubai Marine Transport,MAR-400,JBR,Jumeirah Beach Residence,,Dispatch field tech — recurring issue,no
TRG000534,2026-05-20T22:04:58,signal,No Signal,high,investigation,MNVR,Taxi,Hassan Al Suwaidi,HS,National Taxi,DXB-E-56367,Al Barsha,Al Barsha Road,,Acknowledge — temporary blackout zone,no
TRG002190,2026-05-20T21:47:24,idling,Idling,low,closed,MNVR,Taxi,Rashid Al Awadhi,RA,Dubai Taxi Corporation,DXB-Q-40841,Al Qusais,Beirut Street,,Send efficiency reminder to driver,no
TRG001370,2026-05-20T21:40:17,harsh,Harsh Driving,medium,acknowledged,MNVR,School Bus,Mansour Al Tayer,MT,Emirates Transport,DXB-S-7952,Business Bay,Al Abraj Street,73,Send to Stafteesh for fine assessment,no
TRG002505,2026-05-20T21:08:52,harsh,Harsh Driving,medium,acknowledged,ETMP,Limousine & E-Hail,Salim Al Mansouri,SM,Uber Fleet,DXB-L-29653,Deira,Al Rigga Road,76,Log for end-of-shift review,no
TRG002253,2026-05-20T21:08:05,harsh,Harsh Driving,low,closed,MNVR,Taxi,Sultan Al Hashimi,SH,Metro Taxi,DXB-Q-30210,Business Bay,Marasi Drive,57,Log for end-of-shift review,no
TRG002611,2026-05-20T20:56:22,idling,Idling,high,acknowledged,MNVR,Taxi,Sultan Al Shamsi,SS,National Taxi,DXB-K-28535,Al Qusais,Al Nahda Road,,Acknowledge — within tolerance,no
TRG001745,2026-05-20T20:51:58,fatigue,Driver Fatigue,low,acknowledged,ETMP,Limousine & E-Hail,Hamad Al Owais,HO,Uber Fleet,DXB-A-42349,Al Quoz,Al Meydan Road,,Route to nearest rest stop,no
TRG000564,2026-05-20T20:41:18,idling,Idling,low,open,MNVR,Marine,Ahmed Al Mansouri,AM,Dubai Marine Transport,MAR-361,Business Bay,Bay Avenue,,Auto-close — under 5min,no
TRG001385,2026-05-20T20:22:11,idling,Idling,low,acknowledged,DS/Teams,Hourly Rental,Fadi Al Awadhi,FA,Careem,DXB-N-27400,Al Quoz,Al Khail Road,,Send efficiency reminder to driver,yes
TRG000723,2026-05-20T19:39:43,camera,Camera Disconnection,high,investigation,MNVR,Hourly Rental,Mohammed Al Shamsi,MS,Hala Rides,DXB-I-15891,Mirdif,Algeria Street,,Escalate to fleet maintenance,no
TRG001325,2026-05-20T19:34:09,distraction,Driver Distraction,high,open,MNVR,Taxi,Tariq Al Qassimi,TQ,Cars Taxi,DXB-P-12879,Mirdif,Tripoli Street,,Send live coaching prompt to driver,no
TRG002182,2026-05-20T19:19:24,harsh,Harsh Driving,medium,closed,MNVR,Limousine & E-Hail,Tariq Al Naqbi,TN,Yango Premium,DXB-B-40597,Jebel Ali,Jebel Ali Free Zone,67,Issue coaching alert to driver,no
TRG001759,2026-05-20T18:50:24,signal,No Signal,medium,open,ETMP,Taxi,Yousef Al Owais,YO,Citi Taxi,DXB-C-65969,Downtown Dubai,Financial Center Rd,,Dispatch tech if persistent >15min,no
TRG002329,2026-05-20T18:29:17,camera,Camera Disconnection,high,open,MNVR,Marine,Mahmoud Al Mazrouei,MM,Dubai Marine Transport,MAR-567,Downtown Dubai,Sheikh Mohammed Bin Rashid Blvd,,Escalate to fleet maintenance,no
TRG000102,2026-05-20T17:42:13,harsh,Harsh Driving,high,closed,DS/Teams,Taxi,Fadi Al Zaabi,FZ,Citi Taxi,DXB-B-73487,Deira,Baniyas Square,109,Escalate to safety review board,no
TRG002791,2026-05-20T17:37:54,fatigue,Driver Fatigue,high,acknowledged,MNVR,Public Bus,Tariq Al Awadhi,TA,Emirates Transport,DXB-B-7900,Downtown Dubai,Financial Center Rd,,Confirm with supervisor & monitor,no
TRG000431,2026-05-20T17:27:44,idling,Idling,medium,acknowledged,MNVR,Hourly Rental,Walid Al Naqbi,WN,Careem,DXB-L-49520,Downtown Dubai,Mohammed Bin Rashid Blvd,,Auto-close — under 5min,no
TRG001540,2026-05-20T17:17:44,distraction,Driver Distraction,high,fined,MNVR,Taxi,Ahmed Al Maktoum,AM,National Taxi,DXB-J-31527,Downtown Dubai,Burj Khalifa Blvd,,"Acknowledge — minor, log only",no
TRG002433,2026-05-20T16:43:17,distraction,Driver Distraction,medium,acknowledged,MNVR,Taxi,Ibrahim Al Hashimi,IH,Citi Taxi,DXB-M-56889,Downtown Dubai,Mohammed Bin Rashid Blvd,,Schedule supervisor review,no
TRG000086,2026-05-20T16:41:00,distraction,Driver Distraction,low,open,ETMP,Taxi,Tariq Al Maktoum,TM,Dubai Taxi Corporation,DXB-L-74333,Downtown Dubai,Burj Khalifa Blvd,,Send live coaching prompt to driver,no
TRG001951,2026-05-20T16:40:30,fatigue,Driver Fatigue,high,closed,MNVR,Hourly Rental,Ziad Al Naqbi,ZN,Hala Rides,DXB-F-31053,Al Quoz,Al Khail Road,,Instruct driver to take mandatory break,no
TRG000780,2026-05-20T16:31:10,fatigue,Driver Fatigue,high,investigation,DS/Teams,Limousine & E-Hail,Fadi Al Owais,FO,Hala Rides,DXB-L-45644,Jebel Ali,Sheikh Zayed Road,,Confirm with supervisor & monitor,no
TRG002032,2026-05-20T16:17:57,camera,Camera Disconnection,high,acknowledged,MNVR,Marine,Rashid Al Mansouri,RM,Dubai Marine Transport,MAR-513,Dubai Marina,Sheikh Zayed Rd Junction,,Dispatch field tech — recurring issue,no
TRG000496,2026-05-20T16:03:53,harsh,Harsh Driving,high,closed,DS/Teams,Limousine & E-Hail,Fadi Al Mazrouei,FM,Genie Limousine,DXB-R-43936,Silicon Oasis,Sheikh Mohammed Bin Zayed Rd,103,Send to Stafteesh for fine assessment,no
TRG000474,2026-05-20T16:03:11,signal,No Signal,medium,open,MNVR,Taxi,Sultan Al Tayer,ST,Dubai Taxi Corporation,DXB-A-79224,Dubai Marina,Sheikh Zayed Rd Junction,,Auto-resolve when signal restored,no
TRG000789,2026-05-20T15:40:05,distraction,Driver Distraction,medium,escalated,DS/Teams,Taxi,Bilal Al Tayer,BT,Arabia Taxi,DXB-M-73943,Business Bay,Business Bay Crossing,,"Acknowledge — minor, log only",no
TRG001798,2026-05-20T15:34:35,fatigue,Driver Fatigue,high,closed,MNVR,Public Bus,Mahmoud Al Suwaidi,MS,Emirates Transport,DXB-B-5554,Deira,Al Rigga Road,,Override dispatch — pull from rotation,no
TRG002504,2026-05-20T15:10:34,signal,No Signal,medium,escalated,DS/Teams,Limousine & E-Hail,Hassan Al Awadhi,HA,Uber Fleet,DXB-F-94450,Al Barsha,Al Barsha Road,,Acknowledge — temporary blackout zone,no
TRG000028,2026-05-20T14:47:14,distraction,Driver Distraction,medium,closed,MNVR,Hourly Rental,Salim Al Awadhi,SA,Careem,DXB-J-38204,JBR,The Beach Promenade,,Schedule supervisor review,no
TRG000625,2026-05-20T14:43:05,idling,Idling,low,investigation,ETMP,Taxi,Adel Al Naqbi,AN,National Taxi,DXB-H-63520,Dubai Sports City,Els Club Rd,,Flag for daily review,yes
TRG001495,2026-05-20T14:19:44,distraction,Driver Distraction,low,investigation,MNVR,Limousine & E-Hail,Nasser Al Qassimi,NQ,Uber Fleet,DXB-Q-13455,Downtown Dubai,Financial Center Rd,,"Acknowledge — minor, log only",yes
TRG001190,2026-05-20T14:12:59,distraction,Driver Distraction,high,investigation,MNVR,Taxi,Karim Al Mansouri,KM,Arabia Taxi,DXB-F-22725,Downtown Dubai,Mohammed Bin Rashid Blvd,,Issue formal warning — 2nd offense,no
TRG002486,2026-05-20T13:48:46,camera,Camera Disconnection,high,open,MNVR,Public Bus,Ziad Al Qassimi,ZQ,RTA Public Buses,DXB-B-7613,Downtown Dubai,Mohammed Bin Rashid Blvd,,Verify cable connection at next stop,no
TRG001468,2026-05-20T13:44:10,camera,Camera Disconnection,low,stafteesh,MNVR,Public Bus,Tariq Al Hashimi,TH,RTA Public Buses,DXB-B-5676,Dubai Marina,Marina Walk,,Verify cable connection at next stop,no
TRG001564,2026-05-20T13:38:28,idling,Idling,medium,fined,MNVR,School Bus,Ahmed Al Mansouri,AM,School Transport Services,DXB-S-2054,JBR,The Beach Promenade,,Acknowledge — within tolerance,no
TRG002451,2026-05-20T13:35:21,idling,Idling,low,closed,DS/Teams,Public Bus,Ibrahim Al Tayer,IT,RTA Public Buses,DXB-B-6085,Jumeirah,Jumeirah Beach Road,,Acknowledge — within tolerance,no
TRG000827,2026-05-20T13:27:33,idling,Idling,low,closed,ETMP,Public Bus,Ayman Al Marri,AM,RTA Public Buses,DXB-B-8685,Downtown Dubai,Mohammed Bin Rashid Blvd,,Auto-close — under 5min,no
TRG000475,2026-05-20T13:20:46,idling,Idling,medium,escalated,DS/Teams,Limousine & E-Hail,Tariq Al Awadhi,TA,Genie Limousine,DXB-D-71080,JBR,The Beach Promenade,,Send efficiency reminder to driver,no
TRG001494,2026-05-20T13:10:04,camera,Camera Disconnection,low,open,MNVR,Taxi,Bilal Al Mansouri,BM,Dubai Taxi Corporation,DXB-Q-18141,Jumeirah,Jumeirah Beach Road,,Escalate to fleet maintenance,no
TRG001781,2026-05-20T13:08:33,camera,Camera Disconnection,high,open,MNVR,Public Bus,Hassan Al Hammadi,HH,RTA Public Buses,DXB-B-7836,Downtown Dubai,Sheikh Mohammed Bin Rashid Blvd,,Escalate to fleet maintenance,no
TRG000249,2026-05-20T12:33:57,fatigue,Driver Fatigue,low,open,MNVR,Taxi,Ziad Al Naqbi,ZN,Metro Taxi,DXB-D-50232,Al Barsha,Al Barsha Road,,Route to nearest rest stop,no
TRG001780,2026-05-20T12:28:13,fatigue,Driver Fatigue,medium,open,MNVR,School Bus,Marwan Al Nuaimi,MN,Emirates Transport,DXB-S-2003,Business Bay,Al Abraj Street,,Confirm with supervisor & monitor,no
TRG001361,2026-05-20T12:22:53,idling,Idling,high,open,DS/Teams,Public Bus,Ahmed Al Zaabi,AZ,Emirates Transport,DXB-B-8014,Deira,Baniyas Square,,Flag for daily review,no
TRG000384,2026-05-20T12:03:56,idling,Idling,medium,closed,MNVR,Limousine & E-Hail,Ayman Al Marri,AM,Uber Fleet,DXB-D-72906,Business Bay,Al Abraj Street,,Acknowledge — within tolerance,no
TRG001751,2026-05-20T12:01:29,distraction,Driver Distraction,medium,investigation,DS/Teams,Hourly Rental,Hassan Al Tayer,HT,Careem,DXB-A-33989,Al Qusais,Beirut Street,,"Acknowledge — minor, log only",no
TRG000082,2026-05-20T12:00:33,distraction,Driver Distraction,high,stafteesh,MNVR,School Bus,Omar Al Falasi,OF,School Transport Services,DXB-S-6650,Business Bay,Marasi Drive,,Schedule supervisor review,no
TRG000131,2026-05-20T11:20:59,signal,No Signal,medium,closed,ETMP,Taxi,Yousef Al Awadhi,YA,Citi Taxi,DXB-B-48212,Dubai Marina,Marina Walk,,Re-establish GPS handshake,no
TRG000871,2026-05-20T11:19:04,fatigue,Driver Fatigue,high,open,MNVR,Hourly Rental,Fadi Al Zaabi,FZ,Hala Rides,DXB-I-94461,JBR,The Walk,,Route to nearest rest stop,no
TRG000536,2026-05-20T10:50:18,distraction,Driver Distraction,low,acknowledged,MNVR,Taxi,Nasser Al Shamsi,NS,Metro Taxi,DXB-Q-72725,Jebel Ali,Ibn Battuta Road,,Schedule supervisor review,no
TRG000409,2026-05-20T09:42:46,distraction,Driver Distraction,high,investigation,MNVR,Limousine & E-Hail,Ahmed Al Naqbi,AN,Careem,DXB-H-53995,Al Barsha,Mall of the Emirates,,Send live coaching prompt to driver,yes
TRG001533,2026-05-20T09:38:50,distraction,Driver Distraction,high,closed,ETMP,School Bus,Salim Al Suwaidi,SS,School Transport Services,DXB-S-5974,Mirdif,Algeria Street,,Send live coaching prompt to driver,no
TRG000167,2026-05-20T09:31:50,distraction,Driver Distraction,medium,open,MNVR,Marine,Marwan Al Hammadi,MH,Dubai Marine Transport,MAR-951,Al Quoz,Al Khail Road,,Schedule supervisor review,no
TRG002019,2026-05-20T08:17:25,signal,No Signal,medium,stafteesh,MNVR,Taxi,Hassan Al Nuaimi,HN,Dubai Taxi Corporation,DXB-M-81331,Jumeirah,Jumeirah Beach Road,,Re-establish GPS handshake,no
TRG001425,2026-05-20T07:16:03,distraction,Driver Distraction,medium,open,MNVR,Taxi,Fadi Al Suwaidi,FS,Arabia Taxi,DXB-O-19690,Jebel Ali,Sheikh Zayed Road,,"Acknowledge — minor, log only",no
TRG001107,2026-05-20T06:58:40,harsh,Harsh Driving,high,acknowledged,DS/Teams,Public Bus,Bilal Al Mazrouei,BM,RTA Public Buses,DXB-B-4246,Downtown Dubai,Financial Center Rd,112,Escalate to safety review board,no
TRG000739,2026-05-20T06:40:11,fatigue,Driver Fatigue,high,closed,ETMP,Taxi,Ziad Al Suwaidi,ZS,Cars Taxi,DXB-N-40441,Al Qusais,Al Nahda Road,,Instruct driver to take mandatory break,yes
TRG000019,2026-05-20T06:30:23,harsh,Harsh Driving,high,open,DS/Teams,Taxi,Karim Al Falasi,KF,Citi Taxi,DXB-B-42570,Downtown Dubai,Mohammed Bin Rashid Blvd,92,Log for end-of-shift review,yes
TRG000888,2026-05-20T06:26:31,harsh,Harsh Driving,low,fined,DS/Teams,Taxi,Mahmoud Al Mansouri,MM,Citi Taxi,DXB-T-46491,Deira,Al Rigga Road,68,Log for end-of-shift review,no
TRG001644,2026-05-20T06:23:35,harsh,Harsh Driving,high,closed,DS/Teams,Taxi,Rashid Al Falasi,RF,Citi Taxi,DXB-A-14270,Al Barsha,Sheikh Zayed Road,112,Issue coaching alert to driver,no
TRG000971,2026-05-20T06:18:37,idling,Idling,low,acknowledged,MNVR,Public Bus,Mohammed Al Mansouri,MM,RTA Public Buses,DXB-B-8715,Mirdif,Mirdif City Centre Rd,,Auto-close — under 5min,no
TRG002173,2026-05-20T06:16:12,camera,Camera Disconnection,medium,acknowledged,MNVR,Limousine & E-Hail,Salim Al Tayer,ST,Hala Rides,DXB-R-94384,Jebel Ali,Ibn Battuta Road,,Verify cable connection at next stop,no
TRG001709,2026-05-20T06:07:59,distraction,Driver Distraction,high,investigation,DS/Teams,Public Bus,Adel Al Nuaimi,AN,RTA Public Buses,DXB-B-7572,Deira,Al Rigga Road,,"Acknowledge — minor, log only",no
TRG000809,2026-05-20T05:46:50,distraction,Driver Distraction,medium,open,ETMP,Taxi,Rashid Al Marri,RM,Citi Taxi,DXB-S-75184,Jumeirah,Umm Suqeim Road,,Issue formal warning — 2nd offense,no
TRG000267,2026-05-20T05:33:58,fatigue,Driver Fatigue,medium,investigation,MNVR,Taxi,Faisal Al Falasi,FF,Metro Taxi,DXB-G-98044,Al Barsha,Mall of the Emirates,,Confirm with supervisor & monitor,no
TRG001457,2026-05-20T05:33:54,fatigue,Driver Fatigue,medium,open,MNVR,Public Bus,Hamad Al Tayer,HT,RTA Public Buses,DXB-B-5503,Business Bay,Marasi Drive,,Route to nearest rest stop,yes
TRG001578,2026-05-20T05:31:31,distraction,Driver Distraction,low,closed,MNVR,Taxi,Khalid Al Zaabi,KZ,Dubai Taxi Corporation,DXB-O-67483,Deira,Al Maktoum Road,,Send live coaching prompt to driver,no
TRG001752,2026-05-20T05:27:11,fatigue,Driver Fatigue,high,acknowledged,MNVR,Public Bus,Ahmed Al Owais,AO,Emirates Transport,DXB-B-4134,Downtown Dubai,Mohammed Bin Rashid Blvd,,Confirm with supervisor & monitor,no
TRG000579,2026-05-20T05:05:38,idling,Idling,low,open,DS/Teams,Marine,Rashid Al Mansouri,RM,Dubai Marine Transport,MAR-969,Business Bay,Al Abraj Street,,Acknowledge — within tolerance,no
TRG001333,2026-05-20T03:31:04,distraction,Driver Distraction,low,fined,DS/Teams,Taxi,Marwan Al Nuaimi,MN,Dubai Taxi Corporation,DXB-N-96164,Dubai Marina,Al Marsa Street,,Send live coaching prompt to driver,no
TRG001252,2026-05-20T03:28:44,distraction,Driver Distraction,medium,closed,ETMP,Taxi,Ibrahim Al Hashimi,IH,Cars Taxi,DXB-F-14932,Dubai Marina,Al Marsa Street,,Send live coaching prompt to driver,no
TRG000979,2026-05-20T03:28:15,idling,Idling,low,fined,DS/Teams,School Bus,Omar Al Hashimi,OH,School Transport Services,DXB-S-8697,JBR,The Walk,,Acknowledge — within tolerance,no
TRG000330,2026-05-20T03:24:13,camera,Camera Disconnection,high,open,DS/Teams,Limousine & E-Hail,Omar Al Naqbi,ON,Uber Fleet,DXB-M-63610,Dubai Sports City,Sports City Boulevard,,Escalate to fleet maintenance,no
TRG002479,2026-05-20T03:22:48,camera,Camera Disconnection,high,open,DS/Teams,School Bus,Tariq Al Maktoum,TM,School Transport Services,DXB-S-3297,Jebel Ali,Ibn Battuta Road,,Escalate to fleet maintenance,no
TRG000487,2026-05-20T03:20:11,signal,No Signal,medium,open,MNVR,Taxi,Hamad Al Suwaidi,HS,Cars Taxi,DXB-L-64212,JBR,The Walk,,Dispatch tech if persistent >15min,no
TRG000187,2026-05-20T02:58:18,idling,Idling,low,acknowledged,DS/Teams,School Bus,Khalid Al Tayer,KT,Emirates Transport,DXB-S-6941,Dubai Investment Park,Schoolzone Rd,,Flag for daily review,no
TRG002228,2026-05-20T02:26:56,fatigue,Driver Fatigue,high,fined,MNVR,Public Bus,Nasser Al Mansouri,NM,RTA Public Buses,DXB-B-1287,Jebel Ali,Jebel Ali Free Zone,,Route to nearest rest stop,no
TRG000722,2026-05-20T01:52:06,distraction,Driver Distraction,medium,open,ETMP,Limousine & E-Hail,Tariq Al Hammadi,TH,Yango Premium,DXB-O-67860,Mirdif,Mirdif City Centre Rd,,Issue formal warning — 2nd offense,no
TRG000324,2026-05-20T01:11:12,fatigue,Driver Fatigue,medium,investigation,MNVR,Hourly Rental,Ayman Al Awadhi,AA,Hala Rides,DXB-T-49088,JBR,Jumeirah Beach Residence,,Route to nearest rest stop,no
TRG000006,2026-05-20T00:57:06,signal,No Signal,low,acknowledged,MNVR,Limousine & E-Hail,Bilal Al Mazrouei,BM,Yango Premium,DXB-D-74709,Downtown Dubai,Mohammed Bin Rashid Blvd,,Re-establish GPS handshake,no
TRG002179,2026-05-20T00:44:36,signal,No Signal,low,open,MNVR,Public Bus,Hamad Al Awadhi,HA,RTA Public Buses,DXB-B-4926,Dubai Investment Park,Schoolzone Rd,,Acknowledge — temporary blackout zone,no
TRG001282,2026-05-20T00:17:50,distraction,Driver Distraction,low,acknowledged,DS/Teams,Limousine & E-Hail,Khalid Al Marri,KM,Yango Premium,DXB-K-39562,Downtown Dubai,Sheikh Mohammed Bin Rashid Blvd,,Issue formal warning — 2nd offense,no
TRG000163,2026-05-19T23:45:28,signal,No Signal,low,stafteesh,DS/Teams,Marine,Yousef Al Nuaimi,YN,Dubai Marine Transport,MAR-867,Al Qusais,Damascus Street,,Re-establish GPS handshake,no
TRG002370,2026-05-19T23:27:54,harsh,Harsh Driving,high,open,ETMP,Marine,Mansour Al Suwaidi,MS,Dubai Marine Transport,MAR-548,Jumeirah,Umm Suqeim Road,138,Issue coaching alert to driver,no
TRG002158,2026-05-19T23:02:57,idling,Idling,low,closed,DS/Teams,Public Bus,Mahmoud Al Hammadi,MH,RTA Public Buses,DXB-B-4727,Business Bay,Al Abraj Street,,Acknowledge — within tolerance,no
TRG002749,2026-05-19T22:27:39,harsh,Harsh Driving,medium,stafteesh,MNVR,Hourly Rental,Mahmoud Al Falasi,MF,Al Naboodah Transport,DXB-J-94209,Jebel Ali,Sheikh Zayed Road,75,Issue coaching alert to driver,no
TRG001029,2026-05-19T21:26:15,distraction,Driver Distraction,medium,investigation,DS/Teams,Taxi,Ahmed Al Tayer,AT,Citi Taxi,DXB-D-66350,Business Bay,Business Bay Crossing,,Send live coaching prompt to driver,no
TRG000175,2026-05-19T20:54:02,idling,Idling,low,investigation,DS/Teams,Public Bus,Saeed Al Awadhi,SA,RTA Public Buses,DXB-B-1983,Al Barsha,Al Barsha Road,,Send efficiency reminder to driver,no
TRG000158,2026-05-19T20:31:38,camera,Camera Disconnection,medium,escalated,DS/Teams,Taxi,Tariq Al Hashimi,TH,Arabia Taxi,DXB-C-33205,Al Qusais,Damascus Street,,Verify cable connection at next stop,no
TRG002315,2026-05-19T20:28:39,harsh,Harsh Driving,low,closed,MNVR,Taxi,Yousef Al Mansouri,YM,Metro Taxi,DXB-E-54138,Deira,Gold Souq Street,40,Log for end-of-shift review,no
TRG002548,2026-05-19T20:13:23,signal,No Signal,medium,closed,DS/Teams,Taxi,Rashid Al Falasi,RF,Metro Taxi,DXB-E-21243,Al Quoz,Al Khail Road,,Acknowledge — temporary blackout zone,no
TRG001091,2026-05-19T19:53:22,harsh,Harsh Driving,high,open,ETMP,School Bus,Hassan Al Owais,HO,Emirates Transport,DXB-S-7499,Al Qusais,Al Nahda Road,108,Log for end-of-shift review,no
TRG002412,2026-05-19T19:47:55,signal,No Signal,medium,acknowledged,MNVR,Taxi,Ahmed Al Awadhi,AA,Cars Taxi,DXB-T-82546,Dubai Marina,Sheikh Zayed Rd Junction,,Re-establish GPS handshake,no
TRG001275,2026-05-19T19:36:24,harsh,Harsh Driving,high,closed,ETMP,Limousine & E-Hail,Hamad Al Awadhi,HA,Yango Premium,DXB-R-78571,Al Qusais,Damascus Street,88,Issue coaching alert to driver,yes
TRG000644,2026-05-19T19:16:44,distraction,Driver Distraction,low,closed,DS/Teams,Marine,Ziad Al Naqbi,ZN,Dubai Marine Transport,MAR-618,Al Rashidiya,Rashidiya Metro Rd,,Issue formal warning — 2nd offense,no
TRG002266,2026-05-19T19:07:56,fatigue,Driver Fatigue,low,closed,DS/Teams,Taxi,Mahmoud Al Tayer,MT,Cars Taxi,DXB-K-42525,Al Quoz,Al Khail Road,,Confirm with supervisor & monitor,no
TRG001469,2026-05-19T18:47:05,distraction,Driver Distraction,medium,acknowledged,DS/Teams,Taxi,Ayman Al Marri,AM,Cars Taxi,DXB-G-90897,JBR,The Beach Promenade,,"Acknowledge — minor, log only",no
TRG001910,2026-05-19T18:39:45,distraction,Driver Distraction,medium,open,DS/Teams,Hourly Rental,Tariq Al Maktoum,TM,Al Naboodah Transport,DXB-B-83620,Al Rashidiya,Rashidiya Metro Rd,,Schedule supervisor review,no
TRG001795,2026-05-19T18:12:31,idling,Idling,low,closed,ETMP,Limousine & E-Hail,Khalid Al Shamsi,KS,Genie Limousine,DXB-K-33542,Downtown Dubai,Sheikh Mohammed Bin Rashid Blvd,,Auto-close — under 5min,no
TRG001122,2026-05-19T18:05:35,distraction,Driver Distraction,medium,acknowledged,MNVR,School Bus,Ziad Al Hashimi,ZH,School Transport Services,DXB-S-6774,Al Barsha,Sheikh Zayed Road,,"Acknowledge — minor, log only",no
TRG001014,2026-05-19T18:02:50,camera,Camera Disconnection,low,open,ETMP,Public Bus,Ziad Al Maktoum,ZM,RTA Public Buses,DXB-B-7829,Al Quoz,Al Khail Road,,Run firmware reset remotely,no
TRG002627,2026-05-19T17:24:20,fatigue,Driver Fatigue,medium,closed,DS/Teams,Marine,Saeed Al Owais,SO,Dubai Marine Transport,MAR-118,Jebel Ali,Ibn Battuta Road,,Confirm with supervisor & monitor,no
TRG000414,2026-05-19T17:09:57,harsh,Harsh Driving,high,closed,MNVR,Taxi,Mahmoud Al Owais,MO,Citi Taxi,DXB-S-28588,Mirdif,Algeria Street,131,Issue coaching alert to driver,no
TRG002689,2026-05-19T17:09:36,idling,Idling,low,acknowledged,MNVR,Limousine & E-Hail,Mahmoud Al Hashimi,MH,Yango Premium,DXB-T-92281,Business Bay,Bay Avenue,,Auto-close — under 5min,no
TRG000958,2026-05-19T17:05:53,harsh,Harsh Driving,high,closed,MNVR,Taxi,Omar Al Falasi,OF,Citi Taxi,DXB-N-82312,Deira,Gold Souq Street,88,Log for end-of-shift review,no
TRG002483,2026-05-19T17:03:49,distraction,Driver Distraction,high,closed,DS/Teams,School Bus,Yousef Al Qassimi,YQ,Emirates Transport,DXB-S-1398,Dubai Marina,Marina Walk,,Send live coaching prompt to driver,no
TRG000029,2026-05-19T16:22:11,idling,Idling,low,acknowledged,MNVR,Taxi,Mansour Al Mazrouei,MM,Dubai Taxi Corporation,DXB-C-97192,Downtown Dubai,Financial Center Rd,,Auto-close — under 5min,no
TRG002599,2026-05-19T16:02:50,harsh,Harsh Driving,medium,open,MNVR,School Bus,Ibrahim Al Zaabi,IZ,Emirates Transport,DXB-S-9082,Deira,Al Rigga Road,88,Issue coaching alert to driver,yes
TRG000178,2026-05-19T16:01:41,distraction,Driver Distraction,medium,investigation,DS/Teams,Limousine & E-Hail,Khalid Al Naqbi,KN,Genie Limousine,DXB-O-27600,Jebel Ali,Ibn Battuta Road,,Send live coaching prompt to driver,no
TRG000293,2026-05-19T16:01:28,idling,Idling,medium,closed,DS/Teams,Taxi,Salim Al Naqbi,SN,Arabia Taxi,DXB-E-40473,JBR,The Walk,,Send efficiency reminder to driver,no
TRG000712,2026-05-19T15:53:18,distraction,Driver Distraction,high,open,DS/Teams,Limousine & E-Hail,Khalid Al Maktoum,KM,Careem,DXB-B-76465,JBR,Jumeirah Beach Residence,,Issue formal warning — 2nd offense,no
TRG001827,2026-05-19T15:41:41,harsh,Harsh Driving,high,closed,MNVR,Taxi,Omar Al Mansouri,OM,Arabia Taxi,DXB-R-70989,Jumeirah,Al Wasl Road,119,Escalate to safety review board,no
TRG000647,2026-05-19T15:26:07,fatigue,Driver Fatigue,high,acknowledged,ETMP,Taxi,Saeed Al Mansouri,SM,National Taxi,DXB-K-55554,Dubai Marina,King Salman Bin Abdulaziz Al Saud St,,Route to nearest rest stop,no
TRG000421,2026-05-19T15:17:18,harsh,Harsh Driving,medium,fined,MNVR,Taxi,Tariq Al Falasi,TF,Cars Taxi,DXB-N-52644,Deira,Al Rigga Road,74,Log for end-of-shift review,no
TRG002541,2026-05-19T15:13:44,signal,No Signal,high,fined,ETMP,Limousine & E-Hail,Yousef Al Suwaidi,YS,Uber Fleet,DXB-P-69644,Dubai Marina,Sheikh Zayed Rd Junction,,Dispatch tech if persistent >15min,no
TRG002693,2026-05-19T15:06:13,idling,Idling,low,escalated,ETMP,Taxi,Hamad Al Naqbi,HN,Dubai Taxi Corporation,DXB-D-79702,Jumeirah,Umm Suqeim Road,,Auto-close — under 5min,no
TRG002531,2026-05-19T15:02:51,camera,Camera Disconnection,high,stafteesh,DS/Teams,Hourly Rental,Faisal Al Marri,FM,Al Naboodah Transport,DXB-I-63581,Al Quoz,Al Khail Road,,Escalate to fleet maintenance,no
TRG002278,2026-05-19T14:53:41,camera,Camera Disconnection,high,acknowledged,ETMP,Limousine & E-Hail,Salim Al Suwaidi,SS,Yango Premium,DXB-I-45599,Jumeirah,Jumeirah Beach Road,,Run firmware reset remotely,yes
TRG000902,2026-05-19T14:47:08,harsh,Harsh Driving,medium,open,MNVR,Limousine & E-Hail,Karim Al Suwaidi,KS,Uber Fleet,DXB-N-70933,Downtown Dubai,Financial Center Rd,77,Escalate to safety review board,no
TRG001485,2026-05-19T14:45:30,idling,Idling,low,open,DS/Teams,Public Bus,Rashid Al Shamsi,RS,Emirates Transport,DXB-B-6185,Business Bay,Al Abraj Street,,Flag for daily review,no
TRG001870,2026-05-19T14:38:38,distraction,Driver Distraction,high,closed,MNVR,Marine,Rashid Al Mansouri,RM,Dubai Marine Transport,MAR-218,Business Bay,Business Bay Crossing,,Send live coaching prompt to driver,no
TRG000305,2026-05-19T13:46:52,distraction,Driver Distraction,high,closed,MNVR,School Bus,Khalid Al Hammadi,KH,School Transport Services,DXB-S-5914,Business Bay,Al Abraj Street,,Send live coaching prompt to driver,no
TRG002349,2026-05-19T13:44:36,signal,No Signal,low,investigation,MNVR,Public Bus,Walid Al Maktoum,WM,Emirates Transport,DXB-B-5822,JBR,The Beach Promenade,,Re-establish GPS handshake,no
TRG000843,2026-05-19T13:23:52,harsh,Harsh Driving,high,open,MNVR,Limousine & E-Hail,Yousef Al Mazrouei,YM,Genie Limousine,DXB-I-17631,Deira,Al Maktoum Road,140,Log for end-of-shift review,no
TRG001513,2026-05-19T13:07:03,signal,No Signal,low,closed,MNVR,School Bus,Khalid Al Zaabi,KZ,Emirates Transport,DXB-S-5982,Dubai Investment Park,Green Community,,Dispatch tech if persistent >15min,no
TRG002679,2026-05-19T13:06:58,harsh,Harsh Driving,medium,acknowledged,ETMP,Taxi,Karim Al Zaabi,KZ,Arabia Taxi,DXB-M-91209,Dubai Investment Park,Schoolzone Rd,88,Issue coaching alert to driver,no
TRG001005,2026-05-19T12:18:37,idling,Idling,low,closed,DS/Teams,Hourly Rental,Khalid Al Hammadi,KH,Hala Rides,DXB-H-84814,Al Barsha,Al Barsha Road,,Acknowledge — within tolerance,no
TRG000325,2026-05-19T12:17:27,signal,No Signal,high,acknowledged,ETMP,Hourly Rental,Rashid Al Owais,RO,Al Naboodah Transport,DXB-R-82339,Jumeirah,Umm Suqeim Road,,Auto-resolve when signal restored,no
TRG000841,2026-05-19T11:57:40,signal,No Signal,low,acknowledged,MNVR,Hourly Rental,Mahmoud Al Awadhi,MA,Hala Rides,DXB-Q-17243,Al Quoz,Al Khail Road,,Auto-resolve when signal restored,no
TRG000674,2026-05-19T11:57:33,harsh,Harsh Driving,high,open,DS/Teams,Taxi,Mansour Al Maktoum,MM,Arabia Taxi,DXB-Q-41934,Al Qusais,Al Nahda Road,98,Issue coaching alert to driver,no
TRG002620,2026-05-19T11:39:32,idling,Idling,low,acknowledged,MNVR,Marine,Salim Al Falasi,SF,Dubai Marine Transport,MAR-542,JBR,The Walk,,Acknowledge — within tolerance,yes
TRG001924,2026-05-19T11:36:05,distraction,Driver Distraction,high,closed,DS/Teams,Marine,Walid Al Mansouri,WM,Dubai Marine Transport,MAR-235,Al Barsha,Sheikh Zayed Road,,Issue formal warning — 2nd offense,no
TRG002520,2026-05-19T11:22:34,harsh,Harsh Driving,medium,closed,DS/Teams,Taxi,Adel Al Naqbi,AN,Arabia Taxi,DXB-C-19044,Mirdif,Tripoli Street,84,Issue coaching alert to driver,no
TRG000675,2026-05-19T09:55:31,harsh,Harsh Driving,high,acknowledged,ETMP,Taxi,Tariq Al Naqbi,TN,Citi Taxi,DXB-E-94858,Al Rashidiya,Nadd Al Hamar Rd,111,Escalate to safety review board,no
TRG000252,2026-05-19T09:32:44,idling,Idling,low,closed,DS/Teams,Hourly Rental,Saeed Al Awadhi,SA,Careem,DXB-I-18822,Al Quoz,Al Asayel Street,,Send efficiency reminder to driver,no
TRG001307,2026-05-19T08:57:31,camera,Camera Disconnection,high,open,DS/Teams,School Bus,Mohammed Al Shamsi,MS,Emirates Transport,DXB-S-7929,Dubai Marina,Marina Walk,,Verify cable connection at next stop,no
TRG001315,2026-05-19T08:53:28,distraction,Driver Distraction,high,investigation,DS/Teams,Taxi,Karim Al Mansouri,KM,Citi Taxi,DXB-R-70274,Jebel Ali,Ibn Battuta Road,,Schedule supervisor review,no
TRG001018,2026-05-19T08:44:06,harsh,Harsh Driving,high,fined,MNVR,Public Bus,Nasser Al Hammadi,NH,RTA Public Buses,DXB-B-2125,Jumeirah,Jumeirah Beach Road,104,Escalate to safety review board,no
TRG001069,2026-05-19T08:39:32,distraction,Driver Distraction,low,open,MNVR,Public Bus,Ahmed Al Owais,AO,RTA Public Buses,DXB-B-1513,JBR,Jumeirah Beach Residence,,Schedule supervisor review,no
TRG002052,2026-05-19T08:35:49,harsh,Harsh Driving,high,investigation,MNVR,Hourly Rental,Hamad Al Zaabi,HZ,Hala Rides,DXB-L-90992,Dubai Marina,Al Marsa Street,114,Issue coaching alert to driver,no
TRG001155,2026-05-19T08:30:52,distraction,Driver Distraction,low,stafteesh,DS/Teams,Taxi,Khalid Al Mansouri,KM,National Taxi,DXB-G-37651,Silicon Oasis,Wadi Al Safa St,,Issue formal warning — 2nd offense,no
TRG002394,2026-05-19T08:28:03,harsh,Harsh Driving,high,fined,MNVR,Taxi,Faisal Al Awadhi,FA,Citi Taxi,DXB-F-31771,Dubai Marina,Marina Walk,133,Send to Stafteesh for fine assessment,no
TRG001187,2026-05-19T07:49:27,harsh,Harsh Driving,medium,escalated,DS/Teams,Limousine & E-Hail,Ibrahim Al Falasi,IF,Genie Limousine,DXB-J-44035,Al Quoz,Al Meydan Road,81,Issue coaching alert to driver,no
TRG001353,2026-05-19T07:42:22,harsh,Harsh Driving,high,closed,DS/Teams,Taxi,Nasser Al Maktoum,NM,Dubai Taxi Corporation,DXB-I-71858,Mirdif,Algeria Street,114,Send to Stafteesh for fine assessment,no
TRG002535,2026-05-19T07:40:42,signal,No Signal,low,open,MNVR,Hourly Rental,Nasser Al Mazrouei,NM,Hala Rides,DXB-B-32446,Dubai Sports City,Sports City Boulevard,,Acknowledge — temporary blackout zone,no
TRG001135,2026-05-19T07:06:25,fatigue,Driver Fatigue,medium,open,MNVR,Limousine & E-Hail,Khalid Al Nuaimi,KN,Yango Premium,DXB-M-98122,Dubai Investment Park,Schoolzone Rd,,Override dispatch — pull from rotation,yes
TRG002088,2026-05-19T06:23:25,fatigue,Driver Fatigue,medium,fined,MNVR,Limousine & E-Hail,Omar Al Qassimi,OQ,Yango Premium,DXB-C-31202,Dubai Sports City,Hessa Street,,Override dispatch — pull from rotation,no
TRG001987,2026-05-19T05:40:42,distraction,Driver Distraction,medium,open,MNVR,Taxi,Ahmed Al Marri,AM,Arabia Taxi,DXB-N-15366,Al Barsha,Al Barsha Road,,"Acknowledge — minor, log only",yes
TRG000584,2026-05-19T05:39:31,fatigue,Driver Fatigue,high,closed,DS/Teams,Limousine & E-Hail,Mohammed Al Mazrouei,MM,Hala Rides,DXB-J-96931,Dubai Marina,Al Marsa Street,,Route to nearest rest stop,no
TRG001149,2026-05-19T05:27:03,distraction,Driver Distraction,high,closed,MNVR,Taxi,Salim Al Hashimi,SH,Metro Taxi,DXB-M-11415,Al Rashidiya,Nadd Al Hamar Rd,,Schedule supervisor review,no
TRG002001,2026-05-19T05:27:03,signal,No Signal,high,open,MNVR,Taxi,Ibrahim Al Zaabi,IZ,National Taxi,DXB-H-56576,Downtown Dubai,Sheikh Mohammed Bin Rashid Blvd,,Auto-resolve when signal restored,no
TRG002305,2026-05-19T05:12:35,distraction,Driver Distraction,high,stafteesh,MNVR,Taxi,Mahmoud Al Awadhi,MA,Metro Taxi,DXB-Q-51760,Downtown Dubai,Financial Center Rd,,"Acknowledge — minor, log only",no
TRG001657,2026-05-19T05:08:48,distraction,Driver Distraction,medium,stafteesh,MNVR,Taxi,Khalid Al Tayer,KT,Metro Taxi,DXB-L-86540,Deira,Gold Souq Street,,Issue formal warning — 2nd offense,no
TRG001221,2026-05-19T04:54:39,signal,No Signal,medium,open,DS/Teams,Limousine & E-Hail,Salim Al Falasi,SF,Careem,DXB-Q-96581,Dubai Marina,King Salman Bin Abdulaziz Al Saud St,,Auto-resolve when signal restored,no
TRG000459,2026-05-19T04:46:27,harsh,Harsh Driving,medium,open,DS/Teams,Public Bus,Ahmed Al Hashimi,AH,RTA Public Buses,DXB-B-5228,Al Quoz,Al Meydan Road,87,Issue coaching alert to driver,no
TRG000452,2026-05-19T04:26:06,fatigue,Driver Fatigue,high,closed,DS/Teams,Hourly Rental,Mansour Al Nuaimi,MN,Al Naboodah Transport,DXB-O-97248,Jebel Ali,Sheikh Zayed Road,,Confirm with supervisor & monitor,no
TRG002538,2026-05-19T04:21:38,distraction,Driver Distraction,high,closed,ETMP,Limousine & E-Hail,Omar Al Naqbi,ON,Careem,DXB-L-60364,JBR,Jumeirah Beach Residence,,Schedule supervisor review,no
TRG000823,2026-05-19T03:55:16,fatigue,Driver Fatigue,low,closed,DS/Teams,Taxi,Mansour Al Qassimi,MQ,Cars Taxi,DXB-O-79527,Business Bay,Marasi Drive,,Route to nearest rest stop,no
TRG001089,2026-05-19T03:28:48,harsh,Harsh Driving,high,closed,DS/Teams,Limousine & E-Hail,Saeed Al Maktoum,SM,Hala Rides,DXB-C-87066,Dubai Marina,Al Marsa Street,100,Log for end-of-shift review,no
TRG002391,2026-05-19T03:27:50,idling,Idling,low,stafteesh,DS/Teams,Hourly Rental,Walid Al Suwaidi,WS,Careem,DXB-E-22476,Downtown Dubai,Financial Center Rd,,Acknowledge — within tolerance,no
TRG001217,2026-05-19T03:26:52,harsh,Harsh Driving,medium,acknowledged,MNVR,Public Bus,Karim Al Maktoum,KM,RTA Public Buses,DXB-B-4483,Downtown Dubai,Financial Center Rd,64,Escalate to safety review board,no
TRG000270,2026-05-19T03:26:05,signal,No Signal,low,fined,MNVR,Limousine & E-Hail,Ahmed Al Mazrouei,AM,Yango Premium,DXB-J-67899,Silicon Oasis,Dubai Silicon Oasis Hub,,Dispatch tech if persistent >15min,no
TRG001941,2026-05-19T03:01:14,camera,Camera Disconnection,medium,stafteesh,MNVR,Hourly Rental,Sultan Al Owais,SO,Careem,DXB-M-60559,Dubai Sports City,Sports City Boulevard,,Dispatch field tech — recurring issue,no
TRG000237,2026-05-19T02:36:35,harsh,Harsh Driving,medium,open,DS/Teams,Public Bus,Ziad Al Maktoum,ZM,Emirates Transport,DXB-B-7468,Jebel Ali,Ibn Battuta Road,85,Log for end-of-shift review,no
TRG000535,2026-05-19T02:01:33,idling,Idling,low,open,MNVR,Taxi,Tariq Al Zaabi,TZ,Citi Taxi,DXB-B-16890,Silicon Oasis,Sheikh Mohammed Bin Zayed Rd,,Acknowledge — within tolerance,no
TRG001823,2026-05-19T01:49:58,camera,Camera Disconnection,high,closed,DS/Teams,Taxi,Ayman Al Naqbi,AN,National Taxi,DXB-I-31815,Business Bay,Al Abraj Street,,Verify cable connection at next stop,no
TRG000970,2026-05-19T01:35:24,distraction,Driver Distraction,medium,acknowledged,ETMP,Public Bus,Mohammed Al Owais,MO,RTA Public Buses,DXB-B-6533,Dubai Marina,King Salman Bin Abdulaziz Al Saud St,,"Acknowledge — minor, log only",no
TRG002654,2026-05-19T01:35:22,distraction,Driver Distraction,medium,investigation,ETMP,Hourly Rental,Bilal Al Falasi,BF,Hala Rides,DXB-G-64395,Al Qusais,Al Nahda Road,,"Acknowledge — minor, log only",no
TRG000670,2026-05-19T00:56:51,harsh,Harsh Driving,high,stafteesh,ETMP,Limousine & E-Hail,Omar Al Mansouri,OM,Yango Premium,DXB-C-56119,Jumeirah,Al Wasl Road,100,Send to Stafteesh for fine assessment,no
TRG001360,2026-05-18T23:34:57,distraction,Driver Distraction,medium,open,DS/Teams,Public Bus,Ayman Al Hashimi,AH,RTA Public Buses,DXB-B-6275,Deira,Al Maktoum Road,,"Acknowledge — minor, log only",no
TRG000472,2026-05-18T23:34:16,fatigue,Driver Fatigue,low,stafteesh,MNVR,Taxi,Yousef Al Qassimi,YQ,National Taxi,DXB-O-94878,Downtown Dubai,Mohammed Bin Rashid Blvd,,Instruct driver to take mandatory break,no
TRG001832,2026-05-18T23:27:27,distraction,Driver Distraction,high,investigation,DS/Teams,School Bus,Mahmoud Al Hashimi,MH,School Transport Services,DXB-S-3283,Al Barsha,Sheikh Zayed Road,,Send live coaching prompt to driver,no
TRG000975,2026-05-18T23:26:12,fatigue,Driver Fatigue,high,open,DS/Teams,Taxi,Karim Al Hammadi,KH,Dubai Taxi Corporation,DXB-H-69446,Al Quoz,Al Khail Road,,Route to nearest rest stop,no
TRG001573,2026-05-18T22:57:01,harsh,Harsh Driving,low,closed,ETMP,Public Bus,Salim Al Shamsi,SS,RTA Public Buses,DXB-B-2139,Dubai Marina,King Salman Bin Abdulaziz Al Saud St,52,Log for end-of-shift review,no
TRG001906,2026-05-18T22:56:55,camera,Camera Disconnection,high,closed,DS/Teams,Public Bus,Marwan Al Tayer,MT,Emirates Transport,DXB-B-8557,Deira,Al Maktoum Road,,Run firmware reset remotely,no
TRG002602,2026-05-18T22:55:43,fatigue,Driver Fatigue,low,open,MNVR,Limousine & E-Hail,Marwan Al Suwaidi,MS,Uber Fleet,DXB-L-26845,Jumeirah,Al Wasl Road,,Override dispatch — pull from rotation,no
TRG001392,2026-05-18T22:53:12,fatigue,Driver Fatigue,medium,investigation,MNVR,Public Bus,Saeed Al Owais,SO,Emirates Transport,DXB-B-7629,Dubai Sports City,Hessa Street,,Instruct driver to take mandatory break,no
TRG001088,2026-05-18T22:46:43,signal,No Signal,medium,acknowledged,MNVR,Public Bus,Salim Al Shamsi,SS,Emirates Transport,DXB-B-6836,Silicon Oasis,Dubai Silicon Oasis Hub,,Auto-resolve when signal restored,no
TRG002338,2026-05-18T22:35:33,fatigue,Driver Fatigue,high,open,MNVR,Taxi,Omar Al Mazrouei,OM,Dubai Taxi Corporation,DXB-L-18905,Business Bay,Bay Avenue,,Instruct driver to take mandatory break,no
TRG002638,2026-05-18T20:54:02,harsh,Harsh Driving,medium,closed,DS/Teams,Taxi,Ahmed Al Mazrouei,AM,Metro Taxi,DXB-I-59103,Al Barsha,Mall of the Emirates,62,Log for end-of-shift review,no
TRG002137,2026-05-18T20:46:07,signal,No Signal,high,fined,DS/Teams,School Bus,Sultan Al Maktoum,SM,School Transport Services,DXB-S-4174,Jebel Ali,Sheikh Zayed Road,,Auto-resolve when signal restored,no
TRG001362,2026-05-18T20:41:56,idling,Idling,low,open,DS/Teams,Taxi,Yousef Al Hashimi,YH,Dubai Taxi Corporation,DXB-Q-24373,Jebel Ali,Jebel Ali Free Zone,,Flag for daily review,no
TRG002385,2026-05-18T20:41:36,harsh,Harsh Driving,low,fined,MNVR,Limousine & E-Hail,Ayman Al Zaabi,AZ,Genie Limousine,DXB-F-97963,JBR,Jumeirah Beach Residence,54,Issue coaching alert to driver,no
TRG001203,2026-05-18T20:29:30,distraction,Driver Distraction,medium,closed,MNVR,Hourly Rental,Saeed Al Hashimi,SH,Careem,DXB-L-63004,Al Qusais,Al Nahda Road,,"Acknowledge — minor, log only",no
TRG000715,2026-05-18T20:21:19,harsh,Harsh Driving,medium,investigation,DS/Teams,Taxi,Marwan Al Nuaimi,MN,National Taxi,DXB-C-30868,Deira,Gold Souq Street,87,Log for end-of-shift review,no
TRG000366,2026-05-18T19:53:31,distraction,Driver Distraction,medium,closed,ETMP,Taxi,Ayman Al Mansouri,AM,Citi Taxi,DXB-O-26035,Jumeirah,Umm Suqeim Road,,Schedule supervisor review,no
TRG002780,2026-05-18T19:38:35,fatigue,Driver Fatigue,high,open,MNVR,Public Bus,Walid Al Awadhi,WA,RTA Public Buses,DXB-B-4700,Jumeirah,Umm Suqeim Road,,Override dispatch — pull from rotation,no
TRG000410,2026-05-18T19:16:22,signal,No Signal,medium,investigation,MNVR,Taxi,Mohammed Al Awadhi,MA,Metro Taxi,DXB-I-63656,Dubai Marina,King Salman Bin Abdulaziz Al Saud St,,Re-establish GPS handshake,no
TRG002114,2026-05-18T18:57:18,idling,Idling,low,closed,MNVR,Limousine & E-Hail,Walid Al Suwaidi,WS,Careem,DXB-O-46063,Deira,Al Rigga Road,,Send efficiency reminder to driver,no
TRG000977,2026-05-18T18:52:00,distraction,Driver Distraction,medium,open,ETMP,Public Bus,Omar Al Awadhi,OA,RTA Public Buses,DXB-B-6601,Silicon Oasis,Dubai Silicon Oasis Hub,,Issue formal warning — 2nd offense,no
TRG002014,2026-05-18T18:46:23,distraction,Driver Distraction,medium,open,DS/Teams,School Bus,Salim Al Hammadi,SH,School Transport Services,DXB-S-2109,Jebel Ali,Sheikh Zayed Road,,Send live coaching prompt to driver,no
TRG000955,2026-05-18T18:44:41,idling,Idling,low,closed,ETMP,Taxi,Fadi Al Marri,FM,Dubai Taxi Corporation,DXB-R-13048,JBR,The Walk,,Flag for daily review,no
TRG000802,2026-05-18T18:26:23,signal,No Signal,medium,open,ETMP,Limousine & E-Hail,Hamad Al Falasi,HF,Genie Limousine,DXB-E-24610,Jebel Ali,Sheikh Zayed Road,,Re-establish GPS handshake,no
TRG001974,2026-05-18T18:07:00,signal,No Signal,medium,open,DS/Teams,School Bus,Walid Al Mazrouei,WM,School Transport Services,DXB-S-1626,Business Bay,Al Abraj Street,,Auto-resolve when signal restored,no
TRG002265,2026-05-18T17:08:02,idling,Idling,low,acknowledged,ETMP,Public Bus,Nasser Al Suwaidi,NS,RTA Public Buses,DXB-B-1807,Al Qusais,Al Nahda Road,,Acknowledge — within tolerance,no
TRG001708,2026-05-18T17:07:19,distraction,Driver Distraction,high,investigation,DS/Teams,Taxi,Hassan Al Tayer,HT,Metro Taxi,DXB-O-35127,Downtown Dubai,Sheikh Mohammed Bin Rashid Blvd,,Schedule supervisor review,no
TRG002789,2026-05-18T17:06:56,distraction,Driver Distraction,high,investigation,ETMP,Limousine & E-Hail,Khalid Al Shamsi,KS,Uber Fleet,DXB-M-35248,Al Barsha,Al Barsha Road,,Issue formal warning — 2nd offense,no
TRG002444,2026-05-18T16:57:23,distraction,Driver Distraction,high,investigation,DS/Teams,Taxi,Ziad Al Zaabi,ZZ,Citi Taxi,DXB-Q-31493,JBR,The Walk,,Send live coaching prompt to driver,no
TRG002418,2026-05-18T16:53:14,fatigue,Driver Fatigue,medium,investigation,DS/Teams,School Bus,Ibrahim Al Mansouri,IM,School Transport Services,DXB-S-7576,Silicon Oasis,Dubai Silicon Oasis Hub,,Instruct driver to take mandatory break,no
TRG000313,2026-05-18T16:52:48,distraction,Driver Distraction,high,open,MNVR,Taxi,Rashid Al Marri,RM,Dubai Taxi Corporation,DXB-T-18868,Downtown Dubai,Sheikh Mohammed Bin Rashid Blvd,,"Acknowledge — minor, log only",no
TRG000192,2026-05-18T16:03:50,fatigue,Driver Fatigue,high,open,DS/Teams,School Bus,Faisal Al Owais,FO,Emirates Transport,DXB-S-1443,Al Quoz,Al Khail Road,,Confirm with supervisor & monitor,no
TRG001467,2026-05-18T16:03:21,harsh,Harsh Driving,medium,investigation,MNVR,Marine,Rashid Al Hashimi,RH,Dubai Marine Transport,MAR-386,Al Quoz,Al Khail Road,68,Escalate to safety review board,no
TRG002766,2026-05-18T15:45:56,harsh,Harsh Driving,high,closed,MNVR,Taxi,Bilal Al Owais,BO,Arabia Taxi,DXB-D-91456,Business Bay,Bay Avenue,105,Escalate to safety review board,no
TRG001295,2026-05-18T15:40:25,fatigue,Driver Fatigue,high,open,DS/Teams,Public Bus,Mansour Al Tayer,MT,Emirates Transport,DXB-B-2627,Al Quoz,Al Asayel Street,,Confirm with supervisor & monitor,no
TRG002171,2026-05-18T15:27:37,idling,Idling,low,stafteesh,ETMP,Public Bus,Bilal Al Owais,BO,RTA Public Buses,DXB-B-1126,Jebel Ali,Sheikh Zayed Road,,Acknowledge — within tolerance,no
TRG002336,2026-05-18T15:23:46,fatigue,Driver Fatigue,medium,investigation,ETMP,Marine,Fadi Al Mazrouei,FM,Dubai Marine Transport,MAR-939,JBR,The Walk,,Confirm with supervisor & monitor,no
TRG001532,2026-05-18T14:44:28,idling,Idling,low,stafteesh,ETMP,Taxi,Khalid Al Nuaimi,KN,Arabia Taxi,DXB-T-17382,JBR,Jumeirah Beach Residence,,Auto-close — under 5min,no
TRG001158,2026-05-18T14:41:30,harsh,Harsh Driving,high,open,ETMP,Taxi,Bilal Al Shamsi,BS,Dubai Taxi Corporation,DXB-Q-70735,Dubai Marina,Al Marsa Street,129,Log for end-of-shift review,no
TRG001099,2026-05-18T14:40:15,signal,No Signal,medium,acknowledged,ETMP,Taxi,Bilal Al Awadhi,BA,Citi Taxi,DXB-N-74676,Al Quoz,Al Meydan Road,,Acknowledge — temporary blackout zone,no
TRG000956,2026-05-18T14:26:22,fatigue,Driver Fatigue,medium,closed,DS/Teams,Hourly Rental,Salim Al Shamsi,SS,Hala Rides,DXB-D-48176,Deira,Baniyas Square,,Override dispatch — pull from rotation,no
TRG000778,2026-05-18T14:10:44,fatigue,Driver Fatigue,high,closed,MNVR,Taxi,Mansour Al Naqbi,MN,Citi Taxi,DXB-M-70320,Business Bay,Business Bay Crossing,,Instruct driver to take mandatory break,no
TRG000129,2026-05-18T14:04:31,harsh,Harsh Driving,medium,open,MNVR,Limousine & E-Hail,Adel Al Tayer,AT,Careem,DXB-A-18610,Al Quoz,Al Khail Road,82,Send to Stafteesh for fine assessment,no
TRG001273,2026-05-18T13:47:53,signal,No Signal,high,closed,MNVR,Taxi,Rashid Al Mansouri,RM,Arabia Taxi,DXB-K-54367,JBR,The Beach Promenade,,Auto-resolve when signal restored,no
TRG000033,2026-05-18T13:41:55,idling,Idling,low,closed,MNVR,Public Bus,Ziad Al Qassimi,ZQ,RTA Public Buses,DXB-B-1510,Al Barsha,Sheikh Zayed Road,,Acknowledge — within tolerance,no
TRG001829,2026-05-18T13:38:03,harsh,Harsh Driving,medium,open,MNVR,Hourly Rental,Ziad Al Awadhi,ZA,Hala Rides,DXB-K-62436,Al Rashidiya,Airport Road,65,Log for end-of-shift review,yes
TRG002757,2026-05-18T13:31:35,camera,Camera Disconnection,high,closed,ETMP,Taxi,Nasser Al Hashimi,NH,Dubai Taxi Corporation,DXB-M-67411,Al Rashidiya,Airport Road,,Run firmware reset remotely,no
TRG002072,2026-05-18T13:25:28,harsh,Harsh Driving,high,escalated,MNVR,Taxi,Hassan Al Falasi,HF,National Taxi,DXB-F-95666,Business Bay,Marasi Drive,111,Escalate to safety review board,no
TRG000094,2026-05-18T13:17:42,distraction,Driver Distraction,medium,fined,MNVR,Hourly Rental,Marwan Al Naqbi,MN,Careem,DXB-F-95785,Al Barsha,Sheikh Zayed Road,,Issue formal warning — 2nd offense,no
TRG000046,2026-05-18T13:09:28,fatigue,Driver Fatigue,medium,open,MNVR,School Bus,Nasser Al Qassimi,NQ,School Transport Services,DXB-S-4666,Al Rashidiya,Rashidiya Metro Rd,,Route to nearest rest stop,no
TRG000662,2026-05-18T12:27:49,fatigue,Driver Fatigue,high,open,ETMP,Public Bus,Mahmoud Al Falasi,MF,Emirates Transport,DXB-B-5374,Downtown Dubai,Mohammed Bin Rashid Blvd,,Instruct driver to take mandatory break,no
TRG001206,2026-05-18T12:25:32,harsh,Harsh Driving,medium,acknowledged,ETMP,Taxi,Tariq Al Qassimi,TQ,Dubai Taxi Corporation,DXB-I-38942,JBR,Jumeirah Beach Residence,76,Issue coaching alert to driver,no
TRG001873,2026-05-18T12:11:23,distraction,Driver Distraction,low,closed,DS/Teams,Taxi,Ayman Al Owais,AO,Arabia Taxi,DXB-F-62250,Deira,Al Maktoum Road,,Send live coaching prompt to driver,no
TRG001986,2026-05-18T12:08:40,distraction,Driver Distraction,medium,investigation,MNVR,Hourly Rental,Sultan Al Shamsi,SS,Careem,DXB-O-82711,Al Barsha,Sheikh Zayed Road,,"Acknowledge — minor, log only",no
TRG000388,2026-05-18T11:43:20,harsh,Harsh Driving,high,open,MNVR,Marine,Hamad Al Falasi,HF,Dubai Marine Transport,MAR-801,Jebel Ali,Ibn Battuta Road,103,Send to Stafteesh for fine assessment,no
TRG002302,2026-05-18T11:33:23,signal,No Signal,medium,open,DS/Teams,Public Bus,Faisal Al Mansouri,FM,RTA Public Buses,DXB-B-1985,Downtown Dubai,Sheikh Mohammed Bin Rashid Blvd,,Dispatch tech if persistent >15min,no
TRG001853,2026-05-18T11:33:22,distraction,Driver Distraction,medium,investigation,ETMP,Taxi,Mohammed Al Awadhi,MA,Cars Taxi,DXB-M-25890,Al Quoz,Al Meydan Road,,Schedule supervisor review,no
TRG000394,2026-05-18T10:57:57,fatigue,Driver Fatigue,medium,open,ETMP,Public Bus,Ibrahim Al Marri,IM,RTA Public Buses,DXB-B-8755,Al Barsha,Sheikh Zayed Road,,Instruct driver to take mandatory break,yes
TRG002793,2026-05-18T10:54:22,idling,Idling,medium,open,DS/Teams,Taxi,Ibrahim Al Awadhi,IA,National Taxi,DXB-H-38242,Dubai Marina,King Salman Bin Abdulaziz Al Saud St,,Auto-close — under 5min,no
TRG002621,2026-05-18T10:47:16,camera,Camera Disconnection,medium,acknowledged,DS/Teams,Taxi,Adel Al Maktoum,AM,Citi Taxi,DXB-B-70738,Business Bay,Business Bay Crossing,,Escalate to fleet maintenance,no
TRG002064,2026-05-18T10:45:02,signal,No Signal,high,closed,DS/Teams,Limousine & E-Hail,Marwan Al Suwaidi,MS,Uber Fleet,DXB-D-91241,JBR,The Beach Promenade,,Acknowledge — temporary blackout zone,no
TRG001839,2026-05-18T10:38:46,fatigue,Driver Fatigue,high,open,ETMP,Public Bus,Saeed Al Mazrouei,SM,RTA Public Buses,DXB-B-5536,Jebel Ali,Sheikh Zayed Road,,Override dispatch — pull from rotation,no
TRG000143,2026-05-18T10:25:15,distraction,Driver Distraction,low,open,DS/Teams,Limousine & E-Hail,Saeed Al Naqbi,SN,Uber Fleet,DXB-T-89604,Al Barsha,Al Barsha Road,,Send live coaching prompt to driver,no
TRG001130,2026-05-18T10:16:00,idling,Idling,medium,acknowledged,MNVR,School Bus,Bilal Al Hashimi,BH,School Transport Services,DXB-S-4820,Business Bay,Bay Avenue,,Auto-close — under 5min,no
TRG000793,2026-05-18T10:13:53,idling,Idling,medium,acknowledged,MNVR,Taxi,Hassan Al Shamsi,HS,Metro Taxi,DXB-T-59604,Jumeirah,Umm Suqeim Road,,Send efficiency reminder to driver,no
TRG001016,2026-05-18T09:43:27,idling,Idling,low,closed,MNVR,Limousine & E-Hail,Bilal Al Mansouri,BM,Hala Rides,DXB-D-54233,Downtown Dubai,Mohammed Bin Rashid Blvd,,Flag for daily review,no
TRG000760,2026-05-18T09:16:49,idling,Idling,medium,open,MNVR,Marine,Hamad Al Maktoum,HM,Dubai Marine Transport,MAR-414,Deira,Al Rigga Road,,Auto-close — under 5min,yes
TRG000492,2026-05-18T08:38:16,signal,No Signal,high,escalated,MNVR,Taxi,Bilal Al Naqbi,BN,Metro Taxi,DXB-E-75584,Dubai Marina,Al Marsa Street,,Auto-resolve when signal restored,no
TRG001185,2026-05-18T08:30:27,fatigue,Driver Fatigue,high,acknowledged,DS/Teams,Taxi,Mohammed Al Falasi,MF,Metro Taxi,DXB-G-31913,Silicon Oasis,Wadi Al Safa St,,Route to nearest rest stop,no
TRG002549,2026-05-18T08:17:01,fatigue,Driver Fatigue,high,escalated,MNVR,Taxi,Ahmed Al Hashimi,AH,National Taxi,DXB-G-10729,Dubai Investment Park,Schoolzone Rd,,Route to nearest rest stop,no
TRG000317,2026-05-18T08:15:06,distraction,Driver Distraction,high,acknowledged,DS/Teams,Taxi,Mohammed Al Suwaidi,MS,Citi Taxi,DXB-M-83544,Al Barsha,Al Barsha Road,,Schedule supervisor review,no
TRG000220,2026-05-18T07:51:55,harsh,Harsh Driving,medium,open,ETMP,Taxi,Salim Al Maktoum,SM,Metro Taxi,DXB-K-11115,JBR,Jumeirah Beach Residence,77,Issue coaching alert to driver,no
TRG001210,2026-05-18T07:49:47,distraction,Driver Distraction,high,closed,MNVR,Taxi,Faisal Al Mazrouei,FM,Citi Taxi,DXB-L-45248,Business Bay,Al Abraj Street,,Send live coaching prompt to driver,no
TRG002010,2026-05-18T07:48:03,idling,Idling,low,acknowledged,MNVR,Marine,Adel Al Falasi,AF,Dubai Marine Transport,MAR-713,JBR,The Walk,,Acknowledge — within tolerance,no
TRG000787,2026-05-18T07:46:49,distraction,Driver Distraction,high,acknowledged,ETMP,Limousine & E-Hail,Ibrahim Al Hashimi,IH,Careem,DXB-R-81148,Deira,Al Maktoum Road,,Schedule supervisor review,no
TRG000137,2026-05-18T07:13:11,idling,Idling,low,closed,ETMP,Taxi,Ziad Al Shamsi,ZS,Metro Taxi,DXB-R-14689,Al Quoz,Al Asayel Street,,Acknowledge — within tolerance,no
TRG000236,2026-05-18T07:11:28,signal,No Signal,low,closed,ETMP,Limousine & E-Hail,Hamad Al Tayer,HT,Yango Premium,DXB-R-95878,JBR,Jumeirah Beach Residence,,Re-establish GPS handshake,no
TRG001565,2026-05-18T06:46:24,camera,Camera Disconnection,high,acknowledged,DS/Teams,Taxi,Faisal Al Maktoum,FM,Citi Taxi,DXB-J-88701,Business Bay,Al Abraj Street,,Escalate to fleet maintenance,no
TRG002259,2026-05-18T06:11:21,camera,Camera Disconnection,low,open,ETMP,Public Bus,Ayman Al Mazrouei,AM,RTA Public Buses,DXB-B-7535,Al Quoz,Al Asayel Street,,Run firmware reset remotely,no
TRG000477,2026-05-18T05:56:12,signal,No Signal,medium,fined,ETMP,Taxi,Adel Al Mansouri,AM,Arabia Taxi,DXB-R-51128,Al Rashidiya,Airport Road,,Acknowledge — temporary blackout zone,no
TRG000025,2026-05-18T05:54:50,fatigue,Driver Fatigue,medium,investigation,DS/Teams,Taxi,Mansour Al Mansouri,MM,National Taxi,DXB-A-93157,Deira,Baniyas Square,,Instruct driver to take mandatory break,no
TRG002790,2026-05-18T05:16:37,distraction,Driver Distraction,medium,fined,ETMP,Taxi,Karim Al Shamsi,KS,Dubai Taxi Corporation,DXB-S-46946,Dubai Marina,Al Marsa Street,,"Acknowledge — minor, log only",no
TRG000461,2026-05-18T05:03:16,signal,No Signal,medium,fined,MNVR,Taxi,Karim Al Maktoum,KM,Dubai Taxi Corporation,DXB-T-60051,Jumeirah,Jumeirah Beach Road,,Dispatch tech if persistent >15min,no
TRG001656,2026-05-18T04:55:59,harsh,Harsh Driving,medium,open,DS/Teams,Limousine & E-Hail,Saeed Al Suwaidi,SS,Uber Fleet,DXB-R-99997,Jebel Ali,Sheikh Zayed Road,70,Issue coaching alert to driver,no
TRG000605,2026-05-18T04:38:42,fatigue,Driver Fatigue,high,closed,DS/Teams,Limousine & E-Hail,Omar Al Maktoum,OM,Yango Premium,DXB-C-61972,Business Bay,Business Bay Crossing,,Confirm with supervisor & monitor,yes
TRG002628,2026-05-18T04:11:14,idling,Idling,low,open,MNVR,Hourly Rental,Mansour Al Nuaimi,MN,Al Naboodah Transport,DXB-A-69207,Deira,Al Maktoum Road,,Acknowledge — within tolerance,no
TRG002569,2026-05-18T03:48:46,fatigue,Driver Fatigue,high,closed,MNVR,Public Bus,Fadi Al Maktoum,FM,Emirates Transport,DXB-B-6311,Business Bay,Bay Avenue,,Confirm with supervisor & monitor,no
TRG002634,2026-05-18T03:46:50,signal,No Signal,medium,closed,MNVR,Hourly Rental,Tariq Al Naqbi,TN,Hala Rides,DXB-J-27013,JBR,The Beach Promenade,,Re-establish GPS handshake,no
TRG000155,2026-05-18T03:43:17,fatigue,Driver Fatigue,low,investigation,MNVR,Public Bus,Ahmed Al Shamsi,AS,RTA Public Buses,DXB-B-6593,Dubai Marina,Sheikh Zayed Rd Junction,,Route to nearest rest stop,no
TRG000120,2026-05-18T03:23:56,distraction,Driver Distraction,high,open,MNVR,Taxi,Walid Al Hammadi,WH,Arabia Taxi,DXB-C-88389,Downtown Dubai,Financial Center Rd,,"Acknowledge — minor, log only",no
TRG002698,2026-05-18T03:20:17,harsh,Harsh Driving,medium,stafteesh,MNVR,Hourly Rental,Yousef Al Suwaidi,YS,Hala Rides,DXB-L-33019,Al Qusais,Beirut Street,86,Issue coaching alert to driver,no
TRG001538,2026-05-18T03:13:57,camera,Camera Disconnection,high,open,DS/Teams,Taxi,Hassan Al Falasi,HF,Cars Taxi,DXB-I-11373,Al Quoz,Al Asayel Street,,Escalate to fleet maintenance,yes
TRG001881,2026-05-18T03:05:17,fatigue,Driver Fatigue,high,stafteesh,MNVR,Taxi,Sultan Al Qassimi,SQ,Cars Taxi,DXB-D-30665,Jebel Ali,Sheikh Zayed Road,,Route to nearest rest stop,no
TRG000296,2026-05-18T02:59:16,distraction,Driver Distraction,medium,acknowledged,MNVR,Hourly Rental,Karim Al Maktoum,KM,Al Naboodah Transport,DXB-A-88055,Jumeirah,Umm Suqeim Road,,"Acknowledge — minor, log only",no
TRG000721,2026-05-18T02:58:34,camera,Camera Disconnection,low,acknowledged,DS/Teams,Limousine & E-Hail,Mahmoud Al Owais,MO,Uber Fleet,DXB-H-59346,Downtown Dubai,Sheikh Mohammed Bin Rashid Blvd,,Run firmware reset remotely,no
TRG002659,2026-05-18T01:28:42,signal,No Signal,medium,open,ETMP,Taxi,Salim Al Marri,SM,Metro Taxi,DXB-S-51771,Dubai Marina,King Salman Bin Abdulaziz Al Saud St,,Dispatch tech if persistent >15min,no
TRG000624,2026-05-18T01:20:03,harsh,Harsh Driving,medium,acknowledged,MNVR,Taxi,Mahmoud Al Marri,MM,Metro Taxi,DXB-G-94365,Al Qusais,Al Nahda Road,72,Escalate to safety review board,yes
TRG002454,2026-05-18T01:12:00,fatigue,Driver Fatigue,low,open,MNVR,Limousine & E-Hail,Ayman Al Hammadi,AH,Careem,DXB-N-41791,JBR,The Beach Promenade,,Instruct driver to take mandatory break,no
TRG001479,2026-05-18T01:08:37,idling,Idling,low,closed,MNVR,Marine,Ayman Al Shamsi,AS,Dubai Marine Transport,MAR-711,Deira,Al Maktoum Road,,Send efficiency reminder to driver,no
TRG002087,2026-05-18T01:07:21,fatigue,Driver Fatigue,high,open,DS/Teams,Limousine & E-Hail,Ahmed Al Tayer,AT,Uber Fleet,DXB-A-44336,Al Barsha,Sheikh Zayed Road,,Confirm with supervisor & monitor,no
TRG001860,2026-05-18T00:33:04,distraction,Driver Distraction,medium,closed,DS/Teams,Taxi,Mansour Al Falasi,MF,Dubai Taxi Corporation,DXB-N-35667,Downtown Dubai,Burj Khalifa Blvd,,"Acknowledge — minor, log only",no
TRG002333,2026-05-18T00:16:12,distraction,Driver Distraction,low,open,DS/Teams,Taxi,Ayman Al Maktoum,AM,Dubai Taxi Corporation,DXB-D-40971,Business Bay,Business Bay Crossing,,"Acknowledge — minor, log only",no
TRG000557,2026-05-18T00:15:57,fatigue,Driver Fatigue,low,open,ETMP,Taxi,Hassan Al Nuaimi,HN,National Taxi,DXB-A-26243,Downtown Dubai,Sheikh Mohammed Bin Rashid Blvd,,Route to nearest rest stop,no
TRG002015,2026-05-17T23:47:47,harsh,Harsh Driving,medium,open,MNVR,Taxi,Mohammed Al Mazrouei,MM,Dubai Taxi Corporation,DXB-E-72428,Jebel Ali,Jebel Ali Free Zone,75,Issue coaching alert to driver,no
TRG001478,2026-05-17T23:36:41,harsh,Harsh Driving,medium,open,MNVR,Taxi,Walid Al Marri,WM,National Taxi,DXB-M-64098,Dubai Marina,Marina Walk,80,Escalate to safety review board,no
TRG000207,2026-05-17T23:25:57,harsh,Harsh Driving,medium,open,DS/Teams,Taxi,Walid Al Owais,WO,Metro Taxi,DXB-O-81951,Al Qusais,Beirut Street,81,Log for end-of-shift review,no
TRG001743,2026-05-17T23:22:06,distraction,Driver Distraction,medium,investigation,MNVR,Taxi,Bilal Al Maktoum,BM,Arabia Taxi,DXB-N-50786,JBR,Jumeirah Beach Residence,,"Acknowledge — minor, log only",no
TRG002529,2026-05-17T22:55:50,signal,No Signal,medium,open,MNVR,Public Bus,Ayman Al Nuaimi,AN,Emirates Transport,DXB-B-5917,Jebel Ali,Sheikh Zayed Road,,Acknowledge — temporary blackout zone,no
TRG001002,2026-05-17T22:52:42,distraction,Driver Distraction,low,open,MNVR,Taxi,Adel Al Zaabi,AZ,Metro Taxi,DXB-K-34149,Dubai Marina,Sheikh Zayed Rd Junction,,Schedule supervisor review,no
TRG000387,2026-05-17T22:44:36,distraction,Driver Distraction,high,escalated,MNVR,School Bus,Mansour Al Mansouri,MM,Emirates Transport,DXB-S-8161,Dubai Marina,King Salman Bin Abdulaziz Al Saud St,,"Acknowledge — minor, log only",no
TRG001502,2026-05-17T22:44:04,harsh,Harsh Driving,low,fined,DS/Teams,Taxi,Ibrahim Al Naqbi,IN,National Taxi,DXB-H-92627,Dubai Sports City,Els Club Rd,52,Issue coaching alert to driver,no
TRG002277,2026-05-17T22:36:30,fatigue,Driver Fatigue,medium,open,MNVR,School Bus,Mahmoud Al Tayer,MT,School Transport Services,DXB-S-6801,Silicon Oasis,Sheikh Mohammed Bin Zayed Rd,,Override dispatch — pull from rotation,no
TRG001112,2026-05-17T22:29:38,camera,Camera Disconnection,medium,escalated,ETMP,School Bus,Salim Al Mansouri,SM,Emirates Transport,DXB-S-4749,Al Qusais,Al Nahda Road,,Verify cable connection at next stop,no
TRG000164,2026-05-17T22:24:37,idling,Idling,medium,investigation,MNVR,Marine,Walid Al Hammadi,WH,Dubai Marine Transport,MAR-792,JBR,The Beach Promenade,,Flag for daily review,no
TRG000486,2026-05-17T22:15:02,fatigue,Driver Fatigue,low,acknowledged,DS/Teams,School Bus,Yousef Al Mansouri,YM,School Transport Services,DXB-S-6016,Business Bay,Business Bay Crossing,,Instruct driver to take mandatory break,no
TRG000524,2026-05-17T22:13:54,signal,No Signal,low,closed,MNVR,Marine,Saeed Al Mazrouei,SM,Dubai Marine Transport,MAR-107,JBR,Jumeirah Beach Residence,,Re-establish GPS handshake,no
TRG001309,2026-05-17T22:10:06,camera,Camera Disconnection,high,closed,ETMP,Taxi,Rashid Al Owais,RO,National Taxi,DXB-A-76836,Al Rashidiya,Nadd Al Hamar Rd,,Dispatch field tech — recurring issue,no
TRG002437,2026-05-17T21:39:50,idling,Idling,low,open,MNVR,Taxi,Fadi Al Awadhi,FA,Cars Taxi,DXB-G-22439,JBR,Jumeirah Beach Residence,,Auto-close — under 5min,no
TRG002609,2026-05-17T20:06:20,harsh,Harsh Driving,high,acknowledged,MNVR,School Bus,Ayman Al Zaabi,AZ,Emirates Transport,DXB-S-9483,Al Barsha,Al Barsha Road,82,Send to Stafteesh for fine assessment,no
TRG001586,2026-05-17T19:50:33,idling,Idling,low,acknowledged,DS/Teams,Hourly Rental,Khalid Al Mazrouei,KM,Careem,DXB-B-86822,Business Bay,Bay Avenue,,Auto-close — under 5min,no
TRG001918,2026-05-17T19:32:59,harsh,Harsh Driving,medium,closed,ETMP,Taxi,Mohammed Al Zaabi,MZ,Dubai Taxi Corporation,DXB-B-34873,Business Bay,Bay Avenue,68,Send to Stafteesh for fine assessment,no
TRG001381,2026-05-17T19:10:34,harsh,Harsh Driving,high,closed,MNVR,School Bus,Karim Al Hashimi,KH,Emirates Transport,DXB-S-1009,Mirdif,Mirdif City Centre Rd,83,Escalate to safety review board,no
TRG000420,2026-05-17T18:26:24,signal,No Signal,medium,open,DS/Teams,Taxi,Nasser Al Falasi,NF,Dubai Taxi Corporation,DXB-M-54649,Dubai Investment Park,Schoolzone Rd,,Acknowledge — temporary blackout zone,no
TRG000921,2026-05-17T17:33:20,distraction,Driver Distraction,high,escalated,MNVR,School Bus,Faisal Al Hammadi,FH,School Transport Services,DXB-S-3495,Dubai Marina,Marina Walk,,Schedule supervisor review,no
TRG001895,2026-05-17T17:19:50,idling,Idling,low,closed,MNVR,Taxi,Tariq Al Marri,TM,Cars Taxi,DXB-R-34307,Al Quoz,Al Asayel Street,,Acknowledge — within tolerance,no
TRG002560,2026-05-17T14:46:19,distraction,Driver Distraction,high,stafteesh,DS/Teams,School Bus,Ziad Al Shamsi,ZS,Emirates Transport,DXB-S-5061,Al Quoz,Al Khail Road,,Issue formal warning — 2nd offense,no
TRG001890,2026-05-17T14:20:44,signal,No Signal,medium,open,DS/Teams,Taxi,Omar Al Naqbi,ON,Arabia Taxi,DXB-N-92406,Dubai Investment Park,Green Community,,Acknowledge — temporary blackout zone,no
TRG002630,2026-05-17T12:51:42,harsh,Harsh Driving,medium,open,ETMP,Public Bus,Mohammed Al Hashimi,MH,RTA Public Buses,DXB-B-8954,Jumeirah,Jumeirah Beach Road,63,Send to Stafteesh for fine assessment,no
TRG002362,2026-05-17T12:51:29,camera,Camera Disconnection,low,acknowledged,MNVR,Hourly Rental,Faisal Al Mansouri,FM,Al Naboodah Transport,DXB-M-47023,Al Rashidiya,Airport Road,,Escalate to fleet maintenance,no
TRG001439,2026-05-17T10:49:18,harsh,Harsh Driving,high,closed,ETMP,Hourly Rental,Rashid Al Shamsi,RS,Al Naboodah Transport,DXB-O-81526,JBR,The Walk,133,Send to Stafteesh for fine assessment,no
TRG000959,2026-05-17T10:11:25,signal,No Signal,low,investigation,DS/Teams,Taxi,Hamad Al Awadhi,HA,Citi Taxi,DXB-L-62697,Dubai Marina,King Salman Bin Abdulaziz Al Saud St,,Auto-resolve when signal restored,no
TRG000348,2026-05-17T09:57:10,camera,Camera Disconnection,high,acknowledged,DS/Teams,Taxi,Salim Al Suwaidi,SS,National Taxi,DXB-L-43432,Dubai Marina,King Salman Bin Abdulaziz Al Saud St,,Verify cable connection at next stop,no
TRG001821,2026-05-17T09:42:20,fatigue,Driver Fatigue,high,stafteesh,ETMP,Taxi,Mansour Al Marri,MM,Dubai Taxi Corporation,DXB-C-33593,Deira,Gold Souq Street,,Instruct driver to take mandatory break,no
TRG002187,2026-05-17T09:41:30,signal,No Signal,low,closed,ETMP,Taxi,Yousef Al Maktoum,YM,Citi Taxi,DXB-N-41088,Deira,Al Maktoum Road,,Acknowledge — temporary blackout zone,no
TRG000754,2026-05-17T09:21:41,fatigue,Driver Fatigue,high,open,MNVR,Marine,Mohammed Al Qassimi,MQ,Dubai Marine Transport,MAR-680,Silicon Oasis,Dubai Silicon Oasis Hub,,Instruct driver to take mandatory break,no
TRG002103,2026-05-17T08:40:46,signal,No Signal,medium,acknowledged,DS/Teams,Public Bus,Tariq Al Shamsi,TS,RTA Public Buses,DXB-B-7409,Dubai Sports City,Hessa Street,,Auto-resolve when signal restored,no
TRG000425,2026-05-17T08:19:52,harsh,Harsh Driving,medium,acknowledged,ETMP,Taxi,Mansour Al Nuaimi,MN,Metro Taxi,DXB-C-21665,Mirdif,Tripoli Street,80,Escalate to safety review board,no
TRG002376,2026-05-17T07:50:39,signal,No Signal,medium,fined,DS/Teams,Hourly Rental,Fadi Al Falasi,FF,Careem,DXB-S-32948,Downtown Dubai,Burj Khalifa Blvd,,Acknowledge — temporary blackout zone,no
TRG001081,2026-05-17T07:27:19,distraction,Driver Distraction,high,investigation,DS/Teams,Public Bus,Khalid Al Maktoum,KM,Emirates Transport,DXB-B-6444,Jumeirah,Jumeirah Beach Road,,Send live coaching prompt to driver,no
TRG002523,2026-05-17T05:08:47,distraction,Driver Distraction,high,acknowledged,ETMP,Taxi,Rashid Al Owais,RO,National Taxi,DXB-C-44387,Downtown Dubai,Financial Center Rd,,Schedule supervisor review,no
TRG002046,2026-05-17T04:15:39,camera,Camera Disconnection,high,escalated,DS/Teams,School Bus,Adel Al Awadhi,AA,School Transport Services,DXB-S-2758,Jebel Ali,Sheikh Zayed Road,,Escalate to fleet maintenance,no
TRG000580,2026-05-17T01:07:10,signal,No Signal,high,open,MNVR,Limousine & E-Hail,Omar Al Hashimi,OH,Yango Premium,DXB-J-54109,Downtown Dubai,Financial Center Rd,,Re-establish GPS handshake,yes
TRG000062,2026-05-17T01:01:55,harsh,Harsh Driving,low,closed,ETMP,Public Bus,Khalid Al Nuaimi,KN,RTA Public Buses,DXB-B-9120,Dubai Marina,King Salman Bin Abdulaziz Al Saud St,57,Send to Stafteesh for fine assessment,no
TRG002351,2026-05-16T22:21:22,harsh,Harsh Driving,high,fined,DS/Teams,Taxi,Mohammed Al Nuaimi,MN,Cars Taxi,DXB-M-28830,Dubai Investment Park,DIP First Road,86,Send to Stafteesh for fine assessment,no
TRG002186,2026-05-16T22:01:23,signal,No Signal,medium,acknowledged,MNVR,Limousine & E-Hail,Karim Al Falasi,KF,Yango Premium,DXB-C-33444,Al Quoz,Al Khail Road,,Dispatch tech if persistent >15min,no
TRG001475,2026-05-16T20:47:18,harsh,Harsh Driving,medium,closed,DS/Teams,Taxi,Sultan Al Naqbi,SN,National Taxi,DXB-I-97638,Al Quoz,Al Asayel Street,74,Send to Stafteesh for fine assessment,no
TRG002517,2026-05-16T16:37:49,distraction,Driver Distraction,medium,escalated,DS/Teams,Limousine & E-Hail,Fadi Al Falasi,FF,Genie Limousine,DXB-H-39278,Al Quoz,Al Asayel Street,,"Acknowledge — minor, log only",no
TRG002728,2026-05-16T16:29:41,fatigue,Driver Fatigue,high,fined,MNVR,Public Bus,Hassan Al Zaabi,HZ,RTA Public Buses,DXB-B-1981,Downtown Dubai,Sheikh Mohammed Bin Rashid Blvd,,Confirm with supervisor & monitor,no
TRG000194,2026-05-16T15:12:59,idling,Idling,low,acknowledged,MNVR,Taxi,Bilal Al Marri,BM,Arabia Taxi,DXB-L-80603,Business Bay,Marasi Drive,,Flag for daily review,no
TRG000122,2026-05-16T13:25:03,idling,Idling,high,closed,MNVR,Public Bus,Ahmed Al Falasi,AF,RTA Public Buses,DXB-B-6204,Mirdif,Tripoli Street,,Acknowledge — within tolerance,no
TRG000910,2026-05-16T12:05:33,camera,Camera Disconnection,medium,investigation,DS/Teams,Taxi,Ibrahim Al Hammadi,IH,National Taxi,DXB-M-77510,Dubai Investment Park,DIP First Road,,Dispatch field tech — recurring issue,no
TRG002060,2026-05-16T10:43:47,camera,Camera Disconnection,high,acknowledged,MNVR,Taxi,Bilal Al Naqbi,BN,Citi Taxi,DXB-D-41211,Downtown Dubai,Financial Center Rd,,Run firmware reset remotely,no
TRG000846,2026-05-16T10:22:04,harsh,Harsh Driving,high,investigation,DS/Teams,School Bus,Walid Al Maktoum,WM,Emirates Transport,DXB-S-3743,Jebel Ali,Sheikh Zayed Road,105,Send to Stafteesh for fine assessment,no
TRG000822,2026-05-16T07:44:54,signal,No Signal,low,open,ETMP,Public Bus,Omar Al Qassimi,OQ,RTA Public Buses,DXB-B-4811,Downtown Dubai,Mohammed Bin Rashid Blvd,,Auto-resolve when signal restored,yes
TRG002792,2026-05-16T05:06:17,signal,No Signal,high,open,ETMP,Taxi,Khalid Al Zaabi,KZ,National Taxi,DXB-H-30326,Dubai Investment Park,Schoolzone Rd,,Auto-resolve when signal restored,no
TRG002739,2026-05-16T03:16:04,distraction,Driver Distraction,high,open,ETMP,Taxi,Rashid Al Suwaidi,RS,National Taxi,DXB-Q-92236,Deira,Baniyas Square,,Send live coaching prompt to driver,no
TRG001226,2026-05-16T01:53:39,idling,Idling,medium,closed,ETMP,Limousine & E-Hail,Faisal Al Hashimi,FH,Genie Limousine,DXB-R-16307,Al Rashidiya,Nadd Al Hamar Rd,,Acknowledge — within tolerance,no
TRG001427,2026-05-16T01:15:25,distraction,Driver Distraction,high,investigation,MNVR,Public Bus,Salim Al Mazrouei,SM,RTA Public Buses,DXB-B-1353,Al Quoz,Al Meydan Road,,Issue formal warning — 2nd offense,no
TRG000346,2026-05-15T21:48:36,distraction,Driver Distraction,low,fined,DS/Teams,Taxi,Hassan Al Hashimi,HH,Citi Taxi,DXB-G-33493,Al Qusais,Al Nahda Road,,Schedule supervisor review,no
TRG000633,2026-05-15T21:34:56,signal,No Signal,low,open,DS/Teams,Public Bus,Rashid Al Nuaimi,RN,Emirates Transport,DXB-B-3604,Downtown Dubai,Sheikh Mohammed Bin Rashid Blvd,,Re-establish GPS handshake,no
TRG001783,2026-05-15T21:10:55,camera,Camera Disconnection,medium,investigation,MNVR,Marine,Saeed Al Nuaimi,SN,Dubai Marine Transport,MAR-450,Mirdif,Algeria Street,,Verify cable connection at next stop,no
TRG002530,2026-05-15T20:59:47,signal,No Signal,low,open,DS/Teams,Public Bus,Faisal Al Qassimi,FQ,RTA Public Buses,DXB-B-8167,Mirdif,Algeria Street,,Dispatch tech if persistent >15min,no
TRG001608,2026-05-15T19:48:50,fatigue,Driver Fatigue,medium,open,MNVR,Taxi,Mansour Al Falasi,MF,Metro Taxi,DXB-I-90779,Jebel Ali,Jebel Ali Free Zone,,Instruct driver to take mandatory break,no
TRG000989,2026-05-15T18:10:21,signal,No Signal,medium,stafteesh,MNVR,Public Bus,Saeed Al Owais,SO,RTA Public Buses,DXB-B-3052,Al Quoz,Al Meydan Road,,Auto-resolve when signal restored,no
TRG000266,2026-05-15T16:49:43,distraction,Driver Distraction,medium,stafteesh,MNVR,Public Bus,Mohammed Al Mansouri,MM,RTA Public Buses,DXB-B-2402,Dubai Investment Park,Green Community,,Send live coaching prompt to driver,no
TRG001335,2026-05-15T15:09:48,distraction,Driver Distraction,high,closed,MNVR,Taxi,Yousef Al Hashimi,YH,Dubai Taxi Corporation,DXB-Q-43012,Al Barsha,Sheikh Zayed Road,,Send live coaching prompt to driver,no
TRG001801,2026-05-15T12:36:39,fatigue,Driver Fatigue,low,fined,ETMP,Limousine & E-Hail,Ibrahim Al Qassimi,IQ,Genie Limousine,DXB-T-63359,JBR,The Beach Promenade,,Confirm with supervisor & monitor,no
TRG000997,2026-05-15T11:53:07,signal,No Signal,medium,open,DS/Teams,Taxi,Ziad Al Mansouri,ZM,Dubai Taxi Corporation,DXB-M-30031,Business Bay,Al Abraj Street,,Auto-resolve when signal restored,no
TRG001118,2026-05-15T11:41:12,distraction,Driver Distraction,high,open,DS/Teams,Public Bus,Faisal Al Suwaidi,FS,Emirates Transport,DXB-B-4386,Business Bay,Al Abraj Street,,"Acknowledge — minor, log only",no
TRG002410,2026-05-15T11:24:14,distraction,Driver Distraction,medium,stafteesh,MNVR,Taxi,Mansour Al Mansouri,MM,National Taxi,DXB-N-74508,Downtown Dubai,Financial Center Rd,,Send live coaching prompt to driver,yes
TRG002700,2026-05-15T10:52:24,fatigue,Driver Fatigue,high,open,MNVR,Limousine & E-Hail,Salim Al Shamsi,SS,Careem,DXB-Q-70957,Jebel Ali,Jebel Ali Free Zone,,Route to nearest rest stop,no
TRG000047,2026-05-15T10:01:50,harsh,Harsh Driving,medium,closed,ETMP,Taxi,Saeed Al Qassimi,SQ,Citi Taxi,DXB-B-94607,Mirdif,Algeria Street,82,Log for end-of-shift review,no
TRG001831,2026-05-15T07:54:04,harsh,Harsh Driving,high,closed,MNVR,Limousine & E-Hail,Ahmed Al Hashimi,AH,Hala Rides,DXB-F-65498,Al Barsha,Sheikh Zayed Road,110,Escalate to safety review board,no
TRG002066,2026-05-15T07:36:57,idling,Idling,high,acknowledged,DS/Teams,Marine,Mohammed Al Mansouri,MM,Dubai Marine Transport,MAR-125,Al Quoz,Al Meydan Road,,Acknowledge — within tolerance,no
TRG000512,2026-05-15T07:31:42,distraction,Driver Distraction,low,open,ETMP,Taxi,Hamad Al Awadhi,HA,Cars Taxi,DXB-F-30083,Deira,Al Rigga Road,,Issue formal warning — 2nd offense,no
TRG000508,2026-05-15T06:20:25,distraction,Driver Distraction,medium,open,MNVR,Hourly Rental,Omar Al Falasi,OF,Hala Rides,DXB-P-39411,Al Qusais,Damascus Street,,"Acknowledge — minor, log only",no
TRG000607,2026-05-15T05:52:14,harsh,Harsh Driving,high,closed,DS/Teams,Marine,Ahmed Al Qassimi,AQ,Dubai Marine Transport,MAR-428,Mirdif,Tripoli Street,114,Issue coaching alert to driver,no
TRG001059,2026-05-15T05:04:39,distraction,Driver Distraction,high,open,ETMP,Public Bus,Mahmoud Al Hashimi,MH,RTA Public Buses,DXB-B-8577,Dubai Marina,King Salman Bin Abdulaziz Al Saud St,,"Acknowledge — minor, log only",no
TRG000243,2026-05-15T04:25:13,fatigue,Driver Fatigue,high,investigation,MNVR,Limousine & E-Hail,Fadi Al Suwaidi,FS,Genie Limousine,DXB-I-28943,JBR,The Beach Promenade,,Route to nearest rest stop,no
TRG002289,2026-05-15T04:16:10,distraction,Driver Distraction,low,open,ETMP,Public Bus,Walid Al Marri,WM,Emirates Transport,DXB-B-2216,Al Quoz,Al Khail Road,,Send live coaching prompt to driver,no
TRG000045,2026-05-15T00:39:21,idling,Idling,low,closed,MNVR,Taxi,Ayman Al Hammadi,AH,Arabia Taxi,DXB-J-12858,Deira,Gold Souq Street,,Flag for daily review,yes
TRG001688,2026-05-14T22:27:07,fatigue,Driver Fatigue,medium,fined,MNVR,Public Bus,Mansour Al Maktoum,MM,Emirates Transport,DXB-B-3508,Mirdif,Algeria Street,,Override dispatch — pull from rotation,no
TRG000251,2026-05-14T20:24:37,fatigue,Driver Fatigue,high,acknowledged,DS/Teams,Hourly Rental,Mansour Al Awadhi,MA,Al Naboodah Transport,DXB-S-45889,Al Quoz,Al Meydan Road,,Route to nearest rest stop,no
TRG000981,2026-05-14T18:19:27,camera,Camera Disconnection,medium,open,ETMP,School Bus,Omar Al Shamsi,OS,Emirates Transport,DXB-S-6392,Al Rashidiya,Airport Road,,Run firmware reset remotely,no
TRG000636,2026-05-14T16:42:40,harsh,Harsh Driving,medium,closed,ETMP,Limousine & E-Hail,Yousef Al Naqbi,YN,Genie Limousine,DXB-Q-74138,Jumeirah,Jumeirah Beach Road,87,Escalate to safety review board,no
TRG000343,2026-05-14T16:40:17,idling,Idling,low,acknowledged,DS/Teams,Taxi,Nasser Al Falasi,NF,National Taxi,DXB-O-92507,Downtown Dubai,Burj Khalifa Blvd,,Send efficiency reminder to driver,no
TRG000052,2026-05-14T15:48:12,camera,Camera Disconnection,high,acknowledged,ETMP,School Bus,Hassan Al Owais,HO,School Transport Services,DXB-S-4039,Mirdif,Algeria Street,,Run firmware reset remotely,yes
TRG000610,2026-05-14T12:20:48,distraction,Driver Distraction,high,closed,MNVR,Taxi,Marwan Al Mansouri,MM,Arabia Taxi,DXB-P-80464,Business Bay,Business Bay Crossing,,Issue formal warning — 2nd offense,no
TRG000661,2026-05-14T11:28:42,idling,Idling,medium,acknowledged,DS/Teams,Taxi,Mohammed Al Naqbi,MN,Dubai Taxi Corporation,DXB-H-11342,Business Bay,Marasi Drive,,Send efficiency reminder to driver,yes
TRG002211,2026-05-14T07:25:54,signal,No Signal,low,open,MNVR,Hourly Rental,Hassan Al Hashimi,HH,Al Naboodah Transport,DXB-P-80845,Al Quoz,Al Meydan Road,,Acknowledge — temporary blackout zone,no
TRG001639,2026-05-14T07:11:15,signal,No Signal,low,acknowledged,MNVR,Hourly Rental,Walid Al Suwaidi,WS,Careem,DXB-D-95013,JBR,The Walk,,Auto-resolve when signal restored,no
TRG001797,2026-05-14T06:58:40,harsh,Harsh Driving,medium,closed,DS/Teams,Taxi,Ahmed Al Mansouri,AM,Dubai Taxi Corporation,DXB-D-67894,Mirdif,Mirdif City Centre Rd,60,Send to Stafteesh for fine assessment,no
TRG001160,2026-05-14T06:06:21,distraction,Driver Distraction,medium,open,DS/Teams,Taxi,Ziad Al Maktoum,ZM,National Taxi,DXB-J-75439,Al Quoz,Al Meydan Road,,Issue formal warning — 2nd offense,no
TRG002695,2026-05-14T06:04:54,fatigue,Driver Fatigue,low,acknowledged,MNVR,Marine,Sultan Al Mansouri,SM,Dubai Marine Transport,MAR-321,Downtown Dubai,Burj Khalifa Blvd,,Override dispatch — pull from rotation,no
TRG001778,2026-05-14T03:36:55,harsh,Harsh Driving,high,closed,MNVR,Hourly Rental,Hassan Al Zaabi,HZ,Al Naboodah Transport,DXB-I-13355,Jebel Ali,Jebel Ali Free Zone,116,Escalate to safety review board,no
TRG002625,2026-05-14T01:14:11,signal,No Signal,high,fined,DS/Teams,Hourly Rental,Tariq Al Qassimi,TQ,Al Naboodah Transport,DXB-P-20575,Mirdif,Tripoli Street,,Acknowledge — temporary blackout zone,no
TRG002152,2026-05-14T00:46:38,camera,Camera Disconnection,medium,open,DS/Teams,School Bus,Rashid Al Marri,RM,Emirates Transport,DXB-S-9514,Dubai Marina,Sheikh Zayed Rd Junction,,Run firmware reset remotely,no
TRG000815,2026-05-14T00:19:17,signal,No Signal,high,investigation,MNVR,Taxi,Nasser Al Mansouri,NM,Arabia Taxi,DXB-M-86433,Mirdif,Algeria Street,,Acknowledge — temporary blackout zone,yes
TRG000847,2026-05-13T20:54:46,camera,Camera Disconnection,high,open,MNVR,Limousine & E-Hail,Walid Al Tayer,WT,Careem,DXB-B-72738,Al Quoz,Al Meydan Road,,Verify cable connection at next stop,no
TRG000908,2026-05-13T19:55:40,distraction,Driver Distraction,high,open,DS/Teams,Taxi,Bilal Al Mansouri,BM,Dubai Taxi Corporation,DXB-E-70991,JBR,The Beach Promenade,,Issue formal warning — 2nd offense,no
TRG000755,2026-05-13T18:40:40,signal,No Signal,low,acknowledged,ETMP,Taxi,Rashid Al Mazrouei,RM,Arabia Taxi,DXB-R-28756,Dubai Marina,King Salman Bin Abdulaziz Al Saud St,,Dispatch tech if persistent >15min,no
TRG000702,2026-05-13T17:13:02,fatigue,Driver Fatigue,high,acknowledged,MNVR,Public Bus,Hassan Al Maktoum,HM,Emirates Transport,DXB-B-7025,Al Barsha,Mall of the Emirates,,Instruct driver to take mandatory break,no
TRG002775,2026-05-13T17:06:58,signal,No Signal,high,investigation,DS/Teams,Taxi,Adel Al Shamsi,AS,Metro Taxi,DXB-O-63651,Dubai Investment Park,Schoolzone Rd,,Re-establish GPS handshake,yes
TRG000402,2026-05-13T16:35:54,idling,Idling,medium,open,ETMP,Public Bus,Hamad Al Suwaidi,HS,RTA Public Buses,DXB-B-4664,JBR,The Walk,,Send efficiency reminder to driver,no
TRG001674,2026-05-13T16:33:15,camera,Camera Disconnection,medium,closed,DS/Teams,Taxi,Mahmoud Al Marri,MM,Cars Taxi,DXB-D-54111,Downtown Dubai,Burj Khalifa Blvd,,Dispatch field tech — recurring issue,no
TRG001682,2026-05-13T12:30:06,harsh,Harsh Driving,medium,closed,ETMP,Public Bus,Ziad Al Awadhi,ZA,Emirates Transport,DXB-B-5012,Al Rashidiya,Rashidiya Metro Rd,78,Escalate to safety review board,no
TRG002291,2026-05-13T11:40:17,distraction,Driver Distraction,high,acknowledged,MNVR,Taxi,Nasser Al Tayer,NT,Cars Taxi,DXB-J-75307,Mirdif,Mirdif City Centre Rd,,Schedule supervisor review,no
TRG000435,2026-05-13T11:31:10,distraction,Driver Distraction,medium,acknowledged,MNVR,Limousine & E-Hail,Sultan Al Naqbi,SN,Uber Fleet,DXB-O-47142,Dubai Sports City,Sports City Boulevard,,Issue formal warning — 2nd offense,no
TRG002192,2026-05-13T08:43:30,idling,Idling,low,open,DS/Teams,Taxi,Ibrahim Al Shamsi,IS,Metro Taxi,DXB-M-15216,Al Qusais,Beirut Street,,Acknowledge — within tolerance,no
TRG001771,2026-05-13T07:21:20,harsh,Harsh Driving,medium,closed,DS/Teams,Hourly Rental,Yousef Al Zaabi,YZ,Hala Rides,DXB-D-92965,Dubai Marina,Al Marsa Street,78,Issue coaching alert to driver,no
TRG000696,2026-05-13T06:59:41,camera,Camera Disconnection,high,acknowledged,MNVR,Taxi,Adel Al Marri,AM,National Taxi,DXB-P-43495,Jebel Ali,Jebel Ali Free Zone,,Run firmware reset remotely,no
TRG002702,2026-05-13T06:31:05,distraction,Driver Distraction,high,closed,MNVR,Public Bus,Ayman Al Falasi,AF,RTA Public Buses,DXB-B-8082,Al Barsha,Sheikh Zayed Road,,"Acknowledge — minor, log only",no
TRG000223,2026-05-13T03:55:31,camera,Camera Disconnection,high,closed,ETMP,Public Bus,Walid Al Hammadi,WH,Emirates Transport,DXB-B-3536,Al Quoz,Al Asayel Street,,Dispatch field tech — recurring issue,no
TRG001109,2026-05-12T23:40:54,distraction,Driver Distraction,medium,open,DS/Teams,Limousine & E-Hail,Hamad Al Hammadi,HH,Uber Fleet,DXB-F-73391,Downtown Dubai,Sheikh Mohammed Bin Rashid Blvd,,"Acknowledge — minor, log only",no
TRG000111,2026-05-12T21:40:01,distraction,Driver Distraction,medium,open,DS/Teams,Public Bus,Bilal Al Suwaidi,BS,RTA Public Buses,DXB-B-5802,Mirdif,Algeria Street,,"Acknowledge — minor, log only",no
TRG002463,2026-05-12T21:26:25,distraction,Driver Distraction,high,closed,MNVR,Taxi,Bilal Al Mansouri,BM,Cars Taxi,DXB-N-60442,Silicon Oasis,Sheikh Mohammed Bin Zayed Rd,,"Acknowledge — minor, log only",yes
TRG000974,2026-05-12T19:00:08,harsh,Harsh Driving,high,investigation,DS/Teams,Public Bus,Saeed Al Qassimi,SQ,Emirates Transport,DXB-B-5883,Silicon Oasis,Sheikh Mohammed Bin Zayed Rd,96,Escalate to safety review board,no
TRG001357,2026-05-12T17:27:10,signal,No Signal,medium,escalated,DS/Teams,Taxi,Bilal Al Qassimi,BQ,Cars Taxi,DXB-M-71122,Dubai Investment Park,Green Community,,Dispatch tech if persistent >15min,no
TRG000753,2026-05-12T14:14:43,fatigue,Driver Fatigue,high,open,DS/Teams,Public Bus,Mansour Al Marri,MM,RTA Public Buses,DXB-B-7805,JBR,The Walk,,Confirm with supervisor & monitor,no
TRG001129,2026-05-12T13:50:32,fatigue,Driver Fatigue,high,stafteesh,ETMP,Taxi,Karim Al Mazrouei,KM,Arabia Taxi,DXB-O-73639,Dubai Marina,Marina Walk,,Instruct driver to take mandatory break,no
TRG001075,2026-05-12T13:50:04,distraction,Driver Distraction,high,closed,MNVR,Hourly Rental,Mohammed Al Falasi,MF,Hala Rides,DXB-R-56230,Silicon Oasis,Dubai Silicon Oasis Hub,,Issue formal warning — 2nd offense,no
TRG001704,2026-05-12T12:53:53,harsh,Harsh Driving,high,closed,MNVR,Public Bus,Tariq Al Falasi,TF,Emirates Transport,DXB-B-7725,Dubai Marina,King Salman Bin Abdulaziz Al Saud St,86,Send to Stafteesh for fine assessment,no
TRG002284,2026-05-12T11:22:06,distraction,Driver Distraction,high,fined,MNVR,Public Bus,Mansour Al Marri,MM,Emirates Transport,DXB-B-7041,Al Quoz,Al Khail Road,,"Acknowledge — minor, log only",no
TRG001878,2026-05-12T10:57:54,harsh,Harsh Driving,medium,closed,ETMP,Taxi,Rashid Al Nuaimi,RN,National Taxi,DXB-I-23889,JBR,Jumeirah Beach Residence,76,Issue coaching alert to driver,yes
TRG001453,2026-05-12T09:29:06,distraction,Driver Distraction,high,closed,MNVR,Limousine & E-Hail,Ahmed Al Tayer,AT,Careem,DXB-R-27086,Downtown Dubai,Burj Khalifa Blvd,,Issue formal warning — 2nd offense,no
TRG002413,2026-05-12T07:03:10,distraction,Driver Distraction,medium,escalated,ETMP,Public Bus,Tariq Al Mansouri,TM,RTA Public Buses,DXB-B-3840,Dubai Investment Park,Schoolzone Rd,,"Acknowledge — minor, log only",no
TRG002311,2026-05-12T04:36:17,fatigue,Driver Fatigue,high,closed,DS/Teams,Public Bus,Tariq Al Qassimi,TQ,RTA Public Buses,DXB-B-1049,Business Bay,Bay Avenue,,Confirm with supervisor & monitor,no
TRG000632,2026-05-12T04:22:42,signal,No Signal,low,closed,ETMP,Taxi,Fadi Al Hammadi,FH,Arabia Taxi,DXB-D-90033,Jumeirah,Umm Suqeim Road,,Dispatch tech if persistent >15min,no
TRG000457,2026-05-12T03:46:50,signal,No Signal,medium,fined,MNVR,Taxi,Walid Al Hammadi,WH,Citi Taxi,DXB-Q-88283,Business Bay,Business Bay Crossing,,Acknowledge — temporary blackout zone,no
TRG001292,2026-05-12T02:17:57,harsh,Harsh Driving,high,closed,DS/Teams,Taxi,Karim Al Naqbi,KN,Metro Taxi,DXB-M-73317,JBR,Jumeirah Beach Residence,99,Issue coaching alert to driver,no
TRG000112,2026-05-12T01:54:08,signal,No Signal,low,open,MNVR,Limousine & E-Hail,Ibrahim Al Tayer,IT,Uber Fleet,DXB-T-31757,Al Rashidiya,Airport Road,,Auto-resolve when signal restored,no
TRG002257,2026-05-12T01:40:47,fatigue,Driver Fatigue,medium,open,DS/Teams,Marine,Ibrahim Al Mansouri,IM,Dubai Marine Transport,MAR-948,Deira,Al Rigga Road,,Confirm with supervisor & monitor,no
TRG000915,2026-05-11T22:56:43,fatigue,Driver Fatigue,high,fined,MNVR,Limousine & E-Hail,Khalid Al Nuaimi,KN,Uber Fleet,DXB-N-53386,Dubai Marina,King Salman Bin Abdulaziz Al Saud St,,Route to nearest rest stop,no
TRG000027,2026-05-11T21:34:19,distraction,Driver Distraction,low,stafteesh,DS/Teams,Taxi,Hassan Al Shamsi,HS,National Taxi,DXB-A-42826,JBR,Jumeirah Beach Residence,,Send live coaching prompt to driver,yes
TRG002330,2026-05-11T19:05:10,signal,No Signal,low,acknowledged,MNVR,Taxi,Mohammed Al Hashimi,MH,Dubai Taxi Corporation,DXB-T-24334,Jumeirah,Umm Suqeim Road,,Re-establish GPS handshake,no
TRG000430,2026-05-11T18:45:27,fatigue,Driver Fatigue,high,closed,ETMP,School Bus,Marwan Al Awadhi,MA,School Transport Services,DXB-S-4123,Mirdif,Algeria Street,,Override dispatch — pull from rotation,no
TRG000347,2026-05-11T18:30:17,signal,No Signal,medium,acknowledged,ETMP,Public Bus,Marwan Al Naqbi,MN,RTA Public Buses,DXB-B-5430,Al Qusais,Damascus Street,,Acknowledge — temporary blackout zone,no
TRG001154,2026-05-11T18:27:26,fatigue,Driver Fatigue,high,investigation,DS/Teams,Public Bus,Rashid Al Zaabi,RZ,RTA Public Buses,DXB-B-6460,Dubai Marina,Al Marsa Street,,Instruct driver to take mandatory break,no
TRG000072,2026-05-11T14:20:32,harsh,Harsh Driving,high,investigation,ETMP,Taxi,Yousef Al Marri,YM,Dubai Taxi Corporation,DXB-G-33867,Deira,Baniyas Square,105,Escalate to safety review board,no
TRG001161,2026-05-11T14:18:23,distraction,Driver Distraction,medium,open,MNVR,Public Bus,Faisal Al Owais,FO,RTA Public Buses,DXB-B-7738,Deira,Al Rigga Road,,"Acknowledge — minor, log only",no
TRG001213,2026-05-11T11:26:17,camera,Camera Disconnection,high,investigation,ETMP,Marine,Salim Al Suwaidi,SS,Dubai Marine Transport,MAR-436,JBR,The Beach Promenade,,Verify cable connection at next stop,no
TRG002204,2026-05-11T09:40:27,idling,Idling,low,fined,MNVR,Public Bus,Yousef Al Falasi,YF,RTA Public Buses,DXB-B-9146,Dubai Marina,King Salman Bin Abdulaziz Al Saud St,,Send efficiency reminder to driver,no
TRG002181,2026-05-11T08:07:13,fatigue,Driver Fatigue,high,open,MNVR,Taxi,Khalid Al Owais,KO,National Taxi,DXB-M-10429,Silicon Oasis,Dubai Silicon Oasis Hub,,Override dispatch — pull from rotation,no
TRG001296,2026-05-11T07:50:00,fatigue,Driver Fatigue,high,fined,MNVR,Taxi,Hassan Al Marri,HM,Cars Taxi,DXB-P-79425,Downtown Dubai,Mohammed Bin Rashid Blvd,,Instruct driver to take mandatory break,no
TRG000998,2026-05-11T06:55:24,signal,No Signal,high,escalated,MNVR,Taxi,Ibrahim Al Zaabi,IZ,Dubai Taxi Corporation,DXB-K-34521,Business Bay,Bay Avenue,,Acknowledge — temporary blackout zone,no
TRG002507,2026-05-11T05:49:48,harsh,Harsh Driving,low,closed,DS/Teams,Taxi,Adel Al Mansouri,AM,Arabia Taxi,DXB-P-73900,Dubai Marina,Marina Walk,64,Escalate to safety review board,no
TRG001209,2026-05-11T04:22:43,signal,No Signal,high,open,DS/Teams,School Bus,Ibrahim Al Mazrouei,IM,School Transport Services,DXB-S-1446,Dubai Sports City,Els Club Rd,,Re-establish GPS handshake,no
TRG002169,2026-05-11T03:38:36,harsh,Harsh Driving,low,acknowledged,DS/Teams,Taxi,Bilal Al Maktoum,BM,Citi Taxi,DXB-D-53366,Jebel Ali,Ibn Battuta Road,48,Issue coaching alert to driver,no
TRG001251,2026-05-11T03:32:07,distraction,Driver Distraction,high,investigation,DS/Teams,Marine,Ibrahim Al Owais,IO,Dubai Marine Transport,MAR-616,Al Quoz,Al Khail Road,,Schedule supervisor review,no
TRG001627,2026-05-11T02:00:40,distraction,Driver Distraction,low,stafteesh,DS/Teams,Taxi,Bilal Al Zaabi,BZ,Cars Taxi,DXB-G-41842,Mirdif,Algeria Street,,Issue formal warning — 2nd offense,no
TRG000821,2026-05-11T00:59:28,harsh,Harsh Driving,high,acknowledged,DS/Teams,Marine,Omar Al Zaabi,OZ,Dubai Marine Transport,MAR-640,Downtown Dubai,Sheikh Mohammed Bin Rashid Blvd,98,Log for end-of-shift review,no
TRG001927,2026-05-11T00:27:20,fatigue,Driver Fatigue,medium,investigation,MNVR,Taxi,Sultan Al Mansouri,SM,Cars Taxi,DXB-P-49634,Al Rashidiya,Rashidiya Metro Rd,,Confirm with supervisor & monitor,no
TRG000914,2026-05-11T00:26:25,camera,Camera Disconnection,high,investigation,DS/Teams,Taxi,Bilal Al Maktoum,BM,Cars Taxi,DXB-R-94818,JBR,The Beach Promenade,,Run firmware reset remotely,yes
TRG002024,2026-05-10T22:52:43,camera,Camera Disconnection,medium,acknowledged,DS/Teams,School Bus,Bilal Al Naqbi,BN,School Transport Services,DXB-S-6408,Downtown Dubai,Sheikh Mohammed Bin Rashid Blvd,,Dispatch field tech — recurring issue,no
TRG000253,2026-05-10T19:25:52,fatigue,Driver Fatigue,medium,closed,MNVR,Taxi,Yousef Al Nuaimi,YN,Dubai Taxi Corporation,DXB-O-92475,Al Barsha,Sheikh Zayed Road,,Route to nearest rest stop,no
TRG000369,2026-05-10T18:38:57,signal,No Signal,medium,open,ETMP,Taxi,Hamad Al Hammadi,HH,National Taxi,DXB-L-77646,Downtown Dubai,Mohammed Bin Rashid Blvd,,Dispatch tech if persistent >15min,no
TRG000836,2026-05-10T17:51:11,camera,Camera Disconnection,high,open,MNVR,Taxi,Walid Al Awadhi,WA,Citi Taxi,DXB-D-19689,Dubai Sports City,Sports City Boulevard,,Run firmware reset remotely,no
TRG002094,2026-05-10T14:08:07,fatigue,Driver Fatigue,low,investigation,MNVR,Marine,Marwan Al Awadhi,MA,Dubai Marine Transport,MAR-924,Jumeirah,Jumeirah Beach Road,,Override dispatch — pull from rotation,no
TRG001302,2026-05-10T11:46:42,signal,No Signal,high,acknowledged,MNVR,Taxi,Rashid Al Nuaimi,RN,Dubai Taxi Corporation,DXB-T-99739,Al Qusais,Al Nahda Road,,Auto-resolve when signal restored,no
TRG001988,2026-05-10T09:54:43,harsh,Harsh Driving,high,closed,MNVR,School Bus,Bilal Al Owais,BO,Emirates Transport,DXB-S-5339,Downtown Dubai,Mohammed Bin Rashid Blvd,89,Log for end-of-shift review,no
TRG000837,2026-05-10T09:35:04,distraction,Driver Distraction,high,escalated,ETMP,Taxi,Ayman Al Nuaimi,AN,Citi Taxi,DXB-K-50682,Al Qusais,Beirut Street,,Issue formal warning — 2nd offense,no
TRG001567,2026-05-10T09:21:03,camera,Camera Disconnection,medium,acknowledged,ETMP,Taxi,Karim Al Qassimi,KQ,National Taxi,DXB-M-95607,Al Barsha,Mall of the Emirates,,Run firmware reset remotely,no
TRG000299,2026-05-10T08:43:18,idling,Idling,medium,stafteesh,ETMP,Hourly Rental,Mansour Al Awadhi,MA,Hala Rides,DXB-A-40069,Mirdif,Mirdif City Centre Rd,,Send efficiency reminder to driver,no
TRG001244,2026-05-10T08:37:05,harsh,Harsh Driving,high,closed,DS/Teams,Taxi,Mahmoud Al Qassimi,MQ,Cars Taxi,DXB-Q-79634,Al Barsha,Al Barsha Road,122,Log for end-of-shift review,no
TRG002238,2026-05-10T08:36:16,idling,Idling,low,acknowledged,ETMP,Limousine & E-Hail,Sultan Al Marri,SM,Careem,DXB-G-85273,JBR,Jumeirah Beach Residence,,Acknowledge — within tolerance,no
TRG001665,2026-05-10T07:09:59,harsh,Harsh Driving,low,open,DS/Teams,Public Bus,Hassan Al Maktoum,HM,RTA Public Buses,DXB-B-1302,Al Qusais,Al Nahda Road,62,Log for end-of-shift review,no
TRG000364,2026-05-10T07:09:06,signal,No Signal,low,acknowledged,MNVR,Hourly Rental,Omar Al Shamsi,OS,Hala Rides,DXB-Q-62098,Dubai Marina,Al Marsa Street,,Dispatch tech if persistent >15min,no
TRG000597,2026-05-10T02:22:23,harsh,Harsh Driving,medium,closed,DS/Teams,Public Bus,Mansour Al Qassimi,MQ,RTA Public Buses,DXB-B-9050,Silicon Oasis,Sheikh Mohammed Bin Zayed Rd,63,Send to Stafteesh for fine assessment,no
TRG001146,2026-05-09T21:46:48,harsh,Harsh Driving,low,closed,ETMP,Public Bus,Karim Al Hammadi,KH,Emirates Transport,DXB-B-6460,Mirdif,Tripoli Street,65,Issue coaching alert to driver,no
TRG001932,2026-05-09T20:04:26,harsh,Harsh Driving,high,open,MNVR,School Bus,Mohammed Al Mansouri,MM,Emirates Transport,DXB-S-6889,Dubai Investment Park,Schoolzone Rd,95,Issue coaching alert to driver,no
TRG002618,2026-05-09T17:34:12,harsh,Harsh Driving,high,closed,MNVR,Taxi,Hassan Al Hammadi,HH,Dubai Taxi Corporation,DXB-D-75851,Jebel Ali,Jebel Ali Free Zone,94,Issue coaching alert to driver,no
TRG001358,2026-05-09T16:21:01,harsh,Harsh Driving,medium,closed,DS/Teams,Taxi,Ibrahim Al Mansouri,IM,Arabia Taxi,DXB-S-55450,Al Rashidiya,Airport Road,61,Issue coaching alert to driver,no
TRG000245,2026-05-09T15:17:07,signal,No Signal,medium,closed,DS/Teams,Taxi,Faisal Al Maktoum,FM,Cars Taxi,DXB-J-78224,Al Barsha,Sheikh Zayed Road,,Acknowledge — temporary blackout zone,no
TRG000105,2026-05-09T12:01:08,fatigue,Driver Fatigue,medium,closed,MNVR,Public Bus,Ahmed Al Tayer,AT,Emirates Transport,DXB-B-6819,JBR,Jumeirah Beach Residence,,Confirm with supervisor & monitor,no
TRG000665,2026-05-09T11:50:56,signal,No Signal,medium,acknowledged,DS/Teams,School Bus,Adel Al Awadhi,AA,School Transport Services,DXB-S-3292,Al Qusais,Damascus Street,,Re-establish GPS handshake,no
TRG000509,2026-05-09T10:44:17,signal,No Signal,low,open,ETMP,Limousine & E-Hail,Marwan Al Suwaidi,MS,Careem,DXB-P-44884,Business Bay,Bay Avenue,,Auto-resolve when signal restored,yes
TRG001422,2026-05-09T10:28:49,harsh,Harsh Driving,medium,acknowledged,DS/Teams,Public Bus,Sultan Al Nuaimi,SN,Emirates Transport,DXB-B-2335,Dubai Investment Park,Schoolzone Rd,64,Escalate to safety review board,no
TRG002581,2026-05-09T07:28:18,signal,No Signal,medium,acknowledged,MNVR,Limousine & E-Hail,Tariq Al Hammadi,TH,Careem,DXB-K-26645,JBR,Jumeirah Beach Residence,,Dispatch tech if persistent >15min,no
TRG001208,2026-05-09T06:59:42,idling,Idling,low,acknowledged,ETMP,Taxi,Ibrahim Al Naqbi,IN,Arabia Taxi,DXB-J-31662,JBR,The Beach Promenade,,Flag for daily review,no
TRG000470,2026-05-09T05:48:20,signal,No Signal,high,closed,ETMP,Limousine & E-Hail,Sultan Al Hashimi,SH,Careem,DXB-K-49871,Jumeirah,Al Wasl Road,,Auto-resolve when signal restored,no
TRG001421,2026-05-09T05:42:33,distraction,Driver Distraction,medium,open,ETMP,Public Bus,Khalid Al Awadhi,KA,Emirates Transport,DXB-B-2851,Jumeirah,Al Wasl Road,,"Acknowledge — minor, log only",no
TRG001904,2026-05-09T05:22:57,fatigue,Driver Fatigue,low,fined,DS/Teams,Taxi,Saeed Al Hashimi,SH,Citi Taxi,DXB-O-89540,Dubai Investment Park,Green Community,,Confirm with supervisor & monitor,no
TRG000392,2026-05-09T04:20:22,distraction,Driver Distraction,medium,fined,MNVR,Public Bus,Adel Al Maktoum,AM,Emirates Transport,DXB-B-5301,Jumeirah,Jumeirah Beach Road,,Schedule supervisor review,no
TRG002660,2026-05-09T02:38:53,idling,Idling,medium,closed,MNVR,Public Bus,Omar Al Hashimi,OH,Emirates Transport,DXB-B-7933,Silicon Oasis,Wadi Al Safa St,,Send efficiency reminder to driver,no
TRG002786,2026-05-09T01:26:07,fatigue,Driver Fatigue,high,open,ETMP,Taxi,Faisal Al Qassimi,FQ,Arabia Taxi,DXB-H-86639,Dubai Sports City,Sports City Boulevard,,Confirm with supervisor & monitor,no
TRG002263,2026-05-09T00:08:23,fatigue,Driver Fatigue,low,acknowledged,MNVR,Taxi,Ziad Al Zaabi,ZZ,Metro Taxi,DXB-K-64253,Business Bay,Al Abraj Street,,Route to nearest rest stop,no
TRG002760,2026-05-09T00:04:37,distraction,Driver Distraction,medium,acknowledged,DS/Teams,Taxi,Sultan Al Maktoum,SM,Citi Taxi,DXB-P-50726,Dubai Sports City,Hessa Street,,"Acknowledge — minor, log only",no
TRG002188,2026-05-08T22:56:29,distraction,Driver Distraction,medium,open,MNVR,Taxi,Ibrahim Al Owais,IO,National Taxi,DXB-A-58930,Business Bay,Marasi Drive,,Send live coaching prompt to driver,no
TRG001676,2026-05-08T18:51:30,distraction,Driver Distraction,low,closed,DS/Teams,Taxi,Salim Al Naqbi,SN,Citi Taxi,DXB-G-32012,Al Qusais,Beirut Street,,"Acknowledge — minor, log only",no
TRG001462,2026-05-08T17:57:04,signal,No Signal,medium,open,ETMP,Hourly Rental,Hassan Al Shamsi,HS,Careem,DXB-H-82038,Deira,Gold Souq Street,,Acknowledge — temporary blackout zone,no
TRG001342,2026-05-08T17:55:15,idling,Idling,low,acknowledged,DS/Teams,Public Bus,Nasser Al Suwaidi,NS,Emirates Transport,DXB-B-5865,Business Bay,Business Bay Crossing,,Flag for daily review,no
TRG001723,2026-05-08T17:20:17,idling,Idling,low,open,DS/Teams,Hourly Rental,Ibrahim Al Shamsi,IS,Al Naboodah Transport,DXB-I-41657,Dubai Investment Park,Schoolzone Rd,,Acknowledge — within tolerance,no
TRG001802,2026-05-08T16:46:27,fatigue,Driver Fatigue,high,closed,ETMP,Limousine & E-Hail,Mahmoud Al Naqbi,MN,Careem,DXB-R-30833,Business Bay,Marasi Drive,,Confirm with supervisor & monitor,no
TRG000594,2026-05-08T16:40:33,signal,No Signal,medium,escalated,MNVR,School Bus,Hamad Al Suwaidi,HS,Emirates Transport,DXB-S-4235,Al Barsha,Mall of the Emirates,,Auto-resolve when signal restored,no
TRG002357,2026-05-08T16:32:38,fatigue,Driver Fatigue,high,escalated,DS/Teams,Public Bus,Hamad Al Marri,HM,RTA Public Buses,DXB-B-9589,Mirdif,Mirdif City Centre Rd,,Confirm with supervisor & monitor,no
TRG002292,2026-05-08T16:17:34,distraction,Driver Distraction,medium,stafteesh,DS/Teams,School Bus,Faisal Al Mansouri,FM,Emirates Transport,DXB-S-3516,JBR,The Beach Promenade,,Issue formal warning — 2nd offense,no
TRG002344,2026-05-08T16:04:35,idling,Idling,low,acknowledged,DS/Teams,Limousine & E-Hail,Fadi Al Nuaimi,FN,Genie Limousine,DXB-P-87008,Business Bay,Al Abraj Street,,Acknowledge — within tolerance,no
TRG001668,2026-05-08T11:01:45,idling,Idling,medium,closed,MNVR,Taxi,Ayman Al Awadhi,AA,Metro Taxi,DXB-K-99016,Mirdif,Mirdif City Centre Rd,,Acknowledge — within tolerance,no
TRG000923,2026-05-08T10:30:42,harsh,Harsh Driving,high,open,MNVR,Limousine & E-Hail,Omar Al Suwaidi,OS,Careem,DXB-C-20885,JBR,Jumeirah Beach Residence,105,Send to Stafteesh for fine assessment,no
TRG002282,2026-05-08T08:35:10,distraction,Driver Distraction,medium,stafteesh,MNVR,Public Bus,Faisal Al Nuaimi,FN,RTA Public Buses,DXB-B-2800,Dubai Marina,Al Marsa Street,,Send live coaching prompt to driver,no
TRG001401,2026-05-08T06:44:24,idling,Idling,medium,investigation,ETMP,Taxi,Sultan Al Hashimi,SH,Arabia Taxi,DXB-R-59335,Downtown Dubai,Sheikh Mohammed Bin Rashid Blvd,,Auto-close — under 5min,no
TRG002162,2026-05-08T06:09:12,idling,Idling,low,closed,DS/Teams,Taxi,Fadi Al Nuaimi,FN,Cars Taxi,DXB-J-67515,Business Bay,Business Bay Crossing,,Flag for daily review,no
TRG000638,2026-05-08T05:53:29,signal,No Signal,medium,open,ETMP,Taxi,Ahmed Al Tayer,AT,National Taxi,DXB-N-25480,Al Rashidiya,Nadd Al Hamar Rd,,Dispatch tech if persistent >15min,no
TRG000942,2026-05-08T05:34:03,fatigue,Driver Fatigue,medium,open,MNVR,School Bus,Tariq Al Awadhi,TA,School Transport Services,DXB-S-4912,Dubai Marina,Al Marsa Street,,Override dispatch — pull from rotation,no
TRG002319,2026-05-08T05:31:07,harsh,Harsh Driving,medium,closed,DS/Teams,Taxi,Bilal Al Shamsi,BS,Citi Taxi,DXB-R-39925,Business Bay,Bay Avenue,87,Issue coaching alert to driver,no
TRG002161,2026-05-08T01:43:48,fatigue,Driver Fatigue,medium,closed,MNVR,Taxi,Sultan Al Qassimi,SQ,Citi Taxi,DXB-M-88028,Dubai Investment Park,Schoolzone Rd,,Route to nearest rest stop,no
TRG002354,2026-05-08T01:35:10,fatigue,Driver Fatigue,medium,stafteesh,ETMP,Taxi,Khalid Al Zaabi,KZ,National Taxi,DXB-Q-95573,Deira,Al Rigga Road,,Route to nearest rest stop,no
TRG000553,2026-05-07T21:57:27,fatigue,Driver Fatigue,low,escalated,DS/Teams,Taxi,Hassan Al Nuaimi,HN,Dubai Taxi Corporation,DXB-C-36922,Dubai Marina,King Salman Bin Abdulaziz Al Saud St,,Override dispatch — pull from rotation,no
TRG001825,2026-05-07T19:54:28,fatigue,Driver Fatigue,high,investigation,DS/Teams,Taxi,Karim Al Qassimi,KQ,Dubai Taxi Corporation,DXB-A-81710,Dubai Marina,King Salman Bin Abdulaziz Al Saud St,,Instruct driver to take mandatory break,no
TRG002268,2026-05-07T18:33:57,harsh,Harsh Driving,medium,closed,DS/Teams,Limousine & E-Hail,Saeed Al Hashimi,SH,Hala Rides,DXB-I-40401,Business Bay,Business Bay Crossing,88,Send to Stafteesh for fine assessment,no
TRG001238,2026-05-07T18:09:44,signal,No Signal,low,fined,MNVR,Public Bus,Ibrahim Al Tayer,IT,Emirates Transport,DXB-B-9264,Dubai Investment Park,DIP First Road,,Dispatch tech if persistent >15min,no
TRG001267,2026-05-07T14:04:42,distraction,Driver Distraction,high,fined,DS/Teams,Limousine & E-Hail,Khalid Al Shamsi,KS,Careem,DXB-D-39905,Downtown Dubai,Financial Center Rd,,Send live coaching prompt to driver,no
TRG001770,2026-05-07T12:19:39,harsh,Harsh Driving,high,closed,MNVR,Limousine & E-Hail,Bilal Al Zaabi,BZ,Hala Rides,DXB-P-78176,Downtown Dubai,Mohammed Bin Rashid Blvd,110,Send to Stafteesh for fine assessment,no
TRG000189,2026-05-07T12:00:44,fatigue,Driver Fatigue,medium,acknowledged,MNVR,Taxi,Sultan Al Owais,SO,Dubai Taxi Corporation,DXB-G-86460,Deira,Al Rigga Road,,Instruct driver to take mandatory break,no
TRG002038,2026-05-07T10:51:00,harsh,Harsh Driving,medium,stafteesh,DS/Teams,Public Bus,Ziad Al Maktoum,ZM,RTA Public Buses,DXB-B-2706,Business Bay,Business Bay Crossing,79,Issue coaching alert to driver,no
TRG000881,2026-05-07T07:49:36,idling,Idling,medium,fined,ETMP,Limousine & E-Hail,Karim Al Mansouri,KM,Yango Premium,DXB-G-89485,Dubai Marina,Al Marsa Street,,Flag for daily review,no
TRG001189,2026-05-07T06:33:12,fatigue,Driver Fatigue,high,open,ETMP,Limousine & E-Hail,Khalid Al Marri,KM,Hala Rides,DXB-C-87082,Jumeirah,Umm Suqeim Road,,Override dispatch — pull from rotation,no
TRG002409,2026-05-07T05:39:16,harsh,Harsh Driving,low,acknowledged,DS/Teams,Limousine & E-Hail,Marwan Al Awadhi,MA,Uber Fleet,DXB-H-87124,Al Quoz,Al Khail Road,50,Send to Stafteesh for fine assessment,no
TRG002779,2026-05-07T05:18:10,idling,Idling,medium,acknowledged,DS/Teams,Public Bus,Nasser Al Awadhi,NA,RTA Public Buses,DXB-B-6935,JBR,The Walk,,Auto-close — under 5min,no
TRG002035,2026-05-07T02:25:19,fatigue,Driver Fatigue,high,open,MNVR,Public Bus,Karim Al Hammadi,KH,RTA Public Buses,DXB-B-3080,Al Rashidiya,Rashidiya Metro Rd,,Instruct driver to take mandatory break,no
TRG000230,2026-05-06T21:02:30,distraction,Driver Distraction,high,closed,MNVR,Public Bus,Yousef Al Hammadi,YH,RTA Public Buses,DXB-B-3687,Al Barsha,Sheikh Zayed Road,,Send live coaching prompt to driver,no
TRG002005,2026-05-06T19:30:36,idling,Idling,high,open,DS/Teams,Public Bus,Fadi Al Tayer,FT,RTA Public Buses,DXB-B-7960,Al Barsha,Sheikh Zayed Road,,Send efficiency reminder to driver,no
TRG001006,2026-05-06T19:30:01,fatigue,Driver Fatigue,high,investigation,DS/Teams,Public Bus,Omar Al Hashimi,OH,RTA Public Buses,DXB-B-2807,Dubai Marina,King Salman Bin Abdulaziz Al Saud St,,Override dispatch — pull from rotation,no
TRG001150,2026-05-06T17:15:32,harsh,Harsh Driving,medium,closed,MNVR,Taxi,Tariq Al Qassimi,TQ,Dubai Taxi Corporation,DXB-T-50786,Business Bay,Al Abraj Street,68,Log for end-of-shift review,no
TRG001680,2026-05-06T16:14:16,idling,Idling,low,investigation,MNVR,Taxi,Ibrahim Al Nuaimi,IN,Arabia Taxi,DXB-G-77853,Deira,Baniyas Square,,Flag for daily review,no
TRG002128,2026-05-06T11:44:23,camera,Camera Disconnection,high,investigation,MNVR,Public Bus,Hassan Al Maktoum,HM,RTA Public Buses,DXB-B-9213,Dubai Investment Park,Schoolzone Rd,,Dispatch field tech — recurring issue,no
TRG001866,2026-05-06T09:44:37,fatigue,Driver Fatigue,medium,acknowledged,DS/Teams,Taxi,Mahmoud Al Owais,MO,Citi Taxi,DXB-O-72146,Deira,Baniyas Square,,Instruct driver to take mandatory break,no
TRG000609,2026-05-06T08:28:13,harsh,Harsh Driving,high,open,MNVR,Public Bus,Adel Al Hammadi,AH,Emirates Transport,DXB-B-1471,Downtown Dubai,Burj Khalifa Blvd,84,Escalate to safety review board,no
TRG001046,2026-05-06T04:27:41,fatigue,Driver Fatigue,high,investigation,ETMP,Taxi,Omar Al Awadhi,OA,National Taxi,DXB-D-66777,Downtown Dubai,Sheikh Mohammed Bin Rashid Blvd,,Confirm with supervisor & monitor,no
TRG001352,2026-05-06T04:08:16,signal,No Signal,low,stafteesh,ETMP,Taxi,Yousef Al Hashimi,YH,Citi Taxi,DXB-T-62804,Silicon Oasis,Sheikh Mohammed Bin Zayed Rd,,Acknowledge — temporary blackout zone,no
TRG000398,2026-05-06T02:55:33,idling,Idling,low,open,MNVR,Public Bus,Faisal Al Suwaidi,FS,RTA Public Buses,DXB-B-1249,Dubai Investment Park,Schoolzone Rd,,Acknowledge — within tolerance,no
TRG000872,2026-05-06T02:28:15,fatigue,Driver Fatigue,medium,open,DS/Teams,Taxi,Fadi Al Suwaidi,FS,Cars Taxi,DXB-L-48807,Al Barsha,Al Barsha Road,,Route to nearest rest stop,no
TRG001678,2026-05-06T02:17:05,fatigue,Driver Fatigue,high,open,DS/Teams,School Bus,Salim Al Hashimi,SH,School Transport Services,DXB-S-9639,Al Barsha,Al Barsha Road,,Route to nearest rest stop,no
TRG000179,2026-05-06T01:46:19,fatigue,Driver Fatigue,medium,investigation,ETMP,Taxi,Saeed Al Marri,SM,Citi Taxi,DXB-B-62999,JBR,The Walk,,Route to nearest rest stop,yes
TRG000554,2026-05-06T00:37:07,camera,Camera Disconnection,high,investigation,MNVR,Taxi,Salim Al Qassimi,SQ,Citi Taxi,DXB-D-24781,Jebel Ali,Jebel Ali Free Zone,,Dispatch field tech — recurring issue,no
TRG000130,2026-05-05T23:56:55,fatigue,Driver Fatigue,high,stafteesh,ETMP,Taxi,Saeed Al Shamsi,SS,Cars Taxi,DXB-F-83810,Dubai Marina,Sheikh Zayed Rd Junction,,Override dispatch — pull from rotation,yes
TRG000514,2026-05-05T22:36:34,camera,Camera Disconnection,medium,closed,MNVR,Public Bus,Nasser Al Owais,NO,RTA Public Buses,DXB-B-6367,JBR,Jumeirah Beach Residence,,Dispatch field tech — recurring issue,no
TRG000918,2026-05-05T21:43:36,signal,No Signal,high,acknowledged,MNVR,Taxi,Bilal Al Qassimi,BQ,Arabia Taxi,DXB-N-30512,Al Qusais,Damascus Street,,Acknowledge — temporary blackout zone,no
TRG000870,2026-05-05T20:32:51,fatigue,Driver Fatigue,high,closed,MNVR,Taxi,Fadi Al Shamsi,FS,Arabia Taxi,DXB-M-36537,JBR,The Beach Promenade,,Override dispatch — pull from rotation,no
TRG002637,2026-05-05T20:04:37,signal,No Signal,low,open,MNVR,Taxi,Saeed Al Owais,SO,Dubai Taxi Corporation,DXB-T-14074,Deira,Al Rigga Road,,Dispatch tech if persistent >15min,no
TRG001697,2026-05-05T19:31:58,harsh,Harsh Driving,medium,acknowledged,DS/Teams,Taxi,Khalid Al Naqbi,KN,Metro Taxi,DXB-N-34777,Al Rashidiya,Nadd Al Hamar Rd,88,Log for end-of-shift review,no
TRG001633,2026-05-05T19:24:43,camera,Camera Disconnection,medium,acknowledged,DS/Teams,Marine,Adel Al Qassimi,AQ,Dubai Marine Transport,MAR-714,Jumeirah,Umm Suqeim Road,,Verify cable connection at next stop,no
TRG002585,2026-05-05T18:20:04,camera,Camera Disconnection,high,stafteesh,ETMP,Marine,Ayman Al Mazrouei,AM,Dubai Marine Transport,MAR-601,Jumeirah,Umm Suqeim Road,,Escalate to fleet maintenance,no
TRG000782,2026-05-05T17:27:36,harsh,Harsh Driving,high,acknowledged,MNVR,Hourly Rental,Faisal Al Mazrouei,FM,Careem,DXB-Q-36644,Deira,Baniyas Square,95,Escalate to safety review board,no
TRG001009,2026-05-05T15:32:32,fatigue,Driver Fatigue,medium,stafteesh,MNVR,School Bus,Hassan Al Qassimi,HQ,Emirates Transport,DXB-S-3547,Al Qusais,Damascus Street,,Route to nearest rest stop,no
TRG002508,2026-05-05T14:56:13,distraction,Driver Distraction,medium,open,DS/Teams,Taxi,Sultan Al Marri,SM,National Taxi,DXB-R-45437,JBR,Jumeirah Beach Residence,,Schedule supervisor review,no
TRG002139,2026-05-05T14:14:59,idling,Idling,medium,closed,MNVR,Marine,Ahmed Al Mansouri,AM,Dubai Marine Transport,MAR-683,Downtown Dubai,Mohammed Bin Rashid Blvd,,Auto-close — under 5min,no
TRG001299,2026-05-05T12:38:38,harsh,Harsh Driving,medium,acknowledged,ETMP,Taxi,Hassan Al Falasi,HF,Dubai Taxi Corporation,DXB-G-83709,Mirdif,Algeria Street,87,Send to Stafteesh for fine assessment,no
TRG000526,2026-05-05T10:26:33,signal,No Signal,medium,open,DS/Teams,Taxi,Mahmoud Al Suwaidi,MS,Arabia Taxi,DXB-R-52789,Dubai Sports City,Els Club Rd,,Dispatch tech if persistent >15min,no
TRG000396,2026-05-05T10:19:42,harsh,Harsh Driving,high,open,MNVR,Public Bus,Adel Al Shamsi,AS,Emirates Transport,DXB-B-5741,Jumeirah,Jumeirah Beach Road,91,Send to Stafteesh for fine assessment,yes
TRG001741,2026-05-05T09:01:51,signal,No Signal,low,open,DS/Teams,Taxi,Mohammed Al Awadhi,MA,Metro Taxi,DXB-O-58717,JBR,The Walk,,Auto-resolve when signal restored,no
TRG002515,2026-05-05T07:18:24,idling,Idling,medium,open,ETMP,Taxi,Ahmed Al Nuaimi,AN,Metro Taxi,DXB-P-27304,Al Barsha,Mall of the Emirates,,Auto-close — under 5min,no
TRG000318,2026-05-05T05:46:17,harsh,Harsh Driving,low,acknowledged,ETMP,Taxi,Hamad Al Hammadi,HH,Cars Taxi,DXB-R-37968,Downtown Dubai,Burj Khalifa Blvd,44,Escalate to safety review board,no
TRG000758,2026-05-05T05:33:41,harsh,Harsh Driving,high,investigation,MNVR,School Bus,Mahmoud Al Hammadi,MH,Emirates Transport,DXB-S-4288,Al Quoz,Al Meydan Road,81,Issue coaching alert to driver,no
TRG001312,2026-05-05T05:28:32,fatigue,Driver Fatigue,low,acknowledged,MNVR,Taxi,Saeed Al Zaabi,SZ,National Taxi,DXB-E-33129,Downtown Dubai,Mohammed Bin Rashid Blvd,,Route to nearest rest stop,no
TRG002124,2026-05-05T05:14:40,distraction,Driver Distraction,medium,closed,DS/Teams,Taxi,Omar Al Hashimi,OH,Arabia Taxi,DXB-B-36834,Dubai Investment Park,Green Community,,Send live coaching prompt to driver,no
TRG000685,2026-05-05T03:32:49,harsh,Harsh Driving,medium,closed,MNVR,Taxi,Fadi Al Nuaimi,FN,Citi Taxi,DXB-H-33661,Deira,Al Rigga Road,75,Send to Stafteesh for fine assessment,no
TRG000219,2026-05-05T03:23:43,idling,Idling,low,open,MNVR,School Bus,Sultan Al Tayer,ST,School Transport Services,DXB-S-3158,Al Rashidiya,Nadd Al Hamar Rd,,Acknowledge — within tolerance,no
TRG001008,2026-05-05T03:09:46,distraction,Driver Distraction,medium,open,ETMP,Taxi,Bilal Al Marri,BM,National Taxi,DXB-J-75991,Deira,Al Rigga Road,,"Acknowledge — minor, log only",no
TRG000776,2026-05-05T01:53:40,fatigue,Driver Fatigue,high,fined,MNVR,Taxi,Ibrahim Al Awadhi,IA,Arabia Taxi,DXB-C-30317,JBR,The Walk,,Instruct driver to take mandatory break,no
TRG001380,2026-05-05T00:20:00,harsh,Harsh Driving,high,closed,MNVR,Taxi,Mansour Al Hammadi,MH,Arabia Taxi,DXB-B-36842,JBR,The Walk,89,Log for end-of-shift review,no
TRG001898,2026-05-04T23:38:12,harsh,Harsh Driving,medium,closed,ETMP,Taxi,Mansour Al Suwaidi,MS,Cars Taxi,DXB-A-68862,Al Quoz,Al Khail Road,65,Issue coaching alert to driver,no
TRG000648,2026-05-04T20:56:17,camera,Camera Disconnection,high,fined,MNVR,School Bus,Karim Al Shamsi,KS,Emirates Transport,DXB-S-4069,Downtown Dubai,Sheikh Mohammed Bin Rashid Blvd,,Escalate to fleet maintenance,no
TRG000682,2026-05-04T20:35:10,idling,Idling,medium,investigation,ETMP,Taxi,Ziad Al Tayer,ZT,National Taxi,DXB-T-79380,Mirdif,Tripoli Street,,Acknowledge — within tolerance,yes
TRG000885,2026-05-04T15:35:09,idling,Idling,medium,open,DS/Teams,Limousine & E-Hail,Nasser Al Tayer,NT,Genie Limousine,DXB-L-40656,Business Bay,Marasi Drive,,Auto-close — under 5min,no
TRG001995,2026-05-04T15:25:17,harsh,Harsh Driving,high,escalated,MNVR,Public Bus,Tariq Al Mansouri,TM,Emirates Transport,DXB-B-1306,Deira,Gold Souq Street,114,Escalate to safety review board,no
TRG000602,2026-05-04T14:10:47,idling,Idling,low,closed,MNVR,Taxi,Salim Al Maktoum,SM,Metro Taxi,DXB-Q-89595,Dubai Investment Park,DIP First Road,,Flag for daily review,no
TRG001973,2026-05-04T12:48:06,camera,Camera Disconnection,medium,closed,ETMP,Taxi,Khalid Al Mansouri,KM,Arabia Taxi,DXB-J-81088,Jumeirah,Jumeirah Beach Road,,Verify cable connection at next stop,no
TRG001782,2026-05-04T10:40:12,distraction,Driver Distraction,high,open,MNVR,Limousine & E-Hail,Salim Al Naqbi,SN,Yango Premium,DXB-F-28175,Dubai Marina,King Salman Bin Abdulaziz Al Saud St,,Schedule supervisor review,no
TRG000246,2026-05-04T09:57:48,signal,No Signal,low,acknowledged,DS/Teams,Taxi,Faisal Al Owais,FO,Arabia Taxi,DXB-M-24211,Jebel Ali,Jebel Ali Free Zone,,Dispatch tech if persistent >15min,no
TRG001042,2026-05-04T09:48:14,camera,Camera Disconnection,medium,closed,MNVR,Public Bus,Mohammed Al Hammadi,MH,RTA Public Buses,DXB-B-1846,Jumeirah,Al Wasl Road,,Escalate to fleet maintenance,no
TRG000898,2026-05-04T08:32:27,signal,No Signal,low,open,MNVR,Taxi,Saeed Al Zaabi,SZ,National Taxi,DXB-G-76703,JBR,The Beach Promenade,,Auto-resolve when signal restored,no
TRG002157,2026-05-04T08:18:15,fatigue,Driver Fatigue,medium,investigation,ETMP,Taxi,Ibrahim Al Mazrouei,IM,Arabia Taxi,DXB-T-48726,Downtown Dubai,Financial Center Rd,,Route to nearest rest stop,no
TRG002352,2026-05-04T07:54:50,harsh,Harsh Driving,high,closed,DS/Teams,Taxi,Yousef Al Falasi,YF,Citi Taxi,DXB-T-59173,Business Bay,Marasi Drive,94,Send to Stafteesh for fine assessment,no
TRG002575,2026-05-04T05:58:31,harsh,Harsh Driving,medium,acknowledged,ETMP,Limousine & E-Hail,Karim Al Naqbi,KN,Genie Limousine,DXB-K-11977,Deira,Baniyas Square,66,Issue coaching alert to driver,no
TRG002720,2026-05-04T05:01:07,fatigue,Driver Fatigue,high,investigation,DS/Teams,Taxi,Sultan Al Marri,SM,National Taxi,DXB-A-26286,Al Barsha,Sheikh Zayed Road,,Confirm with supervisor & monitor,no
TRG000571,2026-05-04T02:34:52,harsh,Harsh Driving,medium,closed,ETMP,Public Bus,Omar Al Falasi,OF,RTA Public Buses,DXB-B-9069,Dubai Investment Park,DIP First Road,86,Escalate to safety review board,no
TRG001198,2026-05-04T01:08:42,distraction,Driver Distraction,low,investigation,DS/Teams,Taxi,Hamad Al Qassimi,HQ,Dubai Taxi Corporation,DXB-P-52738,Al Rashidiya,Airport Road,,"Acknowledge — minor, log only",no
TRG001313,2026-05-04T00:50:39,idling,Idling,medium,stafteesh,MNVR,Taxi,Salim Al Suwaidi,SS,National Taxi,DXB-B-84934,Business Bay,Business Bay Crossing,,Send efficiency reminder to driver,no
TRG001753,2026-05-03T22:57:06,camera,Camera Disconnection,high,open,MNVR,Taxi,Saeed Al Zaabi,SZ,Citi Taxi,DXB-K-94520,Business Bay,Marasi Drive,,Dispatch field tech — recurring issue,no
TRG002369,2026-05-03T19:18:37,signal,No Signal,medium,open,DS/Teams,Taxi,Adel Al Hashimi,AH,Arabia Taxi,DXB-N-32245,Jumeirah,Jumeirah Beach Road,,Acknowledge — temporary blackout zone,no
TRG000894,2026-05-03T19:16:53,harsh,Harsh Driving,high,closed,MNVR,Limousine & E-Hail,Hamad Al Shamsi,HS,Yango Premium,DXB-J-78641,Dubai Sports City,Sports City Boulevard,108,Send to Stafteesh for fine assessment,no
TRG000257,2026-05-03T17:10:44,distraction,Driver Distraction,medium,open,MNVR,Limousine & E-Hail,Nasser Al Nuaimi,NN,Careem,DXB-I-36368,Downtown Dubai,Sheikh Mohammed Bin Rashid Blvd,,Issue formal warning — 2nd offense,no
TRG001955,2026-05-03T15:35:31,camera,Camera Disconnection,low,investigation,DS/Teams,Taxi,Hassan Al Zaabi,HZ,Metro Taxi,DXB-K-49788,Business Bay,Al Abraj Street,,Escalate to fleet maintenance,no
TRG000067,2026-05-03T15:19:01,idling,Idling,medium,investigation,DS/Teams,Taxi,Ibrahim Al Marri,IM,Dubai Taxi Corporation,DXB-E-42382,Dubai Investment Park,DIP First Road,,Flag for daily review,yes
TRG000725,2026-05-03T13:24:23,fatigue,Driver Fatigue,medium,open,MNVR,School Bus,Ayman Al Zaabi,AZ,School Transport Services,DXB-S-7843,JBR,The Walk,,Confirm with supervisor & monitor,no
TRG002309,2026-05-03T13:01:05,idling,Idling,medium,stafteesh,ETMP,Taxi,Marwan Al Awadhi,MA,Dubai Taxi Corporation,DXB-P-76051,Dubai Sports City,Sports City Boulevard,,Auto-close — under 5min,no
TRG001172,2026-05-03T12:01:14,fatigue,Driver Fatigue,high,fined,DS/Teams,Taxi,Mansour Al Falasi,MF,Cars Taxi,DXB-P-59477,Al Barsha,Sheikh Zayed Road,,Override dispatch — pull from rotation,no
TRG001464,2026-05-03T09:19:50,distraction,Driver Distraction,high,closed,MNVR,Taxi,Mahmoud Al Falasi,MF,National Taxi,DXB-D-59575,Al Barsha,Mall of the Emirates,,Issue formal warning — 2nd offense,no
TRG000250,2026-05-03T08:13:12,harsh,Harsh Driving,medium,acknowledged,ETMP,Limousine & E-Hail,Fadi Al Owais,FO,Uber Fleet,DXB-F-28798,Dubai Marina,Sheikh Zayed Rd Junction,77,Send to Stafteesh for fine assessment,no
TRG001121,2026-05-03T05:51:14,idling,Idling,low,open,MNVR,Limousine & E-Hail,Mahmoud Al Tayer,MT,Careem,DXB-B-56363,Jebel Ali,Sheikh Zayed Road,,Auto-close — under 5min,no
TRG000275,2026-05-03T04:13:49,idling,Idling,low,escalated,MNVR,Taxi,Tariq Al Mansouri,TM,Dubai Taxi Corporation,DXB-C-80212,Downtown Dubai,Mohammed Bin Rashid Blvd,,Acknowledge — within tolerance,no
TRG000170,2026-05-03T02:22:14,idling,Idling,low,stafteesh,MNVR,Taxi,Mohammed Al Awadhi,MA,Cars Taxi,DXB-J-58219,Business Bay,Marasi Drive,,Flag for daily review,no
TRG000533,2026-05-03T01:28:12,fatigue,Driver Fatigue,high,stafteesh,DS/Teams,School Bus,Faisal Al Hashimi,FH,School Transport Services,DXB-S-9064,Jebel Ali,Jebel Ali Free Zone,,Instruct driver to take mandatory break,no
TRG001736,2026-05-02T22:39:37,harsh,Harsh Driving,medium,stafteesh,DS/Teams,Hourly Rental,Sultan Al Hashimi,SH,Hala Rides,DXB-G-70723,Downtown Dubai,Sheikh Mohammed Bin Rashid Blvd,89,Log for end-of-shift review,no
TRG002209,2026-05-02T21:10:13,harsh,Harsh Driving,medium,closed,DS/Teams,Limousine & E-Hail,Mohammed Al Marri,MM,Careem,DXB-D-50048,Mirdif,Algeria Street,85,Escalate to safety review board,no
TRG000832,2026-05-02T19:09:00,harsh,Harsh Driving,high,closed,MNVR,School Bus,Fadi Al Shamsi,FS,School Transport Services,DXB-S-2043,Al Barsha,Mall of the Emirates,106,Log for end-of-shift review,no
TRG001243,2026-05-02T18:00:05,distraction,Driver Distraction,high,investigation,DS/Teams,Hourly Rental,Khalid Al Mansouri,KM,Al Naboodah Transport,DXB-A-34345,Deira,Baniyas Square,,Send live coaching prompt to driver,no
TRG002423,2026-05-02T17:47:13,fatigue,Driver Fatigue,medium,investigation,DS/Teams,Limousine & E-Hail,Marwan Al Mansouri,MM,Uber Fleet,DXB-E-91750,Business Bay,Bay Avenue,,Override dispatch — pull from rotation,no
TRG001950,2026-05-02T15:21:00,harsh,Harsh Driving,medium,acknowledged,MNVR,Public Bus,Tariq Al Tayer,TT,Emirates Transport,DXB-B-3085,Deira,Al Rigga Road,60,Issue coaching alert to driver,no
TRG001509,2026-05-02T10:52:57,signal,No Signal,low,closed,MNVR,Public Bus,Sultan Al Zaabi,SZ,Emirates Transport,DXB-B-2828,Al Rashidiya,Nadd Al Hamar Rd,,Re-establish GPS handshake,no
TRG002565,2026-05-02T09:24:53,distraction,Driver Distraction,high,fined,MNVR,Limousine & E-Hail,Tariq Al Tayer,TT,Careem,DXB-C-13272,Dubai Sports City,Hessa Street,,"Acknowledge — minor, log only",yes
TRG002432,2026-05-02T08:35:32,camera,Camera Disconnection,medium,closed,MNVR,Hourly Rental,Ahmed Al Naqbi,AN,Al Naboodah Transport,DXB-D-76180,Dubai Investment Park,Green Community,,Verify cable connection at next stop,no
TRG001985,2026-05-02T07:16:04,idling,Idling,medium,escalated,DS/Teams,Taxi,Ahmed Al Maktoum,AM,Citi Taxi,DXB-B-67431,Dubai Investment Park,Schoolzone Rd,,Acknowledge — within tolerance,no
TRG002657,2026-05-02T05:35:47,distraction,Driver Distraction,medium,closed,MNVR,Taxi,Omar Al Suwaidi,OS,Cars Taxi,DXB-J-75074,Al Qusais,Damascus Street,,Issue formal warning — 2nd offense,no
TRG002110,2026-05-02T04:23:24,signal,No Signal,medium,acknowledged,ETMP,Public Bus,Khalid Al Suwaidi,KS,Emirates Transport,DXB-B-6955,JBR,The Beach Promenade,,Acknowledge — temporary blackout zone,no
TRG000344,2026-05-02T03:45:48,fatigue,Driver Fatigue,low,stafteesh,DS/Teams,School Bus,Faisal Al Nuaimi,FN,Emirates Transport,DXB-S-5801,Al Quoz,Al Asayel Street,,Route to nearest rest stop,no
TRG001712,2026-05-02T02:17:13,signal,No Signal,high,closed,MNVR,Taxi,Nasser Al Maktoum,NM,Arabia Taxi,DXB-K-75487,Mirdif,Mirdif City Centre Rd,,Acknowledge — temporary blackout zone,no
TRG000464,2026-05-02T01:45:00,camera,Camera Disconnection,medium,closed,MNVR,Taxi,Hassan Al Suwaidi,HS,Arabia Taxi,DXB-F-68370,Al Quoz,Al Asayel Street,,Run firmware reset remotely,no
TRG001126,2026-05-02T00:07:53,distraction,Driver Distraction,medium,closed,ETMP,Limousine & E-Hail,Ziad Al Tayer,ZT,Uber Fleet,DXB-G-37928,Deira,Gold Souq Street,,Send live coaching prompt to driver,no
TRG001914,2026-05-01T21:48:45,distraction,Driver Distraction,medium,closed,DS/Teams,Taxi,Bilal Al Tayer,BT,Arabia Taxi,DXB-I-33509,Al Quoz,Al Khail Road,,Schedule supervisor review,no
TRG002417,2026-05-01T20:57:00,camera,Camera Disconnection,medium,open,DS/Teams,Taxi,Hamad Al Mansouri,HM,Metro Taxi,DXB-S-62826,Business Bay,Marasi Drive,,Escalate to fleet maintenance,no
TRG001171,2026-05-01T20:06:32,camera,Camera Disconnection,medium,acknowledged,DS/Teams,Taxi,Hassan Al Shamsi,HS,Cars Taxi,DXB-R-10619,Al Qusais,Beirut Street,,Escalate to fleet maintenance,yes
TRG001755,2026-05-01T19:55:42,harsh,Harsh Driving,high,closed,DS/Teams,Taxi,Walid Al Tayer,WT,Metro Taxi,DXB-E-83075,Al Rashidiya,Airport Road,126,Log for end-of-shift review,no
TRG002183,2026-05-01T19:23:16,distraction,Driver Distraction,medium,closed,DS/Teams,Limousine & E-Hail,Ayman Al Maktoum,AM,Genie Limousine,DXB-D-20743,Al Quoz,Al Meydan Road,,Schedule supervisor review,no
TRG000352,2026-05-01T16:18:49,fatigue,Driver Fatigue,high,open,MNVR,Hourly Rental,Ayman Al Maktoum,AM,Hala Rides,DXB-Q-15193,Al Quoz,Al Khail Road,,Override dispatch — pull from rotation,yes
TRG001548,2026-05-01T14:20:53,harsh,Harsh Driving,high,open,ETMP,Public Bus,Mahmoud Al Mazrouei,MM,Emirates Transport,DXB-B-8189,Jebel Ali,Sheikh Zayed Road,111,Log for end-of-shift review,no
TRG002699,2026-05-01T12:45:14,harsh,Harsh Driving,medium,acknowledged,ETMP,Marine,Sultan Al Tayer,ST,Dubai Marine Transport,MAR-196,Jebel Ali,Ibn Battuta Road,70,Escalate to safety review board,no
TRG000274,2026-05-01T11:50:50,fatigue,Driver Fatigue,high,closed,DS/Teams,Limousine & E-Hail,Karim Al Awadhi,KA,Careem,DXB-K-43702,Business Bay,Business Bay Crossing,,Instruct driver to take mandatory break,no
TRG002561,2026-05-01T10:53:00,distraction,Driver Distraction,low,fined,DS/Teams,Taxi,Mansour Al Suwaidi,MS,Arabia Taxi,DXB-E-54418,Al Rashidiya,Airport Road,,"Acknowledge — minor, log only",no
TRG000743,2026-05-01T10:04:47,distraction,Driver Distraction,medium,fined,MNVR,Taxi,Omar Al Shamsi,OS,National Taxi,DXB-P-34299,Al Barsha,Sheikh Zayed Road,,Send live coaching prompt to driver,no
TRG001880,2026-05-01T09:05:51,fatigue,Driver Fatigue,medium,open,MNVR,Marine,Tariq Al Awadhi,TA,Dubai Marine Transport,MAR-919,Downtown Dubai,Burj Khalifa Blvd,,Override dispatch — pull from rotation,no
TRG002656,2026-05-01T08:27:10,harsh,Harsh Driving,medium,escalated,DS/Teams,Taxi,Mohammed Al Nuaimi,MN,Metro Taxi,DXB-A-75603,Downtown Dubai,Financial Center Rd,83,Log for end-of-shift review,no
TRG000016,2026-05-01T07:41:27,fatigue,Driver Fatigue,medium,open,MNVR,Marine,Ayman Al Suwaidi,AS,Dubai Marine Transport,MAR-773,Downtown Dubai,Mohammed Bin Rashid Blvd,,Override dispatch — pull from rotation,no
TRG001092,2026-05-01T07:30:55,signal,No Signal,low,investigation,ETMP,Taxi,Adel Al Nuaimi,AN,Metro Taxi,DXB-L-89662,Al Rashidiya,Rashidiya Metro Rd,,Auto-resolve when signal restored,no
TRG000091,2026-05-01T06:57:14,idling,Idling,low,open,ETMP,Taxi,Hassan Al Falasi,HF,Cars Taxi,DXB-M-29786,Dubai Investment Park,DIP First Road,,Flag for daily review,no
TRG001055,2026-05-01T06:10:06,signal,No Signal,medium,open,MNVR,Limousine & E-Hail,Fadi Al Maktoum,FM,Hala Rides,DXB-G-37738,Business Bay,Al Abraj Street,,Re-establish GPS handshake,no
TRG001740,2026-05-01T03:53:57,distraction,Driver Distraction,high,closed,MNVR,Taxi,Sultan Al Shamsi,SS,Dubai Taxi Corporation,DXB-K-87670,Al Qusais,Al Nahda Road,,Issue formal warning — 2nd offense,no
TRG002236,2026-05-01T03:34:22,harsh,Harsh Driving,medium,fined,DS/Teams,Hourly Rental,Karim Al Naqbi,KN,Al Naboodah Transport,DXB-F-67745,Al Barsha,Sheikh Zayed Road,67,Send to Stafteesh for fine assessment,no
TRG002576,2026-05-01T01:52:54,distraction,Driver Distraction,medium,stafteesh,MNVR,Taxi,Bilal Al Owais,BO,Metro Taxi,DXB-N-95185,Dubai Marina,Al Marsa Street,,Schedule supervisor review,no
TRG002403,2026-05-01T01:11:00,harsh,Harsh Driving,high,open,MNVR,Public Bus,Khalid Al Maktoum,KM,Emirates Transport,DXB-B-9399,Dubai Sports City,Els Club Rd,91,Send to Stafteesh for fine assessment,no
TRG001068,2026-05-01T00:50:39,idling,Idling,low,investigation,DS/Teams,Hourly Rental,Mahmoud Al Nuaimi,MN,Al Naboodah Transport,DXB-N-64240,Jumeirah,Jumeirah Beach Road,,Flag for daily review,no
TRG001473,2026-04-30T21:57:18,idling,Idling,medium,open,MNVR,Taxi,Sultan Al Hashimi,SH,Metro Taxi,DXB-O-45958,Al Qusais,Damascus Street,,Send efficiency reminder to driver,no
TRG001616,2026-04-30T21:32:04,fatigue,Driver Fatigue,medium,stafteesh,MNVR,Public Bus,Walid Al Suwaidi,WS,RTA Public Buses,DXB-B-6056,Al Barsha,Sheikh Zayed Road,,Route to nearest rest stop,no
TRG001349,2026-04-30T18:30:42,camera,Camera Disconnection,medium,acknowledged,ETMP,Taxi,Omar Al Hammadi,OH,Metro Taxi,DXB-F-64818,Jumeirah,Al Wasl Road,,Dispatch field tech — recurring issue,no
TRG000972,2026-04-30T17:39:36,camera,Camera Disconnection,medium,open,MNVR,Taxi,Salim Al Naqbi,SN,Dubai Taxi Corporation,DXB-K-41937,Deira,Al Maktoum Road,,Dispatch field tech — recurring issue,no
TRG001231,2026-04-30T16:48:37,harsh,Harsh Driving,high,closed,DS/Teams,Limousine & E-Hail,Ahmed Al Hammadi,AH,Yango Premium,DXB-L-17016,Al Barsha,Al Barsha Road,101,Issue coaching alert to driver,no
TRG002396,2026-04-30T16:46:49,signal,No Signal,high,open,ETMP,Limousine & E-Hail,Sultan Al Hashimi,SH,Yango Premium,DXB-F-99703,JBR,The Beach Promenade,,Dispatch tech if persistent >15min,no
TRG002116,2026-04-30T16:37:37,idling,Idling,low,open,DS/Teams,Public Bus,Mohammed Al Marri,MM,Emirates Transport,DXB-B-7876,Jebel Ali,Sheikh Zayed Road,,Acknowledge — within tolerance,no
TRG002763,2026-04-30T16:32:56,camera,Camera Disconnection,high,stafteesh,ETMP,Limousine & E-Hail,Rashid Al Zaabi,RZ,Genie Limousine,DXB-F-91179,Jebel Ali,Jebel Ali Free Zone,,Run firmware reset remotely,no
TRG001931,2026-04-30T13:04:40,harsh,Harsh Driving,low,open,MNVR,Taxi,Mohammed Al Hashimi,MH,Arabia Taxi,DXB-R-91135,Business Bay,Bay Avenue,47,Log for end-of-shift review,no
TRG002129,2026-04-30T12:19:59,signal,No Signal,low,open,DS/Teams,Taxi,Mahmoud Al Maktoum,MM,Citi Taxi,DXB-F-55569,Jebel Ali,Ibn Battuta Road,,Acknowledge — temporary blackout zone,no
TRG001530,2026-04-30T11:50:01,camera,Camera Disconnection,high,closed,MNVR,Hourly Rental,Yousef Al Qassimi,YQ,Careem,DXB-E-61918,Jumeirah,Jumeirah Beach Road,,Run firmware reset remotely,no
TRG002558,2026-04-30T11:29:29,idling,Idling,low,closed,MNVR,Limousine & E-Hail,Tariq Al Marri,TM,Yango Premium,DXB-Q-34764,Deira,Baniyas Square,,Flag for daily review,no
TRG001581,2026-04-30T09:05:56,distraction,Driver Distraction,medium,stafteesh,DS/Teams,Limousine & E-Hail,Fadi Al Hammadi,FH,Yango Premium,DXB-D-33933,Al Quoz,Al Khail Road,,"Acknowledge — minor, log only",no
TRG000453,2026-04-30T07:59:01,distraction,Driver Distraction,medium,open,MNVR,Public Bus,Adel Al Qassimi,AQ,Emirates Transport,DXB-B-6613,Al Qusais,Damascus Street,,Schedule supervisor review,no
TRG001725,2026-04-30T05:54:00,fatigue,Driver Fatigue,low,closed,DS/Teams,Taxi,Khalid Al Suwaidi,KS,Cars Taxi,DXB-D-43030,Jumeirah,Al Wasl Road,,Route to nearest rest stop,no
TRG000884,2026-04-30T05:18:21,signal,No Signal,medium,stafteesh,MNVR,Limousine & E-Hail,Salim Al Marri,SM,Genie Limousine,DXB-P-28673,Jumeirah,Umm Suqeim Road,,Re-establish GPS handshake,no
TRG001257,2026-04-30T05:14:12,idling,Idling,low,acknowledged,MNVR,Public Bus,Mahmoud Al Zaabi,MZ,Emirates Transport,DXB-B-3167,Downtown Dubai,Mohammed Bin Rashid Blvd,,Acknowledge — within tolerance,no
TRG002481,2026-04-30T05:04:39,fatigue,Driver Fatigue,medium,open,MNVR,Public Bus,Yousef Al Zaabi,YZ,Emirates Transport,DXB-B-2792,Al Barsha,Al Barsha Road,,Confirm with supervisor & monitor,no
TRG001790,2026-04-30T04:33:02,fatigue,Driver Fatigue,high,open,DS/Teams,School Bus,Mahmoud Al Shamsi,MS,School Transport Services,DXB-S-6166,Dubai Marina,Marina Walk,,Confirm with supervisor & monitor,no
TRG000546,2026-04-30T03:34:54,harsh,Harsh Driving,medium,closed,MNVR,Limousine & E-Hail,Mahmoud Al Mazrouei,MM,Yango Premium,DXB-Q-12245,Al Barsha,Sheikh Zayed Road,72,Issue coaching alert to driver,no
TRG000160,2026-04-30T02:20:24,signal,No Signal,low,open,MNVR,Taxi,Walid Al Marri,WM,Arabia Taxi,DXB-A-96384,Al Quoz,Al Meydan Road,,Auto-resolve when signal restored,no
TRG001618,2026-04-30T01:08:46,harsh,Harsh Driving,low,acknowledged,MNVR,Taxi,Walid Al Mansouri,WM,Arabia Taxi,DXB-I-85158,Jebel Ali,Sheikh Zayed Road,63,Escalate to safety review board,no
TRG002151,2026-04-29T21:54:38,distraction,Driver Distraction,high,closed,DS/Teams,Limousine & E-Hail,Bilal Al Maktoum,BM,Yango Premium,DXB-H-82350,Al Quoz,Al Asayel Street,,"Acknowledge — minor, log only",no
TRG001794,2026-04-29T19:51:47,fatigue,Driver Fatigue,high,acknowledged,ETMP,Limousine & E-Hail,Ahmed Al Marri,AM,Hala Rides,DXB-S-77584,Downtown Dubai,Financial Center Rd,,Route to nearest rest stop,no
TRG000174,2026-04-29T19:45:32,fatigue,Driver Fatigue,high,fined,DS/Teams,Public Bus,Mohammed Al Mazrouei,MM,RTA Public Buses,DXB-B-7206,Dubai Marina,Sheikh Zayed Rd Junction,,Override dispatch — pull from rotation,yes
TRG000014,2026-04-29T17:59:43,fatigue,Driver Fatigue,high,stafteesh,MNVR,Hourly Rental,Bilal Al Mansouri,BM,Al Naboodah Transport,DXB-D-39733,Al Qusais,Beirut Street,,Confirm with supervisor & monitor,no
TRG002742,2026-04-29T15:22:44,idling,Idling,low,escalated,MNVR,Marine,Hamad Al Awadhi,HA,Dubai Marine Transport,MAR-920,Downtown Dubai,Burj Khalifa Blvd,,Send efficiency reminder to driver,no
TRG001394,2026-04-29T15:20:11,distraction,Driver Distraction,medium,fined,MNVR,Public Bus,Marwan Al Mazrouei,MM,Emirates Transport,DXB-B-1065,Al Barsha,Sheikh Zayed Road,,Issue formal warning — 2nd offense,no
TRG002440,2026-04-29T15:15:52,fatigue,Driver Fatigue,medium,investigation,DS/Teams,Limousine & E-Hail,Rashid Al Nuaimi,RN,Careem,DXB-P-15097,Deira,Al Maktoum Road,,Instruct driver to take mandatory break,no
TRG000422,2026-04-29T15:03:27,distraction,Driver Distraction,medium,open,MNVR,Taxi,Sultan Al Zaabi,SZ,National Taxi,DXB-M-23515,JBR,The Beach Promenade,,Schedule supervisor review,no
TRG002614,2026-04-29T13:21:05,camera,Camera Disconnection,high,fined,MNVR,Public Bus,Yousef Al Hammadi,YH,Emirates Transport,DXB-B-4503,Jumeirah,Jumeirah Beach Road,,Dispatch field tech — recurring issue,no
TRG000124,2026-04-29T13:10:24,distraction,Driver Distraction,low,open,DS/Teams,Taxi,Omar Al Awadhi,OA,Dubai Taxi Corporation,DXB-C-69288,Mirdif,Tripoli Street,,Issue formal warning — 2nd offense,no
TRG000563,2026-04-29T10:42:44,signal,No Signal,low,investigation,DS/Teams,Limousine & E-Hail,Hamad Al Nuaimi,HN,Uber Fleet,DXB-P-30744,Dubai Marina,Sheikh Zayed Rd Junction,,Dispatch tech if persistent >15min,no
TRG000567,2026-04-29T09:48:47,fatigue,Driver Fatigue,high,open,ETMP,Taxi,Nasser Al Suwaidi,NS,National Taxi,DXB-E-55056,Jumeirah,Jumeirah Beach Road,,Override dispatch — pull from rotation,no
TRG002387,2026-04-29T09:21:31,camera,Camera Disconnection,high,acknowledged,MNVR,Public Bus,Saeed Al Suwaidi,SS,RTA Public Buses,DXB-B-6651,Dubai Marina,Sheikh Zayed Rd Junction,,Escalate to fleet maintenance,yes
TRG002042,2026-04-29T09:07:07,distraction,Driver Distraction,high,stafteesh,DS/Teams,Marine,Hamad Al Marri,HM,Dubai Marine Transport,MAR-345,Dubai Sports City,Sports City Boulevard,,Schedule supervisor review,no
TRG000761,2026-04-29T07:15:06,harsh,Harsh Driving,high,closed,DS/Teams,Taxi,Salim Al Mazrouei,SM,National Taxi,DXB-T-93428,Dubai Sports City,Els Club Rd,82,Issue coaching alert to driver,no
TRG001250,2026-04-29T03:04:10,harsh,Harsh Driving,medium,acknowledged,MNVR,Limousine & E-Hail,Adel Al Qassimi,AQ,Hala Rides,DXB-T-83024,JBR,Jumeirah Beach Residence,83,Issue coaching alert to driver,no
TRG001098,2026-04-29T02:28:57,signal,No Signal,low,investigation,DS/Teams,Taxi,Faisal Al Maktoum,FM,Arabia Taxi,DXB-G-50236,Silicon Oasis,Dubai Silicon Oasis Hub,,Dispatch tech if persistent >15min,no
TRG001359,2026-04-29T01:18:00,idling,Idling,low,stafteesh,MNVR,Taxi,Omar Al Suwaidi,OS,Cars Taxi,DXB-T-67154,Al Rashidiya,Airport Road,,Send efficiency reminder to driver,no
TRG000148,2026-04-28T22:10:12,idling,Idling,medium,closed,DS/Teams,Hourly Rental,Ayman Al Mazrouei,AM,Careem,DXB-J-77057,Dubai Sports City,Sports City Boulevard,,Flag for daily review,no
TRG002734,2026-04-28T22:04:25,distraction,Driver Distraction,high,open,ETMP,Public Bus,Saeed Al Shamsi,SS,Emirates Transport,DXB-B-2087,Dubai Marina,King Salman Bin Abdulaziz Al Saud St,,Send live coaching prompt to driver,no
TRG001877,2026-04-28T16:30:32,distraction,Driver Distraction,high,closed,MNVR,Public Bus,Walid Al Maktoum,WM,Emirates Transport,DXB-B-9998,Business Bay,Marasi Drive,,Issue formal warning — 2nd offense,no
TRG000873,2026-04-28T15:37:15,distraction,Driver Distraction,medium,stafteesh,DS/Teams,Limousine & E-Hail,Ziad Al Maktoum,ZM,Yango Premium,DXB-I-45256,Dubai Marina,Marina Walk,,Send live coaching prompt to driver,no
TRG001472,2026-04-28T15:33:42,idling,Idling,low,acknowledged,ETMP,Marine,Hassan Al Owais,HO,Dubai Marine Transport,MAR-832,Dubai Sports City,Els Club Rd,,Flag for daily review,no
TRG000081,2026-04-28T13:30:26,distraction,Driver Distraction,high,closed,MNVR,Taxi,Ayman Al Zaabi,AZ,Arabia Taxi,DXB-Q-10836,Jumeirah,Al Wasl Road,,Send live coaching prompt to driver,no
TRG002101,2026-04-28T12:07:12,camera,Camera Disconnection,medium,investigation,DS/Teams,Taxi,Yousef Al Shamsi,YS,National Taxi,DXB-S-47855,Business Bay,Marasi Drive,,Dispatch field tech — recurring issue,no
TRG002584,2026-04-28T10:56:22,harsh,Harsh Driving,high,acknowledged,ETMP,Limousine & E-Hail,Walid Al Owais,WO,Careem,DXB-L-32707,Downtown Dubai,Sheikh Mohammed Bin Rashid Blvd,139,Issue coaching alert to driver,no
TRG001969,2026-04-28T08:40:33,harsh,Harsh Driving,high,closed,DS/Teams,Taxi,Ziad Al Hammadi,ZH,Metro Taxi,DXB-C-96759,Downtown Dubai,Financial Center Rd,133,Log for end-of-shift review,no
TRG001840,2026-04-28T08:12:31,camera,Camera Disconnection,low,escalated,DS/Teams,Taxi,Omar Al Zaabi,OZ,Arabia Taxi,DXB-J-24371,Al Qusais,Beirut Street,,Run firmware reset remotely,no
TRG001259,2026-04-28T07:09:34,distraction,Driver Distraction,low,acknowledged,MNVR,Taxi,Hamad Al Qassimi,HQ,Dubai Taxi Corporation,DXB-M-47934,Business Bay,Marasi Drive,,"Acknowledge — minor, log only",no
TRG001101,2026-04-28T06:25:49,distraction,Driver Distraction,low,closed,MNVR,Taxi,Faisal Al Hammadi,FH,Citi Taxi,DXB-H-25296,Al Rashidiya,Airport Road,,Send live coaching prompt to driver,no
TRG001000,2026-04-28T05:06:15,fatigue,Driver Fatigue,high,open,MNVR,Taxi,Marwan Al Hashimi,MH,Metro Taxi,DXB-K-87510,Deira,Baniyas Square,,Override dispatch — pull from rotation,no
TRG002340,2026-04-28T04:32:12,camera,Camera Disconnection,high,investigation,ETMP,Taxi,Mansour Al Awadhi,MA,Metro Taxi,DXB-N-73372,Mirdif,Algeria Street,,Dispatch field tech — recurring issue,no
TRG002710,2026-04-28T03:42:19,idling,Idling,low,closed,DS/Teams,Taxi,Ziad Al Mansouri,ZM,Cars Taxi,DXB-H-66443,Dubai Marina,Marina Walk,,Auto-close — under 5min,no
TRG001260,2026-04-27T23:02:34,distraction,Driver Distraction,high,stafteesh,MNVR,Marine,Tariq Al Zaabi,TZ,Dubai Marine Transport,MAR-591,Downtown Dubai,Mohammed Bin Rashid Blvd,,Send live coaching prompt to driver,no
TRG001240,2026-04-27T22:57:09,camera,Camera Disconnection,low,acknowledged,MNVR,Limousine & E-Hail,Sultan Al Mansouri,SM,Yango Premium,DXB-A-10496,Dubai Sports City,Els Club Rd,,Dispatch field tech — recurring issue,no
TRG001928,2026-04-27T20:50:40,camera,Camera Disconnection,high,escalated,MNVR,Marine,Mahmoud Al Zaabi,MZ,Dubai Marine Transport,MAR-104,Silicon Oasis,Sheikh Mohammed Bin Zayed Rd,,Escalate to fleet maintenance,no
TRG000206,2026-04-27T19:38:58,harsh,Harsh Driving,high,acknowledged,MNVR,Marine,Mansour Al Suwaidi,MS,Dubai Marine Transport,MAR-344,Dubai Marina,Sheikh Zayed Rd Junction,118,Log for end-of-shift review,no
TRG001383,2026-04-27T18:25:53,harsh,Harsh Driving,medium,investigation,ETMP,Taxi,Bilal Al Zaabi,BZ,Dubai Taxi Corporation,DXB-M-63606,Al Rashidiya,Airport Road,80,Log for end-of-shift review,no
TRG001527,2026-04-27T17:00:41,idling,Idling,high,closed,MNVR,Taxi,Hamad Al Awadhi,HA,National Taxi,DXB-C-30822,Al Quoz,Al Meydan Road,,Send efficiency reminder to driver,no
TRG002622,2026-04-27T16:58:31,harsh,Harsh Driving,low,acknowledged,DS/Teams,Hourly Rental,Nasser Al Mazrouei,NM,Hala Rides,DXB-G-66641,Mirdif,Tripoli Street,69,Send to Stafteesh for fine assessment,no
TRG000476,2026-04-27T16:55:35,signal,No Signal,low,investigation,MNVR,Taxi,Omar Al Owais,OO,Dubai Taxi Corporation,DXB-S-56306,Mirdif,Mirdif City Centre Rd,,Dispatch tech if persistent >15min,no
TRG000775,2026-04-27T14:37:26,idling,Idling,low,open,ETMP,Limousine & E-Hail,Faisal Al Falasi,FF,Yango Premium,DXB-O-66521,Jumeirah,Jumeirah Beach Road,,Send efficiency reminder to driver,no
TRG002650,2026-04-27T12:58:27,camera,Camera Disconnection,low,investigation,DS/Teams,Limousine & E-Hail,Omar Al Suwaidi,OS,Genie Limousine,DXB-K-40515,Dubai Investment Park,DIP First Road,,Dispatch field tech — recurring issue,no
TRG001437,2026-04-27T11:29:58,harsh,Harsh Driving,high,closed,DS/Teams,Taxi,Mansour Al Hashimi,MH,National Taxi,DXB-I-67159,Jebel Ali,Jebel Ali Free Zone,115,Issue coaching alert to driver,yes
TRG001547,2026-04-27T09:13:41,harsh,Harsh Driving,high,acknowledged,DS/Teams,Public Bus,Omar Al Hashimi,OH,RTA Public Buses,DXB-B-4756,Downtown Dubai,Financial Center Rd,100,Escalate to safety review board,no
TRG000619,2026-04-27T09:09:56,idling,Idling,low,acknowledged,DS/Teams,School Bus,Bilal Al Awadhi,BA,School Transport Services,DXB-S-8350,Al Rashidiya,Airport Road,,Auto-close — under 5min,no
TRG000866,2026-04-27T08:23:15,camera,Camera Disconnection,medium,closed,DS/Teams,Public Bus,Faisal Al Zaabi,FZ,RTA Public Buses,DXB-B-4296,Dubai Marina,Al Marsa Street,,Verify cable connection at next stop,no
TRG000315,2026-04-27T07:32:33,camera,Camera Disconnection,high,open,ETMP,Taxi,Ziad Al Falasi,ZF,Metro Taxi,DXB-S-14572,Business Bay,Business Bay Crossing,,Run firmware reset remotely,no
TRG002577,2026-04-27T07:10:38,camera,Camera Disconnection,high,investigation,DS/Teams,Taxi,Adel Al Owais,AO,Dubai Taxi Corporation,DXB-I-13610,Al Quoz,Al Meydan Road,,Verify cable connection at next stop,no
TRG001197,2026-04-27T07:00:46,fatigue,Driver Fatigue,medium,open,ETMP,Hourly Rental,Ahmed Al Zaabi,AZ,Careem,DXB-J-72846,Dubai Marina,Marina Walk,,Confirm with supervisor & monitor,no
TRG000342,2026-04-27T05:57:20,fatigue,Driver Fatigue,low,investigation,MNVR,Public Bus,Hassan Al Owais,HO,RTA Public Buses,DXB-B-7024,Dubai Sports City,Sports City Boulevard,,Confirm with supervisor & monitor,no
TRG001687,2026-04-27T05:06:41,harsh,Harsh Driving,high,open,DS/Teams,Hourly Rental,Ahmed Al Nuaimi,AN,Al Naboodah Transport,DXB-S-48848,Business Bay,Al Abraj Street,126,Issue coaching alert to driver,no
TRG000951,2026-04-27T04:35:09,fatigue,Driver Fatigue,high,acknowledged,ETMP,Public Bus,Sultan Al Awadhi,SA,Emirates Transport,DXB-B-8689,Dubai Marina,Al Marsa Street,,Confirm with supervisor & monitor,no
TRG001326,2026-04-27T02:53:54,fatigue,Driver Fatigue,high,open,MNVR,Limousine & E-Hail,Faisal Al Owais,FO,Uber Fleet,DXB-G-51459,Deira,Al Maktoum Road,,Confirm with supervisor & monitor,yes
TRG002682,2026-04-27T02:18:32,fatigue,Driver Fatigue,high,acknowledged,DS/Teams,Marine,Hamad Al Mazrouei,HM,Dubai Marine Transport,MAR-841,Al Barsha,Al Barsha Road,,Override dispatch — pull from rotation,no
TRG001249,2026-04-27T01:00:59,camera,Camera Disconnection,medium,closed,DS/Teams,School Bus,Mahmoud Al Suwaidi,MS,School Transport Services,DXB-S-9198,Jumeirah,Al Wasl Road,,Dispatch field tech — recurring issue,no
TRG002629,2026-04-26T22:30:56,fatigue,Driver Fatigue,high,stafteesh,MNVR,Public Bus,Ahmed Al Owais,AO,Emirates Transport,DXB-B-3474,JBR,The Beach Promenade,,Confirm with supervisor & monitor,no
TRG002543,2026-04-26T19:14:45,signal,No Signal,medium,investigation,MNVR,Taxi,Mohammed Al Shamsi,MS,Arabia Taxi,DXB-A-84469,Al Qusais,Beirut Street,,Re-establish GPS handshake,yes
TRG000539,2026-04-26T19:05:39,distraction,Driver Distraction,medium,open,ETMP,Public Bus,Tariq Al Qassimi,TQ,Emirates Transport,DXB-B-6800,Al Quoz,Al Asayel Street,,"Acknowledge — minor, log only",no
TRG001001,2026-04-26T18:32:07,signal,No Signal,medium,closed,MNVR,Taxi,Adel Al Zaabi,AZ,National Taxi,DXB-S-18672,Silicon Oasis,Wadi Al Safa St,,Acknowledge — temporary blackout zone,no
TRG000258,2026-04-26T18:19:42,harsh,Harsh Driving,medium,open,MNVR,Taxi,Mahmoud Al Shamsi,MS,Citi Taxi,DXB-L-92257,Silicon Oasis,Wadi Al Safa St,65,Log for end-of-shift review,no
TRG000901,2026-04-26T16:33:48,fatigue,Driver Fatigue,high,investigation,DS/Teams,Taxi,Rashid Al Mazrouei,RM,National Taxi,DXB-B-58144,Jumeirah,Al Wasl Road,,Route to nearest rest stop,no
TRG002056,2026-04-26T16:03:18,idling,Idling,low,acknowledged,ETMP,Hourly Rental,Omar Al Qassimi,OQ,Al Naboodah Transport,DXB-K-82302,Dubai Investment Park,Green Community,,Acknowledge — within tolerance,no
TRG000677,2026-04-26T15:37:54,distraction,Driver Distraction,high,acknowledged,DS/Teams,Public Bus,Ziad Al Shamsi,ZS,Emirates Transport,DXB-B-4918,Dubai Sports City,Hessa Street,,Send live coaching prompt to driver,no
TRG002197,2026-04-26T15:31:38,distraction,Driver Distraction,high,stafteesh,ETMP,Limousine & E-Hail,Faisal Al Hashimi,FH,Uber Fleet,DXB-O-46407,Al Qusais,Damascus Street,,"Acknowledge — minor, log only",no
TRG002436,2026-04-26T14:06:42,camera,Camera Disconnection,high,investigation,ETMP,Taxi,Saeed Al Marri,SM,Citi Taxi,DXB-C-32493,Dubai Sports City,Sports City Boulevard,,Dispatch field tech — recurring issue,no
TRG000639,2026-04-26T12:28:56,fatigue,Driver Fatigue,medium,escalated,DS/Teams,Taxi,Faisal Al Falasi,FF,Arabia Taxi,DXB-C-50096,Al Qusais,Damascus Street,,Instruct driver to take mandatory break,no
TRG001718,2026-04-26T12:14:27,fatigue,Driver Fatigue,low,open,MNVR,Public Bus,Rashid Al Mansouri,RM,Emirates Transport,DXB-B-5297,Dubai Marina,Marina Walk,,Instruct driver to take mandatory break,no
TRG000380,2026-04-26T10:55:04,distraction,Driver Distraction,medium,acknowledged,MNVR,Marine,Ayman Al Qassimi,AQ,Dubai Marine Transport,MAR-684,Business Bay,Al Abraj Street,,Send live coaching prompt to driver,no
TRG000136,2026-04-26T10:23:11,distraction,Driver Distraction,medium,stafteesh,MNVR,Public Bus,Faisal Al Hashimi,FH,RTA Public Buses,DXB-B-3284,Downtown Dubai,Mohammed Bin Rashid Blvd,,"Acknowledge — minor, log only",no
TRG002303,2026-04-26T10:17:38,fatigue,Driver Fatigue,high,open,MNVR,Limousine & E-Hail,Walid Al Mazrouei,WM,Genie Limousine,DXB-P-60341,Deira,Al Rigga Road,,Override dispatch — pull from rotation,no
TRG001448,2026-04-26T10:03:38,distraction,Driver Distraction,high,closed,DS/Teams,Marine,Walid Al Tayer,WT,Dubai Marine Transport,MAR-755,Dubai Marina,Marina Walk,,Issue formal warning — 2nd offense,yes
TRG002304,2026-04-26T06:13:49,fatigue,Driver Fatigue,medium,investigation,MNVR,Limousine & E-Hail,Mahmoud Al Hammadi,MH,Yango Premium,DXB-T-18292,Deira,Baniyas Square,,Instruct driver to take mandatory break,no
TRG001489,2026-04-26T05:31:52,camera,Camera Disconnection,low,investigation,DS/Teams,Taxi,Saeed Al Naqbi,SN,Arabia Taxi,DXB-H-30116,Jebel Ali,Sheikh Zayed Road,,Run firmware reset remotely,no
TRG002607,2026-04-26T04:44:02,signal,No Signal,medium,closed,MNVR,Taxi,Fadi Al Qassimi,FQ,Metro Taxi,DXB-K-57616,Jumeirah,Al Wasl Road,,Auto-resolve when signal restored,no
TRG000199,2026-04-26T04:31:32,idling,Idling,medium,open,MNVR,Public Bus,Yousef Al Naqbi,YN,Emirates Transport,DXB-B-5889,Deira,Baniyas Square,,Auto-close — under 5min,no
TRG000440,2026-04-25T23:42:52,idling,Idling,low,open,MNVR,Taxi,Fadi Al Mansouri,FM,Arabia Taxi,DXB-K-62164,Jumeirah,Al Wasl Road,,Flag for daily review,no
TRG000436,2026-04-25T22:09:17,camera,Camera Disconnection,high,acknowledged,MNVR,Public Bus,Mahmoud Al Tayer,MT,Emirates Transport,DXB-B-1222,Jebel Ali,Sheikh Zayed Road,,Escalate to fleet maintenance,no
TRG002002,2026-04-25T20:53:12,fatigue,Driver Fatigue,low,closed,MNVR,Taxi,Fadi Al Shamsi,FS,Metro Taxi,DXB-I-85978,Al Barsha,Sheikh Zayed Road,,Override dispatch — pull from rotation,no
TRG001726,2026-04-25T20:51:04,harsh,Harsh Driving,medium,closed,ETMP,Limousine & E-Hail,Marwan Al Zaabi,MZ,Genie Limousine,DXB-Q-45385,Downtown Dubai,Mohammed Bin Rashid Blvd,85,Log for end-of-shift review,no
TRG001654,2026-04-25T16:14:24,distraction,Driver Distraction,high,escalated,ETMP,Public Bus,Rashid Al Mansouri,RM,RTA Public Buses,DXB-B-4622,Downtown Dubai,Financial Center Rd,,"Acknowledge — minor, log only",no
TRG002596,2026-04-25T15:49:25,signal,No Signal,high,closed,DS/Teams,School Bus,Mansour Al Naqbi,MN,Emirates Transport,DXB-S-8492,Silicon Oasis,Wadi Al Safa St,,Auto-resolve when signal restored,no
TRG001445,2026-04-25T15:24:33,fatigue,Driver Fatigue,high,closed,ETMP,Hourly Rental,Adel Al Suwaidi,AS,Al Naboodah Transport,DXB-O-18495,Al Rashidiya,Nadd Al Hamar Rd,,Override dispatch — pull from rotation,no
TRG000549,2026-04-25T15:21:15,signal,No Signal,medium,closed,DS/Teams,Hourly Rental,Ibrahim Al Tayer,IT,Hala Rides,DXB-R-91418,Al Rashidiya,Rashidiya Metro Rd,,Acknowledge — temporary blackout zone,yes
TRG000532,2026-04-25T14:33:12,distraction,Driver Distraction,medium,open,MNVR,Taxi,Karim Al Qassimi,KQ,National Taxi,DXB-I-16903,Al Barsha,Mall of the Emirates,,Schedule supervisor review,no
TRG001646,2026-04-25T13:03:08,camera,Camera Disconnection,high,open,MNVR,Taxi,Faisal Al Naqbi,FN,Cars Taxi,DXB-S-71833,Dubai Investment Park,DIP First Road,,Escalate to fleet maintenance,no
TRG002455,2026-04-25T10:14:22,signal,No Signal,low,acknowledged,MNVR,Hourly Rental,Mansour Al Qassimi,MQ,Al Naboodah Transport,DXB-H-94088,Al Quoz,Al Khail Road,,Auto-resolve when signal restored,no
TRG002424,2026-04-25T08:50:23,camera,Camera Disconnection,high,investigation,DS/Teams,Taxi,Karim Al Suwaidi,KS,Metro Taxi,DXB-I-67232,JBR,The Beach Promenade,,Verify cable connection at next stop,no
TRG000650,2026-04-25T06:43:37,signal,No Signal,medium,acknowledged,DS/Teams,Public Bus,Ziad Al Mazrouei,ZM,RTA Public Buses,DXB-B-5005,Silicon Oasis,Wadi Al Safa St,,Acknowledge — temporary blackout zone,no
TRG001879,2026-04-25T05:09:03,harsh,Harsh Driving,low,closed,MNVR,Hourly Rental,Mahmoud Al Hammadi,MH,Al Naboodah Transport,DXB-Q-28896,Al Barsha,Al Barsha Road,46,Escalate to safety review board,no
TRG000335,2026-04-25T04:20:24,fatigue,Driver Fatigue,medium,open,MNVR,Taxi,Adel Al Naqbi,AN,Metro Taxi,DXB-A-21438,JBR,The Beach Promenade,,Route to nearest rest stop,no
TRG002178,2026-04-25T03:43:15,idling,Idling,low,acknowledged,MNVR,Taxi,Mohammed Al Marri,MM,National Taxi,DXB-C-57486,Downtown Dubai,Financial Center Rd,,Auto-close — under 5min,no
TRG000542,2026-04-25T03:12:35,camera,Camera Disconnection,medium,open,ETMP,Taxi,Hassan Al Naqbi,HN,Dubai Taxi Corporation,DXB-E-35159,Dubai Marina,Sheikh Zayed Rd Junction,,Escalate to fleet maintenance,no
TRG002714,2026-04-25T02:48:23,fatigue,Driver Fatigue,medium,open,ETMP,Taxi,Saeed Al Maktoum,SM,Dubai Taxi Corporation,DXB-E-63362,Al Quoz,Al Asayel Street,,Override dispatch — pull from rotation,no
TRG000932,2026-04-25T01:13:26,fatigue,Driver Fatigue,high,acknowledged,DS/Teams,Limousine & E-Hail,Saeed Al Mazrouei,SM,Genie Limousine,DXB-C-50816,Downtown Dubai,Burj Khalifa Blvd,,Override dispatch — pull from rotation,no
TRG000226,2026-04-25T00:16:31,signal,No Signal,medium,acknowledged,MNVR,Limousine & E-Hail,Faisal Al Zaabi,FZ,Uber Fleet,DXB-J-88351,Al Barsha,Sheikh Zayed Road,,Re-establish GPS handshake,no
TRG000991,2026-04-24T22:32:03,distraction,Driver Distraction,low,closed,MNVR,Public Bus,Mansour Al Maktoum,MM,RTA Public Buses,DXB-B-3442,Jebel Ali,Jebel Ali Free Zone,,"Acknowledge — minor, log only",no
